sale_id,date,client_id,city,zip_code,product_id,meters,total_amount,status
VK94115,2018-03-01,CL00102,Реутов,176556,P0015,0.5,137.5,Отказ
VK74213,2018-03-01,CL01028,Подольск,174162,P0108,5.0,1875.0,Завершен
VK87371,2018-03-01,CL00585,Подольск,122216,P0092,2.5,937.5,Завершен
VK38930,2018-03-01,CL00034,Москва,110500,P0089,1.5,562.5,Отказ
VK11715,2018-03-01,CL00946,Реутов,163298,P0047,2.5,687.5,Завершен
VK20480,2018-03-01,CL01097,Красногорск,123394,P0061,1.0,375.0,Завершен
VK17956,2018-03-01,CL00583,Красногорск,101617,P0051,2.0,750.0,Завершен
VK64519,2018-03-01,CL00524,Реутов,141777,P0058,1.5,562.5,Завершен
VK17641,2018-03-01,CL00124,Мытищи,144725,P0032,5.0,1375.0,Завершен
VK79339,2018-03-01,CL00836,Подольск,168719,P0012,5.0,1375.0,Завершен
VK49833,2018-03-01,CL00138,Химки,176225,P0084,0.5,187.5,Завершен
VK78089,2018-03-01,CL00662,Мытищи,152129,P0078,0.5,187.5,Завершен
VK62632,2018-03-02,CL00245,Москва,131925,P0042,5.0,1375.0,Завершен
VK30732,2018-03-02,CL00611,Красногорск,163277,P0037,2.5,687.5,Завершен
VK68066,2018-03-02,CL00899,Москва,127222,P0113,2.5,937.5,Завершен
VK82100,2018-03-02,CL00565,Люберцы,109744,P0116,1.5,562.5,Завершен
VK64046,2018-03-02,CL00488,Люберцы,190802,P0080,1.5,562.5,Завершен
VK52395,2018-03-02,CL00639,Реутов,154477,P0119,5.0,1875.0,Завершен
VK81516,2018-03-02,CL01169,Мытищи,119148,P0086,2.5,937.5,Завершен
VK82120,2018-03-02,CL00616,Красногорск,abcde,P0044,1.0,275.0,Завершен
VK69297,2018-03-02,CL00787,Королёв,127483,P0022,3.0,825.0,Завершен
VK10025,2018-03-02,CL00664,Красногорск,144270,P0082,2.0,750.0,Завершен
VK14946,2018-03-03,CL00635,Подольск,118388,P0053,2.5,937.5,Завершен
VK28141,2018-03-03,CL00577,Мытищи,120214,P0046,2.0,550.0,Завершен
VK86304,2018-03-03,CL00198,Мытищи,157711,P0052,1.5,562.5,Завершен
VK49361,2018-03-03,CL00832,Красногорск,154627,P0046,1.0,275.0,Завершен
VK84588,2018-03-03,CL00176,Москва,141224,P0092,0.5,187.5,Завершен
VK52558,2018-03-03,CL00452,Реутов,180147,P0043,1.0,275.0,Завершен
VK73999,2018-03-03,CL00662,Мытищи,152129,P0005,5.0,1375.0,Завершен
VK85527,2018-03-03,CL01106,Люберцы,166995,P0006,5.0,1375.0,Завершен
VK88018,2018-03-03,CL01108,Москва,155466,P0083,5.0,1875.0,Завершен
VK15397,2018-03-04,CL00717,Мытищи,106903,P0090,0.5,-187.5,Завершен
VK29605,2018-03-04,CL01175,Химки,189318,P0054,1.5,562.5,Завершен
VK38940,2018-03-04,CL00561,Москва,192123,P0047,1.5,412.5,Завершен
VK61495,2018-03-04,CL00885,Королёв,124697,P0078,1.0,375.0,Отказ
VK85399,2018-03-04,CL00092,Подольск,187500,P0010,2.0,550.0,Завершен
VK66614,2018-03-04,CL00611,Красногорск,163277,P0006,2.5,687.5,Отказ
VK29400,2018-03-04,CL00196,Реутов,185461,XXX999,1.5,562.5,Завершен
VK72371,2018-03-04,CL00365,Подольск,189742,P0021,1.0,275.0,Завершен
VK81847,2018-03-04,CL00699,Люберцы,110357,P0113,2.5,937.5,Завершен
VK62235,2018-03-04,CL01034,Люберцы,134513,P0109,2.0,750.0,Завершен
VK27088,2018-03-04,CL00605,Москва,147124,P0090,2.5,-937.5,Завершен
VK83308,2018-03-04,CL00461,Люберцы,188686,P0108,5.0,1875.0,Завершен
VK95491,2018-03-04,CL00429,Москва,151543,P0030,1.0,275.0,Завершен
VK34967,2018-03-05,CL00420,Химки,118830,P0114,2.0,750.0,Завершен
VK95905,2018-03-05,CL00506,Москва,123590,P0117,1.5,562.5,Завершен
VK32184,2018-03-05,CL00797,Реутов,113272,P0019,0.5,137.5,Завершен
VK67961,2018-03-05,CL00201,Реутов,143065,P0053,1.5,562.5,Завершен
VK15882,2018-03-05,CL00136,Королёв,164332,XXX999,2.5,937.5,Завершен
VK99831,2018-03-05,CL00522,Реутов,107989,P0103,5.0,1875.0,Завершен
VK96556,2018-03-06,CL00950,Люберцы,144939,XXX999,0.5,187.5,Отказ
VK96520,2018-03-06,CL00771,Москва,128679,P0076,1.5,562.5,Завершен
VK12500,2018-03-06,CL00798,Химки,153645,P0096,1.5,562.5,Завершен
VK95119,2018-03-06,CL01081,Подольск,147151,P0117,1.5,562.5,Завершен
VK59899,2018-03-06,CL00786,Мытищи,187821,P0026,2.0,550.0,Завершен
VK23055,2018-03-06,CL00449,Подольск,131745,P0043,2.5,687.5,Завершен
VK88263,2018-03-06,CL00651,Москва,169767,P0010,1.5,412.5,Завершен
VK36066,2018-03-06,CL00821,Люберцы,101620,P0046,2.5,687.5,Отказ
VK83490,2018-03-06,CL00295,Реутов,192995,P0020,2.5,687.5,Завершен
VK60096,2018-03-07,CL00523,Реутов,106145,P0050,3.0,825.0,Завершен
VK90274,2018-03-07,CL00947,Подольск,116827,P0105,2.5,937.5,Завершен
VK39809,2018-03-07,CL00800,Реутов,abcde,P0071,5.0,1875.0,Завершен
VK30021,2018-03-07,CL00623,Реутов,192371,P0035,2.0,550.0,Завершен
VK89346,2018-03-07,CL01157,Реутов,110382,P0067,2.0,750.0,Завершен
VK27271,2018-03-07,CL00052,Красногорск,183507,P0115,1.5,562.5,Завершен
VK86156,2018-03-07,CL00137,Москва,abcde,P0092,1.0,375.0,Завершен
VK36517,2018-03-07,CL00227,Королёв,118449,P0105,2.5,937.5,Завершен
VK78656,2018-03-07,CL00375,Люберцы,195300,P0054,5.0,1875.0,Завершен
VK29025,2018-03-07,CL00471,Химки,137649,P0039,1.0,275.0,Завершен
VK30715,2018-03-07,CL00843,Люберцы,106507,P0061,3.0,-1125.0,Завершен
VK79856,2018-03-07,CL00629,Красногорск,160012,P0067,1.5,562.5,Отказ
VK51628,2018-03-07,CL00282,Люберцы,174395,P0049,3.0,825.0,Завершен
VK13864,2018-03-07,CL00736,Химки,176638,P0036,5.0,1375.0,Завершен
VK64269,2018-03-07,CL00375,Люберцы,abcde,P0046,5.0,1375.0,Завершен
VK93472,2018-03-07,CL00925,Королёв,109812,P0056,2.0,750.0,Завершен
VK20417,2018-03-08,CL01188,Красногорск,132859,P0049,3.0,825.0,Отказ
VK27575,2018-03-08,CL00422,Подольск,167499,P0050,3.0,825.0,Завершен
VK71441,2018-03-08,CL00844,Химки,184853,P0113,2.5,937.5,Завершен
VK34114,2018-03-08,CL01088,Люберцы,166353,P0028,3.0,825.0,Завершен
VK72108,2018-03-08,CL00544,Реутов,abcde,P0035,5.0,1375.0,Завершен
VK39658,2018-03-08,CL00785,Москава,141879,P0079,1.0,375.0,Завершен
VK11967,2018-03-08,CL00765,Химки,196607,P0047,0.5,137.5,Завершен
VK39170,2018-03-08,CL00095,Королёв,132406,P0036,1.5,412.5,Завершен
VK36585,2018-03-08,CL00038,Люберцы,193872,P0089,3.0,1125.0,Завершен
VK33209,2018-03-08,CL00557,Красногорск,152022,P0064,5.0,1875.0,Завершен
VK69886,2018-03-09,CL00099,Подольск,150205,P0100,2.5,937.5,Завершен
VK42207,2018-03-09,CL00573,Красногорск,135825,P0119,5.0,1875.0,Завершен
VK15144,2018-03-09,CL01180,Москава,136188,P0043,2.5,687.5,Завершен
VK92660,2018-03-09,CL00672,Москва,140043,P0102,2.5,937.5,Завершен
VK67613,2018-03-09,CL00350,Подольск,137601,P0079,0.5,187.5,Завершен
VK47475,2018-03-09,CL00323,Люберцы,186057,P0075,2.0,750.0,Завершен
VK48590,2018-03-09,CL00727,Люберцы,169443,P0006,2.0,-550.0,Завершен
VK77760,2018-03-09,CL00358,Москва,131531,P0059,2.5,937.5,Завершен
VK94685,2018-03-09,CL00202,Красногорск,199536,P0104,1.0,375.0,Завершен
VK75622,2018-03-09,CL00891,Москва,154627,P0102,2.0,750.0,Отказ
VK21952,2018-03-10,CL00480,Москава,194188,P0055,3.0,1125.0,Завершен
VK93109,2018-03-10,CL01101,Люберцы,126577,P0012,0.5,137.5,Завершен
VK60343,2018-03-10,CL01039,Королёв,110104,P0059,1.5,562.5,Отказ
VK77065,2018-03-10,CL00846,Москва,117342,P0045,3.0,825.0,Завершен
VK59634,2018-03-10,CL00792,Химки,109661,P0036,2.5,687.5,Завершен
VK63759,2018-03-11,CL00111,Химки,144236,P0108,3.0,1125.0,Завершен
VK88656,2018-03-11,CL01196,Химки,165214,P0103,2.0,-750.0,Отказ
VK81741,2018-03-11,CL00008,Подольск,172063,P0017,0.5,137.5,Завершен
VK83079,2018-03-11,CL00888,Мытищи,185267,P0109,1.5,562.5,Завершен
VK16411,2018-03-11,CL00807,Подольск,149996,P0045,5.0,1375.0,Завершен
VK95626,2018-03-11,CL00330,Красногорск,163736,P0005,1.0,275.0,Завершен
VK14250,2018-03-11,CL00312,Королёв,148331,P0006,1.5,-412.5,Отказ
VK89073,2018-03-11,CL00874,Подольск,120766,P0100,3.0,1125.0,Завершен
VK21495,2018-03-11,CL01059,Красногорск,197175,P0012,1.5,412.5,Завершен
VK33363,2018-03-11,CL00560,Мытищи,149436,P0073,0.5,187.5,Завершен
VK66010,2018-03-12,CL00891,Москва,154627,P0092,5.0,1875.0,Отказ
VK48382,2018-03-12,CL01121,Королёв,123148,P0108,5.0,1875.0,Завершен
VK45968,2018-03-12,CL00840,Мытищи,131711,P0085,2.0,750.0,Завершен
VK78766,2018-03-12,CL00557,Красногорск,152022,P0048,1.5,412.5,Завершен
VK90223,2018-03-12,CL00976,Подольск,166209,P0027,1.0,275.0,Завершен
VK92441,2018-03-12,CL00867,Королёв,165598,P0038,0.5,137.5,Завершен
VK73394,2018-03-12,CL00849,Королёв,161171,P0089,2.5,937.5,Завершен
VK47642,2018-03-12,CL00893,Подольск,189881,P0038,3.0,825.0,Завершен
VK51482,2018-03-12,CL00763,Москва,161824,P0062,2.0,750.0,Завершен
VK91689,2018-03-12,CL01017,Королёв,147020,P0028,1.5,412.5,Завершен
VK90516,2018-03-12,CL00515,Химки,113224,P0016,1.5,412.5,Завершен
VK92818,2018-03-12,CL00949,Реутов,179822,P0092,2.5,937.5,Завершен
VK33580,2018-03-12,CL00509,Красногорск,170419,P0061,2.0,750.0,Завершен
VK48074,2018-03-12,CL00531,Москва,188299,P0038,2.5,687.5,Завершен
VK13143,2018-03-12,CL00646,Люберцы,104224,P0020,1.0,275.0,Отказ
VK25456,2018-03-12,CL00492,Химки,117507,P0057,2.0,750.0,Завершен
VK90649,2018-03-12,CL00003,Мытищи,139117,P0025,3.0,825.0,Завершен
VK82088,2018-03-13,CL00428,Королёв,140441,P0002,1.5,412.5,Завершен
VK24920,2018-03-13,CL00641,Химки,136025,P0104,1.5,562.5,Завершен
VK61910,2018-03-13,CL00578,Подольск,141507,P0094,3.0,1125.0,Завершен
VK64257,2018-03-14,CL00658,Реутов,109898,P0120,1.5,562.5,Завершен
VK78298,2018-03-14,CL01057,Реутов,148546,P0119,3.0,1125.0,Отказ
VK98892,2018-03-14,CL00380,Москава,146210,XXX999,1.5,562.5,Завершен
VK12453,2018-03-14,CL00928,Химки,158220,P0107,1.5,562.5,Завершен
VK53479,2018-03-14,CL00995,Мытищи,176756,P0061,1.0,375.0,Завершен
VK56346,2018-03-14,CL00716,Красногорск,110208,P0033,5.0,1375.0,Завершен
VK77652,2018-03-15,CL00350,Подольск,137601,P0116,5.0,1875.0,Завершен
VK36894,2018-03-15,CL00436,Реутов,172070,P0075,3.0,1125.0,Завершен
VK60801,2018-03-15,CL00338,Химки,174766,P0120,3.0,1125.0,Отказ
VK25182,2018-03-15,CL00314,Королёв,196851,P0045,3.0,825.0,Завершен
VK15771,2018-03-15,CL00674,Москва,110215,P0039,0.5,137.5,Завершен
VK21413,2018-03-15,CL00416,Королёв,171509,P0023,3.0,825.0,Завершен
VK16047,2018-03-15,CL00127,Реутов,168386,P0115,1.5,562.5,Завершен
VK96374,2018-03-15,CL00164,Москва,140319,P0116,0.5,187.5,Завершен
VK85701,2018-03-15,CL00601,Королёв,139692,P0065,3.0,1125.0,Завершен
VK37504,2018-03-15,CL01036,Люберцы,129215,P0115,5.0,1875.0,Завершен
VK47560,2018-03-15,CL00815,Подольск,199246,P0092,1.5,562.5,Завершен
VK67817,2018-03-15,CL01058,Реутов,163192,P0108,1.5,562.5,Завершен
VK29571,2018-03-15,CL00119,Подольск,114168,P0112,3.0,1125.0,Завершен
VK11999,2018-03-15,CL00962,Красногорск,113432,P0080,1.0,375.0,Завершен
VK23418,2018-03-15,CL00896,Люберцы,113928,P0119,2.5,937.5,Завершен
VK82006,2018-03-15,CL00759,Москва,193502,P0032,1.0,275.0,Завершен
VK47128,2018-03-15,CL00538,Люберцы,167215,P0120,1.5,562.5,Завершен
VK19337,2018-03-15,CL00377,Красногорск,142981,P0119,2.5,937.5,Завершен
VK54399,2018-03-15,CL00453,Москва,167984,P0110,1.5,562.5,Завершен
VK27049,2018-03-15,CL00380,Москва,146210,P0071,2.5,937.5,Завершен
VK68436,2018-03-16,CL00500,Мытищи,158390,P0036,3.0,825.0,Завершен
VK53559,2018-03-16,CL01062,Люберцы,192949,P0101,2.5,937.5,Завершен
VK97932,2018-03-16,CL00682,Подольск,194690,P0110,5.0,1875.0,Завершен
VK71039,2018-03-16,CL00419,Подольск,163471,P0013,5.0,1375.0,Завершен
VK71377,2018-03-16,CL00112,Люберцы,155255,P0074,2.5,937.5,Завершен
VK99715,2018-03-16,CL00410,Подольск,180534,P0085,0.5,187.5,Завершен
VK71000,2018-03-16,CL00991,Мытищи,133018,P0047,3.0,825.0,Завершен
VK39333,2018-03-16,CL00608,Красногорск,156420,P0045,2.0,550.0,Завершен
VK90863,2018-03-16,CL00042,Мытищи,166307,P0040,1.0,275.0,Завершен
VK61390,2018-03-16,CL00679,Красногорск,139223,P0025,1.5,412.5,Завершен
VK97186,2018-03-16,CL00484,Мытищи,118430,P0046,1.0,275.0,Завершен
VK52567,2018-03-16,CL00028,Москва,100282,P0013,1.5,-412.5,Завершен
VK18567,2018-03-16,CL00090,Химки,191214,XXX999,2.0,550.0,Завершен
VK72737,2018-03-16,CL00496,Королёв,abcde,P0115,2.0,750.0,Завершен
VK46996,2018-03-16,CL00564,Химки,190739,P0116,2.0,750.0,Завершен
VK24022,2018-03-17,CL01148,Королёв,183342,P0041,5.0,1375.0,Завершен
VK19296,2018-03-17,CL00798,Химки,153645,P0036,1.5,412.5,Завершен
VK70420,2018-03-17,CL00556,Химки,169003,P0032,5.0,1375.0,Завершен
VK41270,2018-03-17,CL00056,Реутов,140404,P0094,2.0,750.0,Завершен
VK30843,2018-03-17,CL00510,Подольск,129188,P0020,2.5,687.5,Завершен
VK54658,2018-03-17,CL00578,Подольск,141507,XXX999,2.0,550.0,Завершен
VK85260,2018-03-18,CL00379,Подольск,abcde,P0026,3.0,825.0,Отказ
VK87616,2018-03-18,CL01071,Химки,191660,P0034,5.0,1375.0,Завершен
VK82756,2018-03-18,CL00618,Подольск,197057,XXX999,2.5,687.5,Завершен
VK33091,2018-03-18,CL00913,Подольск,191248,P0105,0.5,187.5,Завершен
VK19123,2018-03-18,CL00121,Химки,190520,P0031,1.5,412.5,Завершен
VK88172,2018-03-18,CL00721,Красногорск,173899,P0109,2.5,937.5,Завершен
VK52914,2018-03-18,CL00795,Мытищи,112203,P0009,5.0,1375.0,Завершен
VK79632,2018-03-19,CL00045,Москва,172692,P0120,3.0,1125.0,Завершен
VK85750,2018-03-19,CL00739,Химки,abcde,P0073,1.5,562.5,Завершен
VK99327,2018-03-19,CL00989,Мытищи,120152,P0102,2.0,750.0,Завершен
VK99071,2018-03-19,CL00166,Реутов,165597,P0011,1.5,412.5,Завершен
VK66980,2018-03-19,CL00270,Подольск,176869,P0101,1.5,562.5,Завершен
VK55123,2018-03-19,CL00265,Красногорск,152262,P0088,3.0,1125.0,Завершен
VK90149,2018-03-19,CL00294,Реутов,110205,P0096,0.5,187.5,Завершен
VK26718,2018-03-19,CL00883,Люберцы,168195,P0034,2.5,687.5,Завершен
VK58394,2018-03-19,CL00068,Реутов,170282,P0063,5.0,1875.0,Завершен
VK64507,2018-03-20,CL00576,Мытищи,138715,P0105,0.5,187.5,Завершен
VK89223,2018-03-20,CL00347,Реутов,130903,P0037,5.0,1375.0,Завершен
VK69558,2018-03-20,CL00102,Реутов,176556,P0075,2.0,750.0,Завершен
VK68988,2018-03-20,CL00067,Люберцы,136585,P0097,2.5,937.5,Завершен
VK34352,2018-03-20,CL00380,Москва,146210,P0025,2.0,550.0,Завершен
VK85751,2018-03-20,CL00881,Подольск,165973,P0044,2.0,550.0,Завершен
VK41031,2018-03-20,CL00501,Москава,154450,P0074,2.0,750.0,Завершен
VK63849,2018-03-20,CL00989,Мытищи,120152,P0029,3.0,825.0,Завершен
VK14385,2018-03-20,CL01053,Мытищи,168512,P0069,2.5,937.5,Завершен
VK58310,2018-03-20,CL00025,Мытищи,170855,P0116,0.5,187.5,Завершен
VK20494,2018-03-20,CL01104,Москва,170972,P0001,0.5,137.5,Завершен
VK78997,2018-03-20,CL01061,Мытищи,171267,P0031,1.0,275.0,Завершен
VK46624,2018-03-20,CL00410,Подольск,180534,P0002,5.0,1375.0,Завершен
VK80127,2018-03-21,CL00315,Королёв,174928,P0079,0.5,187.5,Завершен
VK69511,2018-03-21,CL00155,Королёв,177139,P0034,5.0,1375.0,Отказ
VK85230,2018-03-21,CL00575,Реутов,176791,P0023,2.5,687.5,Завершен
VK56257,2018-03-21,CL00930,Мытищи,197679,P0098,3.0,1125.0,Завершен
VK31955,2018-03-21,CL00780,Химки,122983,P0047,5.0,1375.0,Завершен
VK88333,2018-03-21,CL00650,Подольск,127082,P0087,0.5,187.5,Завершен
VK83886,2018-03-21,CL01090,Люберцы,175352,P0106,3.0,1125.0,Завершен
VK72018,2018-03-21,CL00820,Мытищи,152082,P0017,1.5,412.5,Отказ
VK16765,2018-03-21,CL00379,Подольск,146077,P0080,2.5,937.5,Завершен
VK32989,2018-03-22,CL00271,Мытищи,187207,P0107,2.0,750.0,Завершен
VK40958,2018-03-22,CL01012,Красногорск,143036,P0018,1.5,412.5,Завершен
VK79125,2018-03-22,CL00580,Красногорск,abcde,P0104,2.0,750.0,Завершен
VK21062,2018-03-22,CL00013,Химки,144313,P0052,5.0,1875.0,Отказ
VK30204,2018-03-22,CL00184,Мытищи,114871,P0113,1.0,375.0,Завершен
VK64125,2018-03-22,CL01145,Москва,146771,P0049,5.0,1375.0,Завершен
VK96594,2018-03-22,CL00771,Москва,128679,P0024,5.0,1375.0,Завершен
VK31926,2018-03-22,CL00007,Мытищи,109071,XXX999,2.0,750.0,Завершен
VK55229,2018-03-22,CL00637,Красногорск,163518,P0007,1.0,275.0,Завершен
VK25203,2018-03-22,CL00651,Москва,169767,P0027,0.5,137.5,Завершен
VK45728,2018-03-23,CL00870,Реутов,159974,P0071,2.5,937.5,Завершен
VK22881,2018-03-23,CL00259,Мытищи,119442,P0008,1.5,412.5,Завершен
VK61269,2018-03-23,CL00534,Москва,124906,P0053,1.5,562.5,Завершен
VK41692,2018-03-23,CL00702,Москва,156948,P0052,2.0,750.0,Завершен
VK35549,2018-03-23,CL00210,Королёв,118758,P0080,3.0,1125.0,Завершен
VK33582,2018-03-23,CL00284,Мытищи,186761,P0072,2.5,-937.5,Завершен
VK98185,2018-03-23,CL01091,Королёв,173815,P0107,1.5,562.5,Завершен
VK11567,2018-03-23,CL00304,Химки,133550,P0018,0.5,137.5,Завершен
VK23619,2018-03-23,CL00953,Москава,181810,P0012,2.0,550.0,Отказ
VK38759,2018-03-23,CL01087,Химки,152947,P0035,3.0,825.0,Завершен
VK35307,2018-03-23,CL00256,Люберцы,104082,P0054,3.0,1125.0,Завершен
VK22050,2018-03-23,CL00991,Мытищи,133018,P0109,0.5,187.5,Отказ
VK96062,2018-03-23,CL00550,Мытищи,101198,P0076,0.5,187.5,Завершен
VK88562,2018-03-23,CL00982,Москва,142065,P0082,5.0,1875.0,Завершен
VK25725,2018-03-23,CL00767,Москава,177662,P0052,3.0,1125.0,Завершен
VK46344,2018-03-24,CL01114,Люберцы,180358,P0045,1.0,275.0,Завершен
VK60933,2018-03-24,CL00617,Москва,184930,P0003,5.0,1375.0,Отказ
VK43847,2018-03-24,CL00056,Реутов,140404,P0020,1.5,412.5,Завершен
VK67747,2018-03-24,CL00526,Королёв,129536,P0113,5.0,1875.0,Завершен
VK36302,2018-03-24,CL00478,Подольск,161344,P0089,0.5,187.5,Завершен
VK94604,2018-03-24,CL01054,Подольск,123255,XXX999,2.5,937.5,Завершен
VK80861,2018-03-24,CL00116,Подольск,162070,P0061,2.0,750.0,Завершен
VK90473,2018-03-24,CL01027,Подольск,118398,P0022,5.0,1375.0,Завершен
VK67878,2018-03-24,CL00853,Люберцы,193204,P0057,3.0,1125.0,Завершен
VK14569,2018-03-24,CL00293,Мытищи,197260,P0001,3.0,825.0,Завершен
VK42846,2018-03-24,CL00434,Реутов,152505,P0013,0.5,137.5,Отказ
VK60387,2018-03-25,CL00441,Королёв,abcde,P0007,2.5,687.5,Завершен
VK73185,2018-03-25,CL00500,Мытищи,158390,P0001,3.0,825.0,Завершен
VK57044,2018-03-25,CL00663,Реутов,164843,P0022,0.5,137.5,Завершен
VK62509,2018-03-25,CL00938,Красногорск,106000,P0107,1.5,562.5,Завершен
VK94813,2018-03-25,CL01171,Подольск,132778,P0066,0.5,187.5,Завершен
VK54572,2018-03-25,CL00389,Химки,103396,P0005,0.5,137.5,Завершен
VK48005,2018-03-25,CL00210,Королёв,118758,P0052,0.5,187.5,Завершен
VK82676,2018-03-25,CL00010,Химки,198994,P0085,3.0,1125.0,Завершен
VK96603,2018-03-25,CL00194,Реутов,153841,P0047,0.5,137.5,Завершен
VK61131,2018-03-25,CL00833,Химки,153368,P0087,1.0,375.0,Завершен
VK57089,2018-03-25,CL01174,Москва,196380,P0079,0.5,187.5,Завершен
VK50334,2018-03-26,CL00667,Мытищи,120707,P0082,5.0,1875.0,Завершен
VK68891,2018-03-26,CL00827,Москава,143449,P0109,2.0,750.0,Завершен
VK17347,2018-03-26,CL00003,Мытищи,139117,P0061,0.5,187.5,Отказ
VK15611,2018-03-26,CL01039,Королёв,110104,P0026,1.5,412.5,Завершен
VK95701,2018-03-26,CL01174,Москва,196380,P0099,2.0,750.0,Завершен
VK98877,2018-03-26,CL00984,Москва,149146,P0116,3.0,1125.0,Завершен
VK29523,2018-03-26,CL01149,Люберцы,163131,P0109,5.0,1875.0,Завершен
VK19441,2018-03-26,CL00388,Красногорск,185139,P0094,3.0,1125.0,Завершен
VK74080,2018-03-26,CL01017,Королёв,147020,P0108,0.5,187.5,Завершен
VK91051,2018-03-26,CL01061,Мытищи,171267,P0032,3.0,825.0,Отказ
VK95037,2018-03-26,CL00966,Люберцы,158073,P0076,0.5,187.5,Завершен
VK92924,2018-03-26,CL00221,Подольск,182242,P0055,1.0,375.0,Отказ
VK22752,2018-03-26,CL00386,Подольск,148623,P0055,0.5,187.5,Завершен
VK87469,2018-03-26,CL00939,Королёв,193959,P0011,2.0,550.0,Завершен
VK99664,2018-03-27,CL00519,Подольск,137914,P0029,2.0,550.0,Завершен
VK52151,2018-03-27,CL01194,Реутов,102453,P0095,2.5,937.5,Завершен
VK37948,2018-03-27,CL00093,Королёв,194276,P0032,5.0,1375.0,Завершен
VK32734,2018-03-27,CL00749,Мытищи,184670,P0062,5.0,1875.0,Отказ
VK45899,2018-03-27,CL01165,Люберцы,157464,P0075,1.5,562.5,Отказ
VK32026,2018-03-27,CL00060,Подольск,103248,P0099,1.0,375.0,Завершен
VK31627,2018-03-27,CL00070,Люберцы,178193,P0052,3.0,1125.0,Завершен
VK86282,2018-03-27,CL00050,Люберцы,106658,P0058,2.0,750.0,Завершен
VK92863,2018-03-27,CL00378,Люберцы,194065,P0065,0.5,187.5,Завершен
VK30677,2018-03-27,CL00673,Реутов,192235,P0111,2.5,937.5,Завершен
VK20580,2018-03-27,CL00234,Люберцы,115292,P0083,0.5,187.5,Завершен
VK21683,2018-03-27,CL00495,Химки,178094,P0115,0.5,187.5,Отказ
VK47189,2018-03-27,CL00905,Королёв,122898,P0066,3.0,1125.0,Завершен
VK72391,2018-03-27,CL00868,Реутов,154146,P0033,2.0,550.0,Завершен
VK28754,2018-03-27,CL00415,Химки,154602,P0104,3.0,1125.0,Завершен
VK69037,2018-03-27,CL00253,Реутов,197735,P0018,3.0,825.0,Завершен
VK32878,2018-03-27,CL00864,Реутов,143426,P0061,2.0,750.0,Завершен
VK88154,2018-03-27,CL00269,Реутов,196835,P0091,2.5,937.5,Завершен
VK90222,2018-03-27,CL00559,Химки,110566,P0008,1.0,275.0,Завершен
VK72182,2018-03-28,CL01068,Подольск,172733,P0022,3.0,825.0,Завершен
VK97836,2018-03-28,CL00494,Реутов,161712,P0006,2.0,550.0,Завершен
VK57735,2018-03-28,CL01084,Химки,196590,P0086,0.5,187.5,Отказ
VK42949,2018-03-28,CL00158,Подольск,172350,P0019,1.5,412.5,Завершен
VK69394,2018-03-28,CL01100,Королёв,130783,P0048,1.5,412.5,Завершен
VK16875,2018-03-28,CL01164,Москва,113405,P0041,0.5,137.5,Завершен
VK13809,2018-03-28,CL00445,Люберцы,102180,P0058,2.5,937.5,Завершен
VK19287,2018-03-28,CL00516,Королёв,192181,P0042,2.0,550.0,Завершен
VK87687,2018-03-28,CL00792,Химки,109661,P0117,1.0,375.0,Завершен
VK36050,2018-03-28,CL00460,Королёв,194589,P0099,2.5,937.5,Завершен
VK52688,2018-03-28,CL00753,Москва,155923,P0089,3.0,1125.0,Завершен
VK52746,2018-03-28,CL00111,Химки,144236,P0027,1.0,275.0,Завершен
VK64079,2018-03-28,CL00343,Люберцы,121012,P0032,1.0,275.0,Отказ
VK38922,2018-03-28,CL00800,Реутов,abcde,P0110,5.0,1875.0,Завершен
VK93623,2018-03-29,CL00439,Подольск,166731,P0023,1.5,412.5,Завершен
VK85775,2018-03-29,CL00679,Красногорск,139223,P0010,2.5,687.5,Завершен
VK21334,2018-03-29,CL00961,Люберцы,170932,P0118,2.5,937.5,Завершен
VK74122,2018-03-29,CL00515,Химки,113224,P0047,2.0,550.0,Завершен
VK87539,2018-03-29,CL00084,Мытищи,198453,P0057,5.0,1875.0,Завершен
VK46591,2018-03-29,CL01185,Москва,120174,P0073,2.0,750.0,Завершен
VK42329,2018-03-29,CL00154,Химки,149856,P0028,0.5,137.5,Завершен
VK85951,2018-03-29,CL00204,Химки,156881,P0012,1.0,275.0,Завершен
VK69616,2018-03-30,CL01188,Красногорск,132859,P0014,3.0,825.0,Завершен
VK63131,2018-03-30,CL01011,Мытищи,109149,XXX999,2.0,750.0,Завершен
VK58551,2018-03-30,CL01086,Красногорск,136242,P0013,1.0,-275.0,Завершен
VK93021,2018-03-30,CL00797,Реутов,113272,P0097,3.0,1125.0,Завершен
VK19266,2018-03-30,CL00936,Красногорск,abcde,P0093,0.5,187.5,Завершен
VK53634,2018-03-30,CL00450,Мытищи,157807,P0027,2.0,550.0,Завершен
VK65823,2018-03-30,CL01086,Красногорск,136242,P0083,2.5,937.5,Отказ
VK90281,2018-03-30,CL00204,Химки,156881,P0018,5.0,1375.0,Завершен
VK37151,2018-03-30,CL00103,Реутов,146105,P0028,2.5,687.5,Завершен
VK91324,2018-03-30,CL00148,Мытищи,175243,P0088,5.0,1875.0,Завершен
VK17184,2018-03-30,CL00520,Красногорск,188150,P0059,1.5,562.5,Завершен
VK41278,2018-03-31,CL00710,Москва,174302,P0092,1.0,375.0,Завершен
VK72717,2018-03-31,CL00504,Мытищи,145158,P0103,2.5,937.5,Завершен
VK86037,2018-03-31,CL01123,Королёв,173680,P0085,3.0,1125.0,Завершен
VK37498,2018-03-31,CL00170,Люберцы,199125,P0079,5.0,1875.0,Завершен
VK39548,2018-03-31,CL01193,Люберцы,159517,XXX999,5.0,1875.0,Завершен
VK45043,2018-03-31,CL00967,Красногорск,171645,P0046,1.5,412.5,Завершен
VK46325,2018-03-31,CL00231,Реутов,148689,P0062,2.5,937.5,Завершен
VK55249,2018-03-31,CL00102,Реутов,176556,P0081,0.5,187.5,Отказ
VK79033,2018-03-31,CL00136,Королёв,164332,P0005,2.0,550.0,Завершен
VK79717,2018-03-31,CL00744,Москва,159270,P0101,5.0,1875.0,Завершен
VK24683,2018-04-01,CL00741,Москва,142964,P0069,0.5,187.5,Завершен
VK29726,2018-04-01,CL00575,Реутов,176791,P0072,3.0,1125.0,Завершен
VK92218,2018-04-01,CL00986,Красногорск,112577,P0060,5.0,1875.0,Завершен
VK99443,2018-04-01,CL01182,Королёв,120315,P0115,0.5,187.5,Завершен
VK72115,2018-04-01,CL00204,Химки,156881,P0005,2.5,687.5,Завершен
VK94500,2018-04-01,CL00014,Химки,100942,P0030,1.5,412.5,Завершен
VK18250,2018-04-01,CL00805,Люберцы,161727,P0027,0.5,137.5,Завершен
VK40451,2018-04-01,CL00501,Королёв,154450,P0039,0.5,137.5,Завершен
VK94498,2018-04-01,CL00003,Мытищи,139117,P0059,5.0,1875.0,Завершен
VK97340,2018-04-02,CL00238,Подольск,185841,P0042,5.0,1375.0,Завершен
VK41182,2018-04-02,CL00472,Люберцы,111725,P0079,5.0,1875.0,Завершен
VK51500,2018-04-02,CL00553,Москва,abcde,P0083,0.5,187.5,Отказ
VK44132,2018-04-02,CL01133,Реутов,174925,P0061,2.5,937.5,Завершен
VK83726,2018-04-02,CL00090,Химки,191214,P0055,1.5,562.5,Завершен
VK51542,2018-04-02,CL00055,Москва,176350,P0092,3.0,1125.0,Отказ
VK68776,2018-04-02,CL00960,Люберцы,119192,P0020,1.5,412.5,Завершен
VK79945,2018-04-02,CL00773,Подольск,123260,P0088,2.5,-937.5,Завершен
VK13266,2018-04-02,CL01179,Мытищи,156906,P0118,1.5,562.5,Завершен
VK29055,2018-04-02,CL00384,Москва,130932,P0042,2.0,550.0,Завершен
VK30454,2018-04-02,CL00959,Москва,198328,P0088,2.0,750.0,Завершен
VK81584,2018-04-02,CL00515,Химки,113224,P0006,0.5,137.5,Завершен
VK48739,2018-04-02,CL00114,Красногорск,108993,P0071,2.5,937.5,Завершен
VK85199,2018-04-02,CL01138,Подольск,186772,P0072,2.0,750.0,Завершен
VK84086,2018-04-02,CL01020,Люберцы,182132,P0061,3.0,1125.0,Завершен
VK67947,2018-04-02,CL00492,Химки,117507,P0042,3.0,825.0,Завершен
VK80570,2018-04-03,CL00175,Реутов,137777,P0019,1.0,275.0,Отказ
VK98022,2018-04-03,CL01005,Химки,184663,P0053,5.0,1875.0,Завершен
VK61697,2018-04-03,CL00831,Химки,197481,P0085,0.5,187.5,Завершен
VK89058,2018-04-03,CL01154,Москва,138393,P0105,1.0,375.0,Завершен
VK17346,2018-04-03,CL00764,Химки,113124,P0040,2.5,687.5,Завершен
VK29391,2018-04-03,CL00363,Мытищи,196068,P0007,3.0,825.0,Завершен
VK58448,2018-04-03,CL00177,Красногорск,152976,P0073,3.0,1125.0,Завершен
VK47309,2018-04-03,CL00062,Люберцы,191917,P0067,2.0,750.0,Завершен
VK68402,2018-04-03,CL01056,Мытищи,117082,P0047,1.5,412.5,Завершен
VK38271,2018-04-03,CL00945,Королёв,196497,P0103,5.0,1875.0,Завершен
VK64474,2018-04-03,CL00406,Подольск,107263,P0078,3.0,1125.0,Завершен
VK31468,2018-04-03,CL01165,Люберцы,157464,P0093,5.0,1875.0,Завершен
VK65552,2018-04-03,CL00386,Подольск,148623,P0102,5.0,1875.0,Завершен
VK70570,2018-04-04,CL00783,Москва,141709,P0116,2.0,750.0,Завершен
VK27947,2018-04-04,CL00683,Подольск,180750,P0104,3.0,1125.0,Завершен
VK60039,2018-04-04,CL00046,Мытищи,117601,P0060,1.0,375.0,Завершен
VK15535,2018-04-04,CL00317,Москва,145015,P0013,1.5,412.5,Завершен
VK86704,2018-04-04,CL00288,Люберцы,151807,P0105,5.0,1875.0,Завершен
VK70745,2018-04-04,CL00021,Москава,195448,P0085,1.5,562.5,Завершен
VK10320,2018-04-04,CL01083,Реутов,151792,P0098,1.0,375.0,Отказ
VK93958,2018-04-04,CL01083,Реутов,151792,P0003,1.0,275.0,Завершен
VK25674,2018-04-05,CL00840,Мытищи,131711,P0111,3.0,1125.0,Завершен
VK85400,2018-04-05,CL00596,Химки,136739,P0069,1.5,562.5,Завершен
VK31344,2018-04-05,CL00644,Москва,157850,P0093,0.5,187.5,Завершен
VK51901,2018-04-05,CL00079,Реутов,100053,P0033,2.5,687.5,Отказ
VK27759,2018-04-05,CL00249,Люберцы,118964,P0003,2.0,550.0,Завершен
VK45739,2018-04-05,CL00069,Москва,134237,P0027,1.5,412.5,Завершен
VK56659,2018-04-05,CL01060,Реутов,162539,P0046,1.5,412.5,Завершен
VK79417,2018-04-05,CL00818,Реутов,182211,P0075,0.5,187.5,Завершен
VK77353,2018-04-05,CL00713,Москва,161835,P0008,3.0,825.0,Завершен
VK34018,2018-04-05,CL00112,Люберцы,155255,P0065,1.0,-375.0,Завершен
VK31906,2018-04-05,CL00480,Королёв,194188,P0051,5.0,1875.0,Отказ
VK51446,2018-04-05,CL00913,Подольск,191248,P0013,2.5,687.5,Завершен
VK75979,2018-04-06,CL00053,Подольск,172309,P0056,0.5,187.5,Завершен
VK83224,2018-04-06,CL00888,Мытищи,185267,P0063,1.0,375.0,Завершен
VK78898,2018-04-06,CL00085,Люберцы,126100,P0110,2.5,937.5,Завершен
VK82235,2018-04-06,CL00516,Королёв,192181,P0086,5.0,1875.0,Завершен
VK24937,2018-04-06,CL00795,Мытищи,112203,P0014,3.0,825.0,Завершен
VK20013,2018-04-06,CL00863,Химки,197545,P0099,2.0,750.0,Завершен
VK54832,2018-04-07,CL01113,Люберцы,134452,P0067,2.5,937.5,Завершен
VK13769,2018-04-07,CL00647,Люберцы,111401,P0111,1.0,375.0,Завершен
VK39144,2018-04-07,CL00950,Люберцы,144939,P0108,3.0,1125.0,Завершен
VK28659,2018-04-07,CL00896,Люберцы,113928,P0063,1.0,375.0,Завершен
VK26429,2018-04-07,CL01093,Москва,133792,P0093,3.0,1125.0,Завершен
VK20302,2018-04-07,CL00237,Реутов,187881,P0114,1.0,375.0,Завершен
VK24643,2018-04-07,CL00212,Москава,160981,P0016,2.0,550.0,Завершен
VK26225,2018-04-08,CL00100,Химки,153424,P0039,5.0,1375.0,Отказ
VK36217,2018-04-08,CL00572,Мытищи,180460,P0087,2.5,937.5,Завершен
VK13835,2018-04-08,CL00671,Мытищи,185054,P0035,1.0,275.0,Завершен
VK46356,2018-04-08,CL00864,Реутов,143426,P0025,0.5,137.5,Завершен
VK31044,2018-04-08,CL00089,Москва,113970,P0103,2.5,937.5,Завершен
VK90341,2018-04-08,CL00993,Королёв,156757,P0114,5.0,1875.0,Завершен
VK22934,2018-04-09,CL00066,Москва,152227,P0055,0.5,187.5,Завершен
VK72221,2018-04-09,CL00252,Москва,106868,P0065,1.0,375.0,Завершен
VK34264,2018-04-09,CL00263,Мытищи,185316,P0093,1.5,562.5,Завершен
VK24067,2018-04-09,CL00775,Мытищи,147826,P0087,2.0,750.0,Завершен
VK59756,2018-04-09,CL00124,Мытищи,144725,P0046,1.0,275.0,Завершен
VK39825,2018-04-09,CL00410,Подольск,180534,P0103,2.0,750.0,Завершен
VK51193,2018-04-09,CL01023,Люберцы,170736,P0041,2.0,550.0,Завершен
VK78121,2018-04-09,CL00372,Люберцы,148237,P0064,0.5,187.5,Завершен
VK57349,2018-04-09,CL01012,Красногорск,143036,P0107,1.0,375.0,Завершен
VK32114,2018-04-10,CL00764,Химки,113124,P0025,3.0,825.0,Завершен
VK36094,2018-04-10,CL00961,Люберцы,170932,P0096,0.5,187.5,Завершен
VK62990,2018-04-10,CL00122,Мытищи,139529,P0080,1.5,562.5,Завершен
VK65666,2018-04-10,CL00110,Подольск,149689,P0027,0.5,137.5,Завершен
VK86273,2018-04-10,CL01141,Москва,168679,P0047,3.0,825.0,Завершен
VK94388,2018-04-10,CL00720,Красногорск,159866,XXX999,2.5,937.5,Завершен
VK97382,2018-04-10,CL00418,Люберцы,190257,P0013,2.0,550.0,Завершен
VK74138,2018-04-11,CL00284,Мытищи,186761,P0035,0.5,137.5,Завершен
VK27643,2018-04-11,CL00055,Москва,176350,P0041,2.0,550.0,Завершен
VK16927,2018-04-11,CL00889,Реутов,133526,P0061,0.5,187.5,Отказ
VK98880,2018-04-11,CL00146,Подольск,107146,P0056,5.0,1875.0,Отказ
VK60152,2018-04-11,CL00123,Москва,abcde,P0087,0.5,187.5,Завершен
VK30019,2018-04-11,CL00981,Химки,180439,P0027,2.5,687.5,Завершен
VK22626,2018-04-11,CL00693,Красногорск,174498,P0001,1.5,-412.5,Завершен
VK78150,2018-04-11,CL00425,Люберцы,180658,P0030,5.0,1375.0,Отказ
VK71082,2018-04-11,CL00680,Реутов,198717,P0003,5.0,1375.0,Завершен
VK60997,2018-04-12,CL01072,Мытищи,152502,P0031,1.0,275.0,Завершен
VK84560,2018-04-12,CL01054,Подольск,123255,P0038,2.0,550.0,Завершен
VK82585,2018-04-12,CL01173,Реутов,158059,P0042,3.0,825.0,Завершен
VK71580,2018-04-12,CL00099,Подольск,150205,P0017,3.0,825.0,Завершен
VK30487,2018-04-12,CL00574,Королёв,172487,P0045,2.0,550.0,Завершен
VK44523,2018-04-12,CL00034,Москва,110500,P0034,2.5,687.5,Отказ
VK59518,2018-04-12,CL00505,Москва,109046,P0083,2.0,750.0,Завершен
VK47281,2018-04-12,CL00637,Красногорск,163518,P0105,2.5,937.5,Завершен
VK87393,2018-04-12,CL00122,Мытищи,139529,P0102,1.5,562.5,Отказ
VK58026,2018-04-12,CL00851,Люберцы,114169,P0021,0.5,137.5,Завершен
VK63992,2018-04-13,CL00844,Химки,184853,P0082,1.5,562.5,Завершен
VK42011,2018-04-13,CL00810,Подольск,187486,P0111,1.5,562.5,Отказ
VK50907,2018-04-13,CL00213,Подольск,145293,P0067,1.0,375.0,Завершен
VK18585,2018-04-13,CL00923,Подольск,173183,P0067,2.5,937.5,Отказ
VK54249,2018-04-13,CL01025,Подольск,166900,P0115,5.0,1875.0,Завершен
VK52744,2018-04-13,CL00826,Подольск,118855,P0052,1.0,375.0,Отказ
VK65374,2018-04-13,CL00046,Мытищи,117601,P0023,0.5,137.5,Завершен
VK65203,2018-04-13,CL00460,Королёв,194589,P0066,2.5,-937.5,Завершен
VK71564,2018-04-13,CL00944,Королёв,177242,P0089,1.5,562.5,Отказ
VK51486,2018-04-13,CL00987,Москва,127627,P0040,2.5,687.5,Отказ
VK36444,2018-04-14,CL00741,Москва,142964,P0052,1.5,562.5,Завершен
VK19872,2018-04-14,CL00529,Химки,143288,P0032,2.0,550.0,Завершен
VK38059,2018-04-14,CL00015,Москва,104117,P0061,5.0,1875.0,Завершен
VK48970,2018-04-14,CL00022,Мытищи,124931,P0063,1.5,562.5,Завершен
VK39607,2018-04-14,CL00188,Подольск,178561,P0015,2.5,687.5,Завершен
VK22053,2018-04-14,CL00105,Королёв,157125,XXX999,2.5,937.5,Завершен
VK22416,2018-04-14,CL01086,Красногорск,136242,P0092,3.0,1125.0,Завершен
VK18817,2018-04-14,CL00289,Москва,127686,P0007,2.5,687.5,Завершен
VK72294,2018-04-14,CL00599,Королёв,127479,P0090,2.5,-937.5,Завершен
VK20048,2018-04-14,CL00845,Химки,153674,P0035,2.0,550.0,Завершен
VK76144,2018-04-14,CL01011,Мытищи,109149,P0104,3.0,1125.0,Завершен
VK96960,2018-04-14,CL00394,Подольск,158341,P0071,5.0,1875.0,Завершен
VK64304,2018-04-14,CL00216,Химки,147049,XXX999,2.5,687.5,Завершен
VK77550,2018-04-14,CL01196,Химки,165214,P0088,2.0,750.0,Завершен
VK66849,2018-04-15,CL00877,Москва,126137,P0120,5.0,1875.0,Завершен
VK17848,2018-04-15,CL00061,Красногорск,153964,P0093,2.5,937.5,Завершен
VK70619,2018-04-15,CL00688,Москва,186298,P0042,2.5,687.5,Завершен
VK99824,2018-04-15,CL01175,Химки,189318,P0059,1.0,375.0,Завершен
VK67067,2018-04-15,CL00017,Химки,194811,P0114,5.0,1875.0,Завершен
VK18444,2018-04-15,CL00255,Королёв,180623,P0103,2.0,750.0,Завершен
VK64059,2018-04-15,CL00100,Химки,153424,P0035,3.0,825.0,Завершен
VK94678,2018-04-15,CL00460,Королёв,194589,P0004,1.5,412.5,Завершен
VK88804,2018-04-15,CL01028,Подольск,174162,P0101,1.0,375.0,Завершен
VK24884,2018-04-15,CL00719,Мытищи,137002,P0120,1.0,375.0,Завершен
VK42189,2018-04-15,CL00516,Королёв,192181,P0120,1.0,375.0,Завершен
VK70838,2018-04-15,CL00254,Королёв,147453,P0029,5.0,1375.0,Завершен
VK94448,2018-04-16,CL01108,Москва,abcde,P0047,3.0,825.0,Завершен
VK73680,2018-04-16,CL00820,Мытищи,152082,P0046,5.0,1375.0,Отказ
VK21000,2018-04-16,CL00554,Люберцы,191469,P0083,5.0,1875.0,Отказ
VK18333,2018-04-16,CL00619,Подольск,143383,P0064,1.5,562.5,Завершен
VK98037,2018-04-16,CL00507,Реутов,150132,P0090,2.0,750.0,Завершен
VK62021,2018-04-16,CL00355,Мытищи,155027,P0022,3.0,825.0,Завершен
VK28423,2018-04-16,CL00621,Подольск,156640,P0009,5.0,1375.0,Завершен
VK75568,2018-04-16,CL00387,Королёв,175225,P0004,1.0,275.0,Завершен
VK45985,2018-04-17,CL00569,Реутов,170852,P0017,1.0,275.0,Завершен
VK87264,2018-04-17,CL00948,Реутов,179450,P0048,2.0,550.0,Завершен
VK59113,2018-04-17,CL00720,Красногорск,abcde,P0113,0.5,187.5,Завершен
VK51482,2018-04-17,CL01119,Химки,149923,P0023,3.0,825.0,Завершен
VK99487,2018-04-17,CL00761,Красногорск,123568,P0016,2.5,687.5,Завершен
VK28993,2018-04-17,CL01051,Подольск,144914,P0033,1.0,275.0,Завершен
VK58200,2018-04-17,CL01052,Москава,150523,P0057,1.5,562.5,Завершен
VK94593,2018-04-17,CL00725,Химки,183354,P0054,5.0,1875.0,Завершен
VK96798,2018-04-17,CL01113,Люберцы,134452,P0012,2.5,687.5,Отказ
VK98027,2018-04-17,CL00265,Москава,152262,P0077,5.0,1875.0,Завершен
VK60422,2018-04-17,CL00653,Люберцы,167425,P0112,1.0,375.0,Завершен
VK57560,2018-04-17,CL01089,Мытищи,144560,P0116,1.5,562.5,Завершен
VK81791,2018-04-18,CL00314,Королёв,196851,P0057,2.5,937.5,Завершен
VK13584,2018-04-18,CL00547,Подольск,164004,P0110,3.0,1125.0,Завершен
VK94094,2018-04-18,CL00597,Красногорск,173905,P0047,5.0,1375.0,Отказ
VK94030,2018-04-18,CL00976,Подольск,166209,XXX999,1.0,275.0,Завершен
VK36224,2018-04-18,CL00099,Подольск,150205,P0018,1.0,275.0,Отказ
VK85472,2018-04-18,CL00789,Москва,abcde,P0042,3.0,825.0,Завершен
VK42716,2018-04-18,CL00745,Мытищи,118322,P0059,0.5,187.5,Завершен
VK95089,2018-04-18,CL00471,Химки,137649,P0111,2.5,937.5,Завершен
VK87858,2018-04-18,CL00265,Красногорск,152262,P0089,5.0,1875.0,Завершен
VK51864,2018-04-18,CL00050,Люберцы,106658,P0118,3.0,1125.0,Завершен
VK27499,2018-04-18,CL01016,Люберцы,117603,P0014,2.0,550.0,Завершен
VK39977,2018-04-19,CL00419,Подольск,163471,P0060,3.0,1125.0,Завершен
VK35987,2018-04-19,CL00765,Химки,196607,XXX999,0.5,187.5,Завершен
VK32119,2018-04-19,CL00042,Мытищи,166307,P0051,1.5,562.5,Завершен
VK66217,2018-04-19,CL01090,Люберцы,175352,P0115,0.5,187.5,Завершен
VK21673,2018-04-19,CL00982,Москва,142065,P0100,2.5,937.5,Завершен
VK84349,2018-04-19,CL01185,Москва,120174,P0114,1.5,562.5,Завершен
VK78922,2018-04-19,CL01048,Мытищи,179498,P0085,0.5,187.5,Отказ
VK69468,2018-04-19,CL00742,Мытищи,146627,P0104,2.0,750.0,Завершен
VK25533,2018-04-19,CL00524,Реутов,141777,P0053,5.0,1875.0,Завершен
VK37080,2018-04-20,CL00302,Мытищи,125415,P0046,1.0,275.0,Завершен
VK47089,2018-04-20,CL00106,Москва,187670,P0102,2.5,937.5,Завершен
VK64831,2018-04-20,CL00546,Королёв,146160,P0019,3.0,825.0,Завершен
VK29129,2018-04-20,CL00032,Москва,107492,P0001,1.0,275.0,Завершен
VK44314,2018-04-20,CL00947,Подольск,116827,P0118,0.5,187.5,Завершен
VK42547,2018-04-20,CL00642,Люберцы,159942,P0073,1.0,375.0,Завершен
VK62108,2018-04-21,CL00211,Королёв,160236,P0072,1.0,375.0,Завершен
VK60265,2018-04-21,CL01080,Химки,178579,P0002,3.0,825.0,Завершен
VK88275,2018-04-21,CL00106,Москва,187670,P0056,3.0,1125.0,Завершен
VK83007,2018-04-21,CL00829,Москва,139722,P0077,1.5,562.5,Отказ
VK40781,2018-04-21,CL00337,Химки,140562,P0104,0.5,187.5,Отказ
VK89478,2018-04-21,CL00715,Реутов,132540,P0065,2.0,750.0,Завершен
VK88411,2018-04-21,CL01123,Москава,173680,P0074,3.0,1125.0,Завершен
VK15965,2018-04-21,CL00176,Москва,141224,P0118,3.0,1125.0,Завершен
VK91219,2018-04-21,CL00455,Красногорск,160249,P0013,0.5,137.5,Завершен
VK61733,2018-04-21,CL00596,Химки,136739,P0067,2.0,750.0,Завершен
VK83342,2018-04-21,CL00746,Москва,129135,P0051,3.0,1125.0,Завершен
VK74392,2018-04-22,CL00718,Химки,106019,P0054,1.5,562.5,Завершен
VK82833,2018-04-22,CL00822,Мытищи,119424,XXX999,5.0,1875.0,Завершен
VK93447,2018-04-22,CL00710,Москва,174302,P0101,5.0,1875.0,Завершен
VK34762,2018-04-22,CL00731,Мытищи,183521,P0110,5.0,1875.0,Завершен
VK34004,2018-04-22,CL00465,Королёв,170592,P0085,1.0,375.0,Отказ
VK31437,2018-04-22,CL01097,Красногорск,123394,P0018,0.5,137.5,Завершен
VK25207,2018-04-22,CL00851,Люберцы,114169,P0076,3.0,1125.0,Завершен
VK56729,2018-04-22,CL00376,Мытищи,123652,P0097,2.0,750.0,Отказ
VK69999,2018-04-22,CL01088,Люберцы,166353,P0017,3.0,825.0,Завершен
VK29405,2018-04-22,CL00919,Москва,188857,P0020,2.0,550.0,Завершен
VK99300,2018-04-23,CL00226,Люберцы,144396,P0010,1.5,412.5,Отказ
VK58963,2018-04-23,CL00022,Мытищи,abcde,XXX999,3.0,1125.0,Завершен
VK23902,2018-04-23,CL01047,Москва,195417,P0074,2.5,937.5,Завершен
VK13784,2018-04-23,CL01110,Королёв,191520,P0092,5.0,1875.0,Завершен
VK96447,2018-04-23,CL00758,Подольск,184233,P0100,0.5,187.5,Завершен
VK45300,2018-04-23,CL00769,Подольск,124672,P0036,2.0,550.0,Завершен
VK53178,2018-04-23,CL00306,Подольск,182306,P0079,2.5,937.5,Завершен
VK69388,2018-04-23,CL01180,Москва,136188,P0104,0.5,187.5,Завершен
VK84600,2018-04-23,CL01050,Подольск,166952,P0066,1.5,562.5,Завершен
VK16380,2018-04-23,CL00394,Подольск,158341,P0041,1.0,275.0,Завершен
VK52358,2018-04-23,CL01056,Мытищи,117082,P0090,5.0,1875.0,Завершен
VK19269,2018-04-23,CL01029,Королёв,105297,P0098,5.0,1875.0,Отказ
VK65382,2018-04-24,CL01165,Люберцы,157464,P0117,2.5,937.5,Завершен
VK34426,2018-04-24,CL00067,Люберцы,136585,P0120,5.0,1875.0,Завершен
VK22182,2018-04-24,CL00510,Подольск,129188,P0060,2.0,750.0,Завершен
VK70755,2018-04-24,CL00659,Реутов,136467,P0026,0.5,137.5,Завершен
VK99946,2018-04-24,CL00872,Королёв,123176,P0114,3.0,1125.0,Завершен
VK74922,2018-04-24,CL00625,Мытищи,170371,P0113,3.0,1125.0,Завершен
VK78770,2018-04-24,CL00693,Красногорск,174498,P0100,2.5,937.5,Завершен
VK67325,2018-04-24,CL00466,Люберцы,180698,P0070,0.5,187.5,Завершен
VK72601,2018-04-24,CL00648,Мытищи,131056,P0089,0.5,187.5,Завершен
VK26749,2018-04-24,CL00644,Москва,157850,P0002,1.5,412.5,Завершен
VK24933,2018-04-25,CL00819,Люберцы,195302,P0019,5.0,1375.0,Завершен
VK33534,2018-04-25,CL00979,Красногорск,128632,P0013,3.0,-825.0,Завершен
VK61505,2018-04-25,CL00663,Реутов,164843,P0105,5.0,1875.0,Завершен
VK49013,2018-04-25,CL00580,Красногорск,113399,P0042,0.5,137.5,Отказ
VK69637,2018-04-25,CL00210,Королёв,118758,P0101,1.5,562.5,Завершен
VK91764,2018-04-25,CL00709,Мытищи,166949,P0013,5.0,1375.0,Завершен
VK34535,2018-04-25,CL00702,Москва,156948,P0071,5.0,1875.0,Завершен
VK89174,2018-04-25,CL00115,Москва,126130,P0017,1.0,275.0,Завершен
VK23936,2018-04-25,CL00494,Реутов,161712,P0017,1.5,412.5,Завершен
VK10766,2018-04-25,CL00752,Реутов,151773,P0058,2.0,750.0,Завершен
VK98487,2018-04-26,CL00117,Химки,133586,P0067,3.0,1125.0,Завершен
VK21486,2018-04-26,CL00068,Москава,170282,P0090,2.0,750.0,Завершен
VK35008,2018-04-26,CL00384,Москва,130932,P0018,1.0,275.0,Завершен
VK34670,2018-04-26,CL00441,Королёв,119521,P0073,0.5,187.5,Завершен
VK73060,2018-04-26,CL00973,Подольск,178234,P0094,5.0,1875.0,Отказ
VK41690,2018-04-26,CL01002,Красногорск,101461,P0008,3.0,825.0,Завершен
VK80593,2018-04-26,CL00028,Москва,100282,P0005,2.0,550.0,Завершен
VK70742,2018-04-26,CL00218,Люберцы,189889,P0036,1.0,275.0,Отказ
VK12859,2018-04-26,CL00692,Мытищи,101581,P0109,1.0,375.0,Завершен
VK29978,2018-04-26,CL00229,Мытищи,101824,P0078,0.5,187.5,Завершен
VK73576,2018-04-26,CL01044,Москва,116762,P0061,3.0,1125.0,Завершен
VK94974,2018-04-27,CL00790,Подольск,164629,P0094,2.5,937.5,Отказ
VK25327,2018-04-27,CL01067,Реутов,154162,P0051,2.0,750.0,Завершен
VK94696,2018-04-27,CL00566,Москва,141220,P0013,2.0,550.0,Завершен
VK67177,2018-04-27,CL01032,Реутов,159591,P0031,1.5,412.5,Завершен
VK35192,2018-04-27,CL00971,Подольск,133425,P0042,0.5,137.5,Завершен
VK40422,2018-04-27,CL00295,Москава,192995,P0012,2.0,550.0,Завершен
VK99780,2018-04-27,CL00011,Люберцы,188039,P0094,2.5,937.5,Завершен
VK21297,2018-04-28,CL00433,Подольск,195355,P0066,2.5,937.5,Завершен
VK32713,2018-04-28,CL00325,Красногорск,185990,P0010,3.0,825.0,Завершен
VK74511,2018-04-28,CL00660,Королёв,142898,P0040,1.0,275.0,Завершен
VK74713,2018-04-28,CL00355,Мытищи,155027,P0002,0.5,137.5,Завершен
VK82984,2018-04-28,CL00287,Реутов,188895,P0072,1.5,562.5,Завершен
VK57026,2018-04-28,CL00336,Королёв,198617,P0028,0.5,137.5,Завершен
VK30788,2018-04-28,CL00452,Реутов,180147,P0038,1.5,412.5,Завершен
VK75991,2018-04-28,CL00368,Химки,141365,P0037,1.0,275.0,Завершен
VK54267,2018-04-28,CL00841,Королёв,123276,P0087,0.5,187.5,Завершен
VK39712,2018-04-28,CL00995,Мытищи,176756,P0003,2.0,550.0,Завершен
VK73748,2018-04-28,CL01185,Москва,120174,P0092,0.5,187.5,Завершен
VK56562,2018-04-28,CL00781,Люберцы,138602,P0070,1.5,562.5,Завершен
VK83010,2018-04-28,CL00014,Химки,100942,P0062,5.0,1875.0,Отказ
VK77552,2018-04-28,CL00451,Реутов,190505,P0080,1.5,562.5,Завершен
VK16608,2018-04-28,CL00434,Реутов,152505,P0075,2.5,937.5,Завершен
VK24539,2018-04-28,CL00265,Красногорск,152262,P0022,2.0,550.0,Завершен
VK53857,2018-04-29,CL01036,Люберцы,129215,P0027,1.0,275.0,Завершен
VK36462,2018-04-29,CL01133,Реутов,174925,P0056,5.0,1875.0,Завершен
VK10863,2018-04-29,CL00382,Реутов,198290,P0118,2.0,750.0,Завершен
VK72084,2018-04-29,CL00257,Королёв,155872,P0087,1.0,375.0,Завершен
VK32447,2018-04-29,CL00716,Красногорск,110208,P0039,1.5,412.5,Завершен
VK64396,2018-04-29,CL01038,Королёв,100864,P0048,0.5,137.5,Завершен
VK42171,2018-04-29,CL00068,Реутов,abcde,XXX999,1.5,562.5,Завершен
VK79422,2018-04-29,CL00792,Химки,109661,P0085,1.0,375.0,Завершен
VK62645,2018-04-30,CL00332,Люберцы,113256,P0120,0.5,187.5,Завершен
VK18056,2018-04-30,CL00912,Реутов,162684,P0003,5.0,1375.0,Завершен
VK96530,2018-04-30,CL00261,Реутов,169541,P0036,2.0,550.0,Завершен
VK85308,2018-04-30,CL00507,Реутов,150132,P0022,3.0,825.0,Завершен
VK96554,2018-04-30,CL00569,Реутов,170852,P0038,0.5,137.5,Завершен
VK64959,2018-04-30,CL00316,Красногорск,165715,P0100,2.5,937.5,Завершен
VK82562,2018-04-30,CL00801,Москва,156047,P0016,2.0,550.0,Завершен
VK51116,2018-04-30,CL00365,Подольск,189742,P0088,5.0,1875.0,Завершен
VK46671,2018-04-30,CL00864,Реутов,143426,P0072,1.5,562.5,Отказ
VK29249,2018-04-30,CL00678,Мытищи,113425,P0103,2.5,937.5,Завершен
VK94394,2018-04-30,CL00421,Красногорск,145268,P0010,3.0,825.0,Завершен
VK91836,2018-04-30,CL00951,Королёв,118111,P0016,1.0,275.0,Завершен
VK80770,2018-05-01,CL00247,Химки,130539,P0096,1.0,375.0,Отказ
VK49838,2018-05-01,CL00420,Химки,118830,P0103,2.5,937.5,Завершен
VK76227,2018-05-01,CL00936,Красногорск,114945,P0108,3.0,1125.0,Завершен
VK58887,2018-05-01,CL00233,Химки,183283,XXX999,0.5,187.5,Завершен
VK56461,2018-05-01,CL00278,Красногорск,123777,P0095,1.5,562.5,Завершен
VK95322,2018-05-01,CL01070,Реутов,186413,P0054,0.5,187.5,Отказ
VK85030,2018-05-01,CL00375,Люберцы,195300,P0021,0.5,137.5,Завершен
VK35238,2018-05-02,CL00489,Москва,161000,P0079,1.5,562.5,Завершен
VK69547,2018-05-02,CL00085,Люберцы,126100,P0071,5.0,1875.0,Завершен
VK65796,2018-05-02,CL00946,Реутов,163298,P0030,0.5,137.5,Завершен
VK22091,2018-05-02,CL00421,Красногорск,145268,P0110,5.0,1875.0,Завершен
VK27047,2018-05-02,CL00802,Люберцы,181931,P0075,0.5,187.5,Завершен
VK20233,2018-05-02,CL00638,Химки,173607,P0116,2.0,750.0,Завершен
VK62789,2018-05-02,CL00101,Королёв,127110,P0059,1.5,562.5,Завершен
VK61744,2018-05-02,CL00215,Химки,163335,P0092,2.5,937.5,Завершен
VK75382,2018-05-02,CL01139,Мытищи,152041,P0049,5.0,1375.0,Завершен
VK67682,2018-05-02,CL00481,Москва,138669,P0091,3.0,1125.0,Завершен
VK47957,2018-05-03,CL00797,Реутов,113272,P0061,0.5,187.5,Завершен
VK25432,2018-05-03,CL00422,Подольск,167499,P0051,0.5,187.5,Завершен
VK59081,2018-05-03,CL00012,Королёв,159177,P0111,1.5,562.5,Завершен
VK13667,2018-05-03,CL00618,Подольск,197057,P0109,1.5,562.5,Завершен
VK87283,2018-05-03,CL00190,Люберцы,137072,P0044,5.0,1375.0,Завершен
VK49998,2018-05-03,CL00481,Москва,138669,P0012,2.0,550.0,Отказ
VK74067,2018-05-03,CL00443,Реутов,196904,P0084,1.5,562.5,Завершен
VK55698,2018-05-03,CL01092,Химки,160142,P0105,0.5,187.5,Завершен
VK64732,2018-05-03,CL00656,Химки,142217,P0095,0.5,187.5,Завершен
VK84155,2018-05-03,CL00893,Подольск,189881,P0059,2.0,750.0,Завершен
VK59454,2018-05-03,CL01101,Люберцы,126577,P0032,2.0,550.0,Завершен
VK89391,2018-05-03,CL00665,Королёв,189463,P0029,2.0,550.0,Завершен
VK76160,2018-05-03,CL00693,Красногорск,174498,P0097,1.0,375.0,Завершен
VK91094,2018-05-04,CL00708,Реутов,108371,P0020,2.5,687.5,Отказ
VK16930,2018-05-04,CL00233,Химки,183283,P0010,2.5,687.5,Завершен
VK72368,2018-05-04,CL00301,Химки,122037,P0071,2.5,937.5,Завершен
VK25765,2018-05-04,CL01015,Химки,183995,P0101,2.5,937.5,Завершен
VK33559,2018-05-04,CL00885,Королёв,124697,P0078,3.0,1125.0,Завершен
VK36975,2018-05-04,CL00985,Королёв,185397,P0073,0.5,187.5,Завершен
VK85963,2018-05-04,CL00116,Подольск,162070,P0061,1.0,375.0,Завершен
VK79932,2018-05-04,CL00105,Королёв,157125,P0060,2.0,-750.0,Отказ
VK87187,2018-05-04,CL00293,Мытищи,197260,P0008,2.5,687.5,Завершен
VK13049,2018-05-04,CL01140,Мытищи,162021,P0049,0.5,137.5,Завершен
VK64386,2018-05-04,CL00727,Люберцы,169443,P0044,1.5,412.5,Завершен
VK51599,2018-05-04,CL00106,Москва,187670,P0088,0.5,187.5,Завершен
VK25026,2018-05-04,CL01062,Люберцы,192949,P0066,2.0,750.0,Завершен
VK47401,2018-05-04,CL00397,Красногорск,115907,P0040,0.5,137.5,Завершен
VK51948,2018-05-05,CL00781,Люберцы,138602,P0079,1.5,-562.5,Завершен
VK52495,2018-05-05,CL00365,Подольск,189742,P0087,1.0,375.0,Завершен
VK25855,2018-05-05,CL00002,Люберцы,199871,P0078,1.5,562.5,Завершен
VK88250,2018-05-05,CL00861,Люберцы,116769,P0120,0.5,187.5,Завершен
VK76666,2018-05-05,CL00772,Королёв,180495,P0112,2.5,937.5,Завершен
VK25083,2018-05-05,CL00612,Люберцы,111253,P0012,5.0,1375.0,Завершен
VK70925,2018-05-05,CL00405,Подольск,172260,P0089,1.5,562.5,Отказ
VK73461,2018-05-05,CL00686,Реутов,118327,P0055,2.5,937.5,Завершен
VK40636,2018-05-05,CL00808,Подольск,134510,P0088,0.5,187.5,Завершен
VK86830,2018-05-05,CL00792,Химки,109661,P0028,0.5,137.5,Завершен
VK82706,2018-05-05,CL01145,Москва,146771,P0020,3.0,825.0,Завершен
VK49926,2018-05-05,CL00420,Москава,118830,P0046,3.0,825.0,Завершен
VK20998,2018-05-05,CL00422,Подольск,167499,P0076,2.5,937.5,Завершен
VK36667,2018-05-05,CL01043,Химки,184837,P0021,5.0,1375.0,Завершен
VK11255,2018-05-06,CL00511,Москва,160686,P0107,2.0,750.0,Отказ
VK82848,2018-05-06,CL01144,Королёв,117206,P0017,3.0,825.0,Завершен
VK61483,2018-05-06,CL00544,Реутов,132208,P0041,3.0,825.0,Завершен
VK95078,2018-05-06,CL00169,Химки,175392,P0105,2.5,937.5,Отказ
VK14056,2018-05-06,CL00779,Красногорск,173659,P0097,3.0,1125.0,Отказ
VK68350,2018-05-06,CL01059,Красногорск,197175,P0088,5.0,1875.0,Завершен
VK59332,2018-05-06,CL00554,Люберцы,191469,P0028,3.0,825.0,Завершен
VK60692,2018-05-06,CL00358,Москва,131531,P0035,5.0,1375.0,Завершен
VK11105,2018-05-06,CL00998,Люберцы,157367,P0057,1.0,375.0,Завершен
VK35295,2018-05-06,CL01146,Королёв,abcde,P0006,0.5,137.5,Завершен
VK93681,2018-05-07,CL00681,Подольск,173831,P0059,1.0,375.0,Отказ
VK46352,2018-05-07,CL01100,Королёв,130783,P0083,2.0,750.0,Завершен
VK32344,2018-05-07,CL00556,Химки,169003,P0070,2.5,937.5,Завершен
VK84148,2018-05-07,CL00459,Химки,164094,P0107,2.5,937.5,Завершен
VK84074,2018-05-07,CL01037,Красногорск,145224,P0026,3.0,-825.0,Завершен
VK26809,2018-05-07,CL00740,Мытищи,189922,P0103,1.0,375.0,Отказ
VK35146,2018-05-08,CL00298,Красногорск,113875,P0094,3.0,1125.0,Завершен
VK98832,2018-05-08,CL00920,Красногорск,190209,P0096,5.0,1875.0,Завершен
VK99218,2018-05-08,CL00442,Красногорск,141750,P0109,2.5,937.5,Завершен
VK10256,2018-05-08,CL00486,Реутов,198796,P0026,2.5,687.5,Завершен
VK95200,2018-05-08,CL00082,Королёв,196463,P0041,2.0,550.0,Завершен
VK52336,2018-05-08,CL00215,Химки,163335,P0116,0.5,187.5,Завершен
VK63330,2018-05-08,CL00030,Реутов,195748,P0044,2.0,550.0,Завершен
VK77933,2018-05-08,CL00346,Красногорск,154381,P0091,1.5,562.5,Завершен
VK77797,2018-05-08,CL00619,Подольск,143383,P0115,2.0,750.0,Завершен
VK39431,2018-05-08,CL00180,Химки,117172,P0020,5.0,1375.0,Отказ
VK65058,2018-05-08,CL00146,Подольск,107146,P0004,0.5,137.5,Завершен
VK10676,2018-05-08,CL00356,Мытищи,165513,P0115,2.5,937.5,Завершен
VK20722,2018-05-08,CL00615,Мытищи,191326,P0040,2.0,550.0,Завершен
VK39573,2018-05-08,CL00425,Люберцы,180658,P0032,2.5,687.5,Завершен
VK67478,2018-05-09,CL00161,Королёв,130595,P0010,5.0,1375.0,Завершен
VK68517,2018-05-09,CL01036,Люберцы,129215,P0110,5.0,1875.0,Отказ
VK17954,2018-05-09,CL00150,Москва,162616,P0056,2.5,937.5,Завершен
VK18523,2018-05-09,CL00497,Мытищи,171781,P0047,0.5,137.5,Завершен
VK67923,2018-05-09,CL00861,Люберцы,116769,P0109,5.0,1875.0,Завершен
VK92075,2018-05-09,CL00587,Мытищи,136170,P0100,0.5,187.5,Завершен
VK98809,2018-05-09,CL00242,Красногорск,abcde,P0062,2.0,750.0,Отказ
VK48655,2018-05-09,CL01144,Королёв,117206,P0085,0.5,187.5,Завершен
VK22560,2018-05-09,CL00975,Мытищи,141662,P0074,5.0,1875.0,Завершен
VK95317,2018-05-10,CL00712,Химки,100336,XXX999,2.5,937.5,Завершен
VK69516,2018-05-10,CL00323,Москава,186057,P0110,3.0,1125.0,Завершен
VK35228,2018-05-10,CL00533,Королёв,143642,P0067,2.5,937.5,Завершен
VK88010,2018-05-10,CL00135,Химки,164038,P0093,0.5,187.5,Завершен
VK35377,2018-05-10,CL01125,Химки,162460,P0063,3.0,1125.0,Отказ
VK76702,2018-05-10,CL00263,Мытищи,185316,P0090,2.5,937.5,Завершен
VK73097,2018-05-10,CL00630,Люберцы,177354,XXX999,1.5,412.5,Завершен
VK34369,2018-05-10,CL00736,Москава,176638,P0070,3.0,1125.0,Завершен
VK15776,2018-05-10,CL00409,Мытищи,183238,P0039,1.0,275.0,Завершен
VK86614,2018-05-10,CL00664,Красногорск,144270,P0052,0.5,187.5,Завершен
VK95420,2018-05-10,CL01183,Мытищи,165525,P0118,2.0,750.0,Завершен
VK86502,2018-05-10,CL00492,Химки,117507,P0056,5.0,1875.0,Завершен
VK85813,2018-05-11,CL00803,Химки,127125,XXX999,2.5,937.5,Завершен
VK90753,2018-05-11,CL00940,Мытищи,125679,P0120,2.5,937.5,Завершен
VK31270,2018-05-11,CL00371,Люберцы,106265,P0060,1.5,562.5,Завершен
VK15530,2018-05-11,CL01060,Реутов,162539,P0022,0.5,137.5,Завершен
VK10484,2018-05-11,CL00132,Королёв,133862,P0038,2.0,550.0,Завершен
VK40182,2018-05-11,CL00889,Реутов,133526,P0028,3.0,825.0,Завершен
VK41328,2018-05-11,CL00332,Люберцы,113256,P0019,2.0,550.0,Завершен
VK53452,2018-05-11,CL00131,Красногорск,142600,P0048,2.0,550.0,Завершен
VK36911,2018-05-11,CL00596,Химки,136739,P0078,5.0,1875.0,Завершен
VK10881,2018-05-11,CL00353,Химки,171932,P0005,2.0,550.0,Завершен
VK56908,2018-05-11,CL00392,Химки,137431,P0077,1.5,562.5,Отказ
VK49986,2018-05-12,CL00059,Подольск,131029,P0076,1.5,562.5,Завершен
VK58804,2018-05-12,CL00511,Москва,160686,P0011,2.0,550.0,Завершен
VK79065,2018-05-12,CL01060,Реутов,162539,P0110,3.0,1125.0,Завершен
VK66848,2018-05-12,CL01124,Реутов,121409,P0029,5.0,1375.0,Завершен
VK28931,2018-05-12,CL01032,Реутов,159591,P0094,3.0,-1125.0,Отказ
VK35124,2018-05-12,CL00224,Реутов,117322,P0023,1.0,275.0,Завершен
VK59054,2018-05-12,CL00813,Королёв,130886,P0002,2.5,687.5,Завершен
VK93380,2018-05-12,CL00560,Мытищи,149436,P0013,1.5,412.5,Завершен
VK18503,2018-05-13,CL00454,Красногорск,162701,P0008,5.0,1375.0,Завершен
VK94550,2018-05-13,CL00114,Красногорск,108993,P0102,1.0,375.0,Завершен
VK75350,2018-05-13,CL00494,Реутов,161712,P0111,5.0,1875.0,Завершен
VK52182,2018-05-13,CL00567,Химки,198599,P0075,2.5,937.5,Завершен
VK73346,2018-05-13,CL01022,Реутов,127886,P0019,3.0,825.0,Завершен
VK72096,2018-05-13,CL00759,Москва,193502,P0044,3.0,825.0,Завершен
VK93637,2018-05-13,CL00350,Подольск,137601,XXX999,1.5,562.5,Завершен
VK14797,2018-05-13,CL00755,Люберцы,119481,P0022,5.0,1375.0,Завершен
VK36607,2018-05-13,CL00287,Реутов,188895,P0075,1.0,375.0,Завершен
VK61891,2018-05-13,CL00269,Реутов,196835,P0035,2.0,550.0,Завершен
VK59425,2018-05-13,CL00128,Королёв,195817,P0079,1.0,375.0,Завершен
VK59034,2018-05-13,CL00081,Королёв,188555,P0002,2.5,687.5,Завершен
VK27606,2018-05-13,CL00002,Люберцы,199871,P0018,1.5,412.5,Завершен
VK68262,2018-05-13,CL00227,Королёв,118449,P0082,5.0,1875.0,Отказ
VK86541,2018-05-13,CL00055,Москва,176350,P0034,2.5,687.5,Завершен
VK53154,2018-05-14,CL00502,Москва,188181,P0080,1.5,562.5,Завершен
VK99592,2018-05-14,CL00184,Мытищи,114871,P0043,1.5,412.5,Завершен
VK89171,2018-05-14,CL00148,Мытищи,175243,P0036,5.0,1375.0,Завершен
VK81188,2018-05-14,CL00816,Подольск,121910,P0106,1.0,375.0,Завершен
VK49252,2018-05-14,CL00709,Мытищи,166949,P0072,1.5,-562.5,Отказ
VK62928,2018-05-14,CL00674,Москва,110215,P0095,1.5,562.5,Завершен
VK95892,2018-05-14,CL00283,Москва,198885,P0065,2.0,750.0,Завершен
VK77193,2018-05-14,CL00147,Подольск,198669,XXX999,0.5,137.5,Завершен
VK62101,2018-05-14,CL00301,Химки,122037,P0016,5.0,1375.0,Завершен
VK37508,2018-05-14,CL00276,Люберцы,156244,P0048,1.0,275.0,Завершен
VK86939,2018-05-14,CL00740,Мытищи,189922,P0035,2.0,550.0,Завершен
VK71438,2018-05-14,CL00586,Люберцы,164634,P0076,5.0,1875.0,Завершен
VK54650,2018-05-14,CL00920,Красногорск,190209,P0073,3.0,1125.0,Завершен
VK34621,2018-05-14,CL00865,Люберцы,160786,P0088,5.0,1875.0,Отказ
VK64747,2018-05-14,CL00287,Реутов,188895,P0064,2.0,750.0,Завершен
VK83196,2018-05-14,CL00808,Подольск,134510,P0010,1.0,275.0,Завершен
VK85695,2018-05-14,CL00668,Королёв,156072,P0061,0.5,187.5,Завершен
VK53286,2018-05-15,CL00395,Красногорск,193000,P0066,1.0,375.0,Завершен
VK89036,2018-05-15,CL01178,Химки,106827,P0079,2.5,-937.5,Завершен
VK61234,2018-05-15,CL00962,Красногорск,113432,P0091,2.5,937.5,Завершен
VK61201,2018-05-15,CL00725,Химки,183354,P0041,2.0,550.0,Завершен
VK34685,2018-05-15,CL00249,Люберцы,118964,P0081,0.5,187.5,Завершен
VK84647,2018-05-15,CL00274,Подольск,129392,P0082,2.0,750.0,Завершен
VK49930,2018-05-15,CL00453,Москва,167984,P0031,2.0,550.0,Завершен
VK98458,2018-05-15,CL00047,Мытищи,197310,P0046,0.5,137.5,Завершен
VK89084,2018-05-15,CL00980,Москва,145351,P0019,2.5,687.5,Завершен
VK11447,2018-05-16,CL00023,Подольск,136509,P0115,0.5,187.5,Завершен
VK63852,2018-05-16,CL00894,Люберцы,113235,P0119,1.0,375.0,Завершен
VK24515,2018-05-16,CL01028,Подольск,174162,P0074,2.0,750.0,Завершен
VK72685,2018-05-16,CL00757,Москава,136670,P0056,1.0,375.0,Завершен
VK37063,2018-05-16,CL00131,Красногорск,142600,P0094,3.0,1125.0,Отказ
VK50600,2018-05-16,CL00126,Красногорск,160258,P0103,1.0,375.0,Завершен
VK97135,2018-05-16,CL00912,Реутов,162684,P0047,2.0,550.0,Завершен
VK85378,2018-05-16,CL01045,Подольск,105136,P0108,2.0,750.0,Завершен
VK75860,2018-05-16,CL00075,Красногорск,116334,P0091,1.5,562.5,Завершен
VK46102,2018-05-16,CL00403,Подольск,184192,P0013,3.0,825.0,Завершен
VK48987,2018-05-17,CL01157,Реутов,110382,P0036,2.0,550.0,Завершен
VK32954,2018-05-17,CL00414,Москва,175598,P0107,2.0,750.0,Завершен
VK90967,2018-05-17,CL00469,Королёв,118018,P0107,2.0,750.0,Завершен
VK60418,2018-05-17,CL01147,Королёв,191438,P0074,3.0,1125.0,Завершен
VK84529,2018-05-17,CL00758,Подольск,184233,P0056,3.0,1125.0,Завершен
VK15723,2018-05-17,CL01138,Подольск,186772,P0055,0.5,187.5,Завершен
VK30700,2018-05-17,CL00517,Химки,152725,P0109,1.0,375.0,Завершен
VK80482,2018-05-17,CL00809,Королёв,135200,P0040,1.5,412.5,Завершен
VK18748,2018-05-17,CL00238,Подольск,185841,P0007,1.5,412.5,Завершен
VK38476,2018-05-17,CL00967,Красногорск,171645,P0043,3.0,825.0,Завершен
VK82459,2018-05-17,CL01058,Реутов,163192,XXX999,2.0,750.0,Завершен
VK27888,2018-05-18,CL00478,Подольск,161344,P0038,0.5,137.5,Завершен
VK70849,2018-05-18,CL00548,Москва,109742,P0089,1.5,562.5,Завершен
VK20819,2018-05-18,CL00321,Реутов,188984,P0105,2.0,750.0,Завершен
VK67373,2018-05-18,CL00100,Химки,153424,P0110,2.5,937.5,Завершен
VK46587,2018-05-18,CL00938,Красногорск,106000,P0071,1.0,375.0,Завершен
VK12367,2018-05-18,CL00445,Люберцы,102180,P0017,5.0,1375.0,Завершен
VK48554,2018-05-18,CL00841,Королёв,123276,P0119,2.5,-937.5,Завершен
VK61229,2018-05-18,CL01032,Реутов,159591,P0049,0.5,137.5,Завершен
VK11469,2018-05-18,CL01159,Люберцы,169722,P0003,1.0,275.0,Отказ
VK67757,2018-05-18,CL01116,Реутов,148799,P0085,3.0,1125.0,Завершен
VK14514,2018-05-18,CL00327,Реутов,143054,P0007,1.5,412.5,Завершен
VK67941,2018-05-18,CL00294,Реутов,110205,P0101,3.0,1125.0,Завершен
VK93203,2018-05-18,CL00340,Подольск,179254,P0016,3.0,825.0,Отказ
VK96840,2018-05-18,CL00023,Подольск,136509,P0111,5.0,1875.0,Завершен
VK97680,2018-05-19,CL00897,Химки,134471,P0112,5.0,1875.0,Завершен
VK22661,2018-05-19,CL01034,Люберцы,134513,P0084,0.5,187.5,Завершен
VK97046,2018-05-19,CL00221,Подольск,182242,P0078,5.0,1875.0,Завершен
VK15768,2018-05-19,CL00488,Люберцы,190802,P0021,1.0,275.0,Завершен
VK52879,2018-05-19,CL00506,Москва,123590,P0014,2.0,550.0,Завершен
VK34844,2018-05-19,CL00688,Москва,186298,P0074,1.5,562.5,Завершен
VK81002,2018-05-19,CL01059,Красногорск,197175,P0111,2.5,937.5,Завершен
VK25834,2018-05-19,CL00547,Подольск,164004,P0006,2.0,550.0,Завершен
VK56737,2018-05-19,CL00558,Красногорск,160161,P0034,1.0,275.0,Завершен
VK62709,2018-05-19,CL00151,Мытищи,abcde,P0046,1.5,412.5,Завершен
VK61011,2018-05-19,CL01119,Химки,149923,P0080,3.0,1125.0,Завершен
VK18652,2018-05-19,CL00635,Подольск,118388,P0097,1.0,375.0,Завершен
VK92689,2018-05-20,CL00648,Мытищи,131056,P0116,2.5,937.5,Завершен
VK27423,2018-05-20,CL00377,Красногорск,abcde,P0017,3.0,825.0,Завершен
VK51676,2018-05-20,CL00479,Химки,143343,P0120,1.5,562.5,Завершен
VK18849,2018-05-20,CL00524,Реутов,141777,P0049,5.0,1375.0,Завершен
VK86681,2018-05-20,CL00979,Красногорск,128632,P0029,1.5,412.5,Отказ
VK93963,2018-05-20,CL00809,Королёв,135200,P0088,2.0,750.0,Завершен
VK87000,2018-05-20,CL01132,Подольск,183962,P0116,3.0,1125.0,Завершен
VK40488,2018-05-20,CL00364,Красногорск,146176,P0066,3.0,1125.0,Завершен
VK26260,2018-05-20,CL01183,Мытищи,165525,P0065,0.5,187.5,Завершен
VK66164,2018-05-20,CL00663,Реутов,164843,P0042,1.5,412.5,Завершен
VK20405,2018-05-20,CL00413,Москава,103718,P0081,5.0,1875.0,Завершен
VK75369,2018-05-20,CL00005,Москава,114662,P0085,0.5,187.5,Завершен
VK59250,2018-05-20,CL00136,Королёв,164332,P0074,1.5,562.5,Завершен
VK53420,2018-05-21,CL00011,Люберцы,188039,P0087,1.0,375.0,Завершен
VK80688,2018-05-21,CL01034,Люберцы,134513,P0018,1.5,412.5,Завершен
VK97163,2018-05-21,CL00884,Реутов,117536,P0040,0.5,137.5,Завершен
VK65868,2018-05-22,CL00489,Москва,161000,P0078,1.0,375.0,Завершен
VK31516,2018-05-22,CL01019,Люберцы,118350,P0066,3.0,1125.0,Завершен
VK65576,2018-05-22,CL00753,Москва,155923,P0074,3.0,1125.0,Завершен
VK49728,2018-05-22,CL00042,Мытищи,166307,P0040,1.0,275.0,Завершен
VK93309,2018-05-22,CL00326,Подольск,111104,P0047,1.5,412.5,Завершен
VK73068,2018-05-22,CL00195,Красногорск,192435,P0020,1.0,275.0,Завершен
VK57131,2018-05-22,CL00270,Подольск,176869,P0068,0.5,187.5,Завершен
VK71697,2018-05-22,CL00905,Королёв,122898,P0022,2.0,550.0,Завершен
VK89874,2018-05-22,CL00888,Мытищи,185267,P0036,2.0,-550.0,Завершен
VK30431,2018-05-22,CL00413,Москва,103718,P0072,3.0,1125.0,Завершен
VK47122,2018-05-23,CL00414,Москва,175598,P0017,2.0,-550.0,Завершен
VK73025,2018-05-23,CL00367,Королёв,126422,P0100,2.0,750.0,Завершен
VK71506,2018-05-23,CL01019,Люберцы,118350,P0114,0.5,187.5,Завершен
VK34854,2018-05-23,CL00445,Люберцы,102180,P0104,1.0,375.0,Завершен
VK75627,2018-05-23,CL00850,Реутов,100963,P0013,0.5,137.5,Отказ
VK74415,2018-05-23,CL01151,Люберцы,101383,P0058,3.0,1125.0,Завершен
VK61727,2018-05-23,CL00882,Подольск,105992,P0111,2.0,750.0,Завершен
VK72616,2018-05-24,CL00626,Красногорск,159972,P0100,3.0,1125.0,Завершен
VK57371,2018-05-24,CL00803,Химки,127125,P0026,0.5,137.5,Завершен
VK13703,2018-05-24,CL00425,Люберцы,180658,P0025,3.0,825.0,Завершен
VK29383,2018-05-24,CL00808,Подольск,134510,P0043,3.0,825.0,Завершен
VK99268,2018-05-24,CL00911,Мытищи,159839,P0095,1.5,562.5,Завершен
VK88924,2018-05-24,CL00813,Королёв,130886,P0020,1.0,275.0,Завершен
VK31158,2018-05-24,CL01061,Мытищи,171267,P0102,2.5,937.5,Завершен
VK22098,2018-05-24,CL00552,Королёв,169758,P0089,0.5,187.5,Завершен
VK60377,2018-05-24,CL00741,Москва,142964,P0007,3.0,825.0,Завершен
VK20531,2018-05-24,CL00196,Реутов,185461,P0008,2.0,550.0,Завершен
VK74451,2018-05-25,CL00730,Красногорск,198028,P0009,0.5,137.5,Завершен
VK64767,2018-05-25,CL00105,Королёв,157125,P0016,0.5,137.5,Отказ
VK47793,2018-05-25,CL00804,Люберцы,162071,P0088,2.5,937.5,Завершен
VK33121,2018-05-25,CL00656,Химки,142217,P0003,3.0,825.0,Завершен
VK27607,2018-05-25,CL00257,Королёв,155872,P0085,1.5,562.5,Завершен
VK75878,2018-05-25,CL00731,Мытищи,183521,P0092,1.0,375.0,Завершен
VK37862,2018-05-25,CL00680,Реутов,198717,P0090,0.5,187.5,Завершен
VK10947,2018-05-26,CL00475,Королёв,198173,P0116,0.5,187.5,Отказ
VK15486,2018-05-26,CL01141,Москва,168679,P0097,3.0,1125.0,Завершен
VK10951,2018-05-26,CL00643,Мытищи,135112,P0021,0.5,137.5,Завершен
VK44843,2018-05-26,CL01042,Москава,162759,P0070,2.0,750.0,Завершен
VK54175,2018-05-26,CL01154,Москва,138393,P0037,2.0,550.0,Завершен
VK58599,2018-05-26,CL00858,Химки,193502,P0028,2.5,687.5,Завершен
VK51317,2018-05-26,CL00864,Реутов,143426,P0119,3.0,1125.0,Завершен
VK57344,2018-05-26,CL00559,Химки,110566,P0118,5.0,1875.0,Завершен
VK90059,2018-05-26,CL01068,Подольск,172733,P0090,3.0,1125.0,Завершен
VK53287,2018-05-26,CL00917,Королёв,114802,P0050,0.5,137.5,Завершен
VK69889,2018-05-26,CL00675,Химки,158335,P0117,5.0,1875.0,Завершен
VK28201,2018-05-26,CL01109,Москва,151605,P0092,5.0,1875.0,Завершен
VK79550,2018-05-26,CL00104,Реутов,154921,P0070,0.5,187.5,Завершен
VK42576,2018-05-26,CL00672,Москва,140043,P0118,1.5,562.5,Завершен
VK23166,2018-05-27,CL01105,Королёв,141342,P0020,3.0,825.0,Завершен
VK89583,2018-05-27,CL01048,Мытищи,179498,P0118,3.0,1125.0,Завершен
VK78164,2018-05-27,CL00587,Мытищи,136170,P0092,1.0,375.0,Завершен
VK76143,2018-05-27,CL01138,Подольск,186772,P0066,2.5,937.5,Завершен
VK21415,2018-05-27,CL00660,Королёв,142898,P0081,0.5,187.5,Завершен
VK81925,2018-05-27,CL00892,Реутов,133126,P0030,1.5,412.5,Завершен
VK68495,2018-05-27,CL00004,Подольск,121174,P0010,5.0,1375.0,Завершен
VK80866,2018-05-27,CL00101,Королёв,127110,P0004,0.5,137.5,Завершен
VK32338,2018-05-27,CL00564,Химки,190739,P0104,1.0,375.0,Завершен
VK21722,2018-05-27,CL00516,Королёв,192181,P0056,5.0,1875.0,Завершен
VK13830,2018-05-27,CL00501,Королёв,154450,P0040,0.5,137.5,Завершен
VK52795,2018-05-27,CL00734,Реутов,196384,P0114,1.0,375.0,Завершен
VK18476,2018-05-28,CL00209,Подольск,150140,P0080,5.0,1875.0,Завершен
VK60023,2018-05-28,CL00575,Реутов,176791,XXX999,3.0,1125.0,Завершен
VK83649,2018-05-28,CL00538,Люберцы,167215,P0006,3.0,825.0,Завершен
VK40587,2018-05-28,CL01114,Люберцы,180358,P0119,5.0,1875.0,Завершен
VK48138,2018-05-28,CL00983,Мытищи,170809,P0077,1.0,375.0,Завершен
VK54595,2018-05-28,CL00553,Москва,194659,P0115,0.5,187.5,Завершен
VK34662,2018-05-28,CL00578,Подольск,141507,P0107,3.0,1125.0,Завершен
VK85083,2018-05-28,CL00166,Реутов,165597,P0080,3.0,1125.0,Завершен
VK70372,2018-05-29,CL00576,Мытищи,138715,P0110,2.0,750.0,Отказ
VK48905,2018-05-29,CL00752,Реутов,151773,P0028,1.5,412.5,Завершен
VK99126,2018-05-29,CL00818,Реутов,182211,P0028,5.0,1375.0,Завершен
VK47144,2018-05-29,CL00908,Москва,186947,P0042,2.0,550.0,Завершен
VK14501,2018-05-29,CL00666,Москва,160238,P0024,1.0,275.0,Завершен
VK75847,2018-05-29,CL00874,Подольск,120766,P0037,2.5,687.5,Завершен
VK85231,2018-05-29,CL00285,Королёв,154287,P0114,3.0,1125.0,Завершен
VK38272,2018-05-29,CL00009,Люберцы,179507,P0081,2.0,750.0,Завершен
VK59375,2018-05-29,CL00687,Люберцы,132527,P0091,2.0,750.0,Завершен
VK53665,2018-05-29,CL00026,Мытищи,130982,P0027,0.5,137.5,Завершен
VK37605,2018-05-29,CL01023,Люберцы,170736,P0032,1.0,275.0,Завершен
VK39500,2018-05-29,CL00649,Красногорск,179988,P0004,5.0,1375.0,Завершен
VK49855,2018-05-30,CL00680,Реутов,198717,P0063,5.0,1875.0,Завершен
VK85649,2018-05-30,CL00665,Королёв,189463,P0045,2.0,550.0,Завершен
VK73234,2018-05-30,CL01066,Реутов,180200,P0016,1.0,275.0,Завершен
VK37494,2018-05-30,CL00496,Королёв,147419,P0012,1.5,412.5,Завершен
VK35644,2018-05-30,CL00392,Химки,137431,P0112,1.0,375.0,Завершен
VK57477,2018-05-30,CL00314,Королёв,196851,P0109,3.0,1125.0,Завершен
VK23362,2018-05-30,CL00294,Реутов,110205,XXX999,3.0,1125.0,Завершен
VK29346,2018-05-30,CL01078,Москва,122973,P0053,3.0,1125.0,Завершен
VK72111,2018-05-31,CL00658,Реутов,109898,P0072,0.5,187.5,Завершен
VK25380,2018-05-31,CL00129,Красногорск,111359,P0080,1.0,-375.0,Завершен
VK87777,2018-05-31,CL00797,Реутов,113272,P0117,2.5,937.5,Завершен
VK92178,2018-05-31,CL00082,Королёв,196463,P0024,2.0,550.0,Завершен
VK14455,2018-05-31,CL01109,Москва,151605,P0063,3.0,1125.0,Завершен
VK68342,2018-06-01,CL01197,Люберцы,184004,P0002,1.5,412.5,Завершен
VK25286,2018-06-01,CL00885,Москава,124697,P0059,1.5,562.5,Отказ
VK94070,2018-06-01,CL00790,Подольск,164629,P0093,0.5,187.5,Завершен
VK39482,2018-06-01,CL00753,Москва,155923,P0081,3.0,1125.0,Завершен
VK85055,2018-06-01,CL00165,Королёв,190266,P0027,0.5,137.5,Завершен
VK22393,2018-06-01,CL00407,Подольск,121229,P0089,2.0,750.0,Завершен
VK95419,2018-06-02,CL00990,Королёв,104965,P0022,2.5,687.5,Завершен
VK37192,2018-06-02,CL00390,Королёв,173619,P0073,0.5,187.5,Завершен
VK33680,2018-06-02,CL01111,Красногорск,101549,P0079,3.0,1125.0,Завершен
VK33584,2018-06-02,CL00260,Подольск,182978,P0055,5.0,1875.0,Завершен
VK51195,2018-06-02,CL00544,Реутов,132208,P0046,0.5,137.5,Завершен
VK85377,2018-06-02,CL00672,Москва,140043,P0048,0.5,137.5,Отказ
VK21510,2018-06-02,CL01000,Подольск,117875,P0020,1.0,275.0,Завершен
VK14588,2018-06-02,CL00139,Королёв,145056,P0087,2.5,937.5,Завершен
VK76341,2018-06-02,CL01050,Подольск,166952,P0086,0.5,187.5,Завершен
VK51017,2018-06-03,CL00905,Королёв,122898,P0051,2.5,937.5,Завершен
VK56152,2018-06-03,CL01094,Реутов,128885,P0053,2.5,937.5,Завершен
VK37504,2018-06-03,CL01023,Люберцы,170736,P0053,2.5,937.5,Завершен
VK15863,2018-06-03,CL00576,Москава,138715,P0046,3.0,825.0,Отказ
VK28568,2018-06-03,CL01172,Москва,193674,P0021,1.0,275.0,Отказ
VK38208,2018-06-03,CL00085,Люберцы,126100,P0055,1.5,562.5,Завершен
VK38316,2018-06-03,CL00579,Мытищи,140405,P0051,1.0,375.0,Завершен
VK26841,2018-06-03,CL01012,Красногорск,143036,P0005,2.5,687.5,Завершен
VK19746,2018-06-03,CL00452,Реутов,180147,P0037,3.0,825.0,Завершен
VK60040,2018-06-03,CL00905,Королёв,122898,P0018,2.5,687.5,Завершен
VK92518,2018-06-04,CL00248,Подольск,178116,P0064,2.5,937.5,Завершен
VK92984,2018-06-04,CL00519,Подольск,137914,P0037,3.0,825.0,Завершен
VK58777,2018-06-04,CL00478,Подольск,161344,P0079,3.0,1125.0,Завершен
VK77033,2018-06-04,CL00639,Реутов,154477,P0085,2.5,937.5,Завершен
VK30118,2018-06-04,CL00102,Реутов,176556,P0043,2.5,687.5,Завершен
VK66836,2018-06-04,CL01097,Красногорск,123394,XXX999,1.5,562.5,Завершен
VK89116,2018-06-04,CL00429,Москва,151543,P0004,2.0,550.0,Отказ
VK26334,2018-06-04,CL00673,Реутов,192235,XXX999,1.0,275.0,Отказ
VK53714,2018-06-05,CL00331,Химки,120308,P0048,0.5,-137.5,Завершен
VK39591,2018-06-05,CL00856,Москва,138745,P0054,5.0,1875.0,Завершен
VK59434,2018-06-05,CL00602,Люберцы,193747,P0002,1.5,412.5,Отказ
VK23762,2018-06-05,CL00713,Москва,161835,P0009,1.0,275.0,Завершен
VK33033,2018-06-05,CL00093,Королёв,194276,P0017,5.0,1375.0,Завершен
VK50180,2018-06-05,CL00552,Королёв,abcde,P0095,2.5,937.5,Завершен
VK74175,2018-06-05,CL01096,Люберцы,112190,P0081,2.5,937.5,Завершен
VK84993,2018-06-05,CL00488,Люберцы,190802,P0073,0.5,187.5,Завершен
VK45527,2018-06-05,CL00711,Красногорск,abcde,P0011,5.0,1375.0,Завершен
VK16286,2018-06-05,CL01015,Химки,183995,P0064,2.5,937.5,Отказ
VK93780,2018-06-06,CL00043,Подольск,109016,P0023,0.5,137.5,Завершен
VK42651,2018-06-06,CL00001,Люберцы,159470,P0014,1.5,412.5,Завершен
VK70003,2018-06-06,CL00506,Москва,123590,P0076,3.0,-1125.0,Завершен
VK56399,2018-06-06,CL00580,Красногорск,113399,P0054,1.0,375.0,Завершен
VK50991,2018-06-07,CL00189,Мытищи,154387,P0035,1.5,412.5,Завершен
VK20416,2018-06-07,CL00526,Королёв,129536,P0063,5.0,1875.0,Отказ
VK22272,2018-06-07,CL00704,Подольск,192785,P0082,0.5,187.5,Завершен
VK21086,2018-06-07,CL00845,Химки,153674,P0093,1.0,375.0,Завершен
VK74598,2018-06-07,CL00863,Химки,197545,P0074,3.0,1125.0,Завершен
VK65572,2018-06-07,CL00941,Мытищи,151497,P0019,5.0,1375.0,Завершен
VK27881,2018-06-07,CL00898,Красногорск,abcde,P0061,3.0,1125.0,Завершен
VK99800,2018-06-07,CL01156,Реутов,121400,P0073,2.0,750.0,Завершен
VK26343,2018-06-07,CL00761,Красногорск,123568,P0092,3.0,1125.0,Завершен
VK34927,2018-06-07,CL00763,Москва,161824,P0110,2.0,750.0,Отказ
VK65702,2018-06-07,CL00232,Химки,181205,P0096,5.0,1875.0,Завершен
VK55227,2018-06-07,CL00913,Подольск,abcde,P0017,3.0,825.0,Завершен
VK96661,2018-06-07,CL01178,Химки,106827,P0012,1.0,275.0,Завершен
VK39500,2018-06-08,CL00583,Красногорск,101617,XXX999,5.0,1875.0,Завершен
VK27474,2018-06-08,CL00770,Люберцы,abcde,P0093,1.0,375.0,Отказ
VK16672,2018-06-08,CL00083,Мытищи,187012,P0007,2.5,687.5,Завершен
VK32345,2018-06-08,CL00389,Химки,abcde,P0072,2.0,750.0,Завершен
VK54296,2018-06-08,CL00013,Химки,144313,P0120,1.5,562.5,Завершен
VK80663,2018-06-08,CL00618,Подольск,197057,P0037,3.0,825.0,Завершен
VK25448,2018-06-08,CL01084,Химки,196590,P0021,5.0,1375.0,Завершен
VK48475,2018-06-08,CL00481,Москва,138669,P0028,1.5,412.5,Завершен
VK92729,2018-06-08,CL00160,Люберцы,137762,P0060,1.5,562.5,Завершен
VK49953,2018-06-08,CL00881,Подольск,165973,P0016,2.5,687.5,Завершен
VK14643,2018-06-08,CL00115,Москва,126130,XXX999,3.0,1125.0,Завершен
VK30147,2018-06-09,CL01171,Подольск,132778,P0056,2.5,937.5,Завершен
VK73886,2018-06-09,CL00451,Реутов,190505,P0094,2.0,750.0,Завершен
VK96066,2018-06-09,CL00323,Люберцы,186057,P0069,0.5,187.5,Завершен
VK61820,2018-06-09,CL00420,Химки,118830,P0049,1.5,412.5,Завершен
VK66143,2018-06-09,CL00209,Подольск,150140,P0087,1.5,562.5,Завершен
VK45321,2018-06-09,CL00844,Химки,184853,P0019,1.0,275.0,Завершен
VK96019,2018-06-09,CL00767,Подольск,177662,P0035,0.5,-137.5,Завершен
VK28333,2018-06-09,CL00424,Москава,112689,P0060,5.0,1875.0,Завершен
VK82105,2018-06-10,CL00855,Реутов,189228,P0040,0.5,137.5,Завершен
VK26703,2018-06-10,CL00228,Реутов,173048,P0020,2.0,550.0,Завершен
VK62412,2018-06-10,CL00598,Подольск,172102,P0032,1.5,412.5,Завершен
VK60967,2018-06-10,CL00701,Люберцы,195677,P0068,2.5,-937.5,Завершен
VK99710,2018-06-11,CL00964,Москва,150797,XXX999,1.5,562.5,Завершен
VK54845,2018-06-11,CL00432,Люберцы,114089,P0050,1.0,275.0,Отказ
VK11052,2018-06-11,CL00749,Мытищи,184670,P0076,2.0,750.0,Завершен
VK46991,2018-06-11,CL00319,Королёв,179928,P0019,2.0,550.0,Завершен
VK66223,2018-06-11,CL01035,Реутов,147880,P0024,2.0,550.0,Отказ
VK77009,2018-06-11,CL00554,Люберцы,191469,P0089,1.0,375.0,Завершен
VK25075,2018-06-11,CL00129,Красногорск,111359,P0055,1.0,375.0,Завершен
VK87489,2018-06-12,CL00022,Мытищи,124931,P0034,1.0,275.0,Завершен
VK40065,2018-06-12,CL00679,Красногорск,139223,P0025,3.0,-825.0,Завершен
VK15028,2018-06-12,CL00542,Москва,176550,XXX999,0.5,187.5,Завершен
VK29163,2018-06-12,CL00687,Люберцы,132527,XXX999,1.5,562.5,Завершен
VK36167,2018-06-12,CL00657,Реутов,175684,P0088,2.0,750.0,Отказ
VK59853,2018-06-12,CL00884,Реутов,117536,P0073,0.5,187.5,Завершен
VK93009,2018-06-12,CL00232,Химки,181205,P0024,2.0,550.0,Завершен
VK65846,2018-06-12,CL00239,Королёв,136666,P0105,1.0,-375.0,Завершен
VK65977,2018-06-12,CL00095,Королёв,132406,P0069,2.0,750.0,Отказ
VK24425,2018-06-12,CL00519,Подольск,137914,P0042,3.0,825.0,Отказ
VK56009,2018-06-12,CL01114,Люберцы,180358,P0016,1.5,412.5,Завершен
VK51922,2018-06-12,CL00819,Люберцы,195302,P0043,3.0,825.0,Завершен
VK53412,2018-06-13,CL01146,Королёв,170855,P0041,5.0,1375.0,Завершен
VK57367,2018-06-13,CL00859,Королёв,188063,P0053,1.5,562.5,Завершен
VK79319,2018-06-13,CL00211,Королёв,160236,P0077,3.0,1125.0,Завершен
VK95229,2018-06-13,CL00345,Мытищи,129102,P0072,2.5,937.5,Завершен
VK60338,2018-06-13,CL00435,Химки,137827,P0103,1.5,562.5,Завершен
VK27102,2018-06-13,CL00442,Красногорск,141750,P0053,0.5,187.5,Завершен
VK25775,2018-06-13,CL00518,Химки,198878,P0094,3.0,1125.0,Завершен
VK95767,2018-06-13,CL00603,Реутов,178372,P0038,0.5,137.5,Завершен
VK68427,2018-06-13,CL01017,Москава,147020,P0035,5.0,1375.0,Завершен
VK81641,2018-06-13,CL00904,Королёв,138800,XXX999,0.5,137.5,Отказ
VK74884,2018-06-14,CL00171,Королёв,157963,P0092,3.0,1125.0,Завершен
VK77303,2018-06-14,CL00274,Подольск,129392,P0023,3.0,825.0,Завершен
VK76752,2018-06-14,CL00022,Москава,124931,P0066,0.5,187.5,Завершен
VK61150,2018-06-14,CL00365,Подольск,189742,P0020,2.0,550.0,Завершен
VK37122,2018-06-14,CL00671,Мытищи,185054,P0075,2.0,750.0,Завершен
VK16752,2018-06-15,CL00874,Подольск,120766,P0060,1.0,375.0,Завершен
VK37521,2018-06-15,CL01196,Химки,165214,P0007,3.0,825.0,Завершен
VK95019,2018-06-15,CL00713,Москва,161835,P0042,2.5,687.5,Завершен
VK58380,2018-06-15,CL00433,Подольск,195355,P0054,1.5,562.5,Завершен
VK81994,2018-06-15,CL00576,Мытищи,138715,P0024,1.5,412.5,Отказ
VK63522,2018-06-15,CL00260,Подольск,182978,P0106,1.5,562.5,Завершен
VK17505,2018-06-15,CL00314,Королёв,196851,P0078,2.5,937.5,Завершен
VK60067,2018-06-16,CL00038,Люберцы,193872,P0042,0.5,137.5,Завершен
VK92081,2018-06-16,CL00525,Реутов,149343,P0098,3.0,1125.0,Завершен
VK37021,2018-06-16,CL00809,Королёв,135200,P0120,3.0,1125.0,Завершен
VK52501,2018-06-16,CL00197,Королёв,116547,P0084,5.0,1875.0,Завершен
VK92549,2018-06-16,CL01083,Реутов,151792,P0066,1.5,562.5,Завершен
VK61834,2018-06-16,CL00770,Люберцы,104975,P0001,5.0,1375.0,Завершен
VK66872,2018-06-16,CL00553,Москва,194659,P0111,1.0,375.0,Завершен
VK72784,2018-06-16,CL00678,Мытищи,113425,P0039,1.5,412.5,Завершен
VK70213,2018-06-16,CL00313,Мытищи,111835,P0045,0.5,137.5,Завершен
VK33083,2018-06-16,CL00611,Красногорск,163277,P0105,1.0,375.0,Завершен
VK33646,2018-06-16,CL00195,Красногорск,192435,P0031,1.0,275.0,Завершен
VK50653,2018-06-16,CL01165,Люберцы,157464,P0053,3.0,1125.0,Завершен
VK42145,2018-06-17,CL00033,Королёв,169615,P0013,1.0,275.0,Отказ
VK62757,2018-06-17,CL00123,Москва,156148,P0103,2.0,750.0,Завершен
VK27995,2018-06-17,CL00244,Химки,178269,P0036,0.5,137.5,Завершен
VK20957,2018-06-18,CL00873,Москва,135851,P0021,1.0,-275.0,Завершен
VK92232,2018-06-18,CL00872,Королёв,123176,P0029,1.5,412.5,Завершен
VK11231,2018-06-18,CL00513,Красногорск,124704,P0112,2.5,937.5,Отказ
VK54353,2018-06-18,CL00161,Королёв,130595,P0023,5.0,1375.0,Завершен
VK36518,2018-06-18,CL00259,Мытищи,119442,P0056,5.0,1875.0,Завершен
VK83774,2018-06-18,CL01176,Красногорск,195451,P0014,1.0,275.0,Завершен
VK50289,2018-06-18,CL00829,Москва,139722,P0014,2.0,550.0,Завершен
VK41956,2018-06-18,CL00043,Подольск,109016,P0033,1.5,412.5,Завершен
VK45056,2018-06-18,CL00695,Мытищи,108851,P0017,0.5,137.5,Завершен
VK12779,2018-06-18,CL01149,Люберцы,163131,P0048,3.0,825.0,Завершен
VK81387,2018-06-18,CL00105,Королёв,157125,P0008,5.0,1375.0,Отказ
VK64432,2018-06-18,CL00250,Люберцы,114408,P0090,1.5,562.5,Завершен
VK21115,2018-06-19,CL00206,Москва,107355,P0084,0.5,187.5,Завершен
VK33339,2018-06-19,CL00156,Люберцы,107894,P0070,0.5,187.5,Завершен
VK88592,2018-06-19,CL00071,Красногорск,141114,P0079,2.0,750.0,Завершен
VK29689,2018-06-19,CL00185,Мытищи,120181,P0004,1.0,275.0,Завершен
VK91888,2018-06-19,CL00203,Москва,130771,P0002,3.0,825.0,Завершен
VK23621,2018-06-19,CL00095,Королёв,132406,P0113,5.0,1875.0,Завершен
VK85739,2018-06-20,CL00103,Реутов,146105,P0070,5.0,1875.0,Отказ
VK46500,2018-06-20,CL01140,Мытищи,162021,P0120,2.0,750.0,Завершен
VK26716,2018-06-20,CL00084,Мытищи,198453,P0066,1.0,375.0,Отказ
VK56217,2018-06-20,CL00777,Мытищи,142284,P0064,1.0,375.0,Завершен
VK73083,2018-06-20,CL00713,Москва,161835,P0063,1.5,562.5,Завершен
VK88871,2018-06-20,CL00770,Люберцы,104975,P0016,3.0,825.0,Завершен
VK28116,2018-06-20,CL00767,Подольск,177662,P0030,5.0,1375.0,Завершен
VK42231,2018-06-20,CL01103,Мытищи,186956,P0111,5.0,-1875.0,Завершен
VK75156,2018-06-20,CL00741,Москва,142964,P0068,2.0,-750.0,Завершен
VK28264,2018-06-21,CL00774,Москва,176888,P0111,1.5,562.5,Завершен
VK82286,2018-06-21,CL00834,Красногорск,167537,P0041,1.5,412.5,Завершен
VK39437,2018-06-21,CL00089,Москва,113970,P0081,2.0,750.0,Завершен
VK25366,2018-06-21,CL00506,Москва,123590,P0030,0.5,137.5,Завершен
VK59474,2018-06-21,CL00591,Москва,143544,P0097,3.0,1125.0,Завершен
VK65667,2018-06-21,CL00074,Химки,109171,P0087,3.0,1125.0,Отказ
VK23894,2018-06-21,CL00587,Мытищи,136170,P0083,1.5,562.5,Отказ
VK72498,2018-06-21,CL00927,Химки,149628,P0098,3.0,1125.0,Завершен
VK30732,2018-06-21,CL01077,Реутов,168289,P0119,5.0,1875.0,Завершен
VK28517,2018-06-21,CL01122,Королёв,182660,P0076,0.5,187.5,Завершен
VK11635,2018-06-21,CL00050,Люберцы,106658,P0085,0.5,187.5,Завершен
VK64590,2018-06-21,CL00831,Химки,197481,P0009,2.5,687.5,Завершен
VK11731,2018-06-22,CL00555,Подольск,112624,P0085,5.0,-1875.0,Завершен
VK17864,2018-06-22,CL00293,Мытищи,197260,P0098,1.5,562.5,Завершен
VK32751,2018-06-22,CL01037,Красногорск,145224,P0069,3.0,-1125.0,Отказ
VK61955,2018-06-22,CL01047,Москва,195417,P0079,2.5,937.5,Завершен
VK69545,2018-06-22,CL00237,Реутов,187881,P0081,5.0,1875.0,Завершен
VK43823,2018-06-22,CL01193,Люберцы,159517,P0044,2.5,687.5,Завершен
VK39794,2018-06-22,CL00497,Мытищи,171781,P0049,2.5,687.5,Завершен
VK31603,2018-06-23,CL00945,Королёв,196497,P0005,2.0,550.0,Завершен
VK94757,2018-06-23,CL00890,Москва,185664,P0021,0.5,137.5,Завершен
VK24208,2018-06-23,CL00185,Мытищи,120181,P0012,2.0,550.0,Завершен
VK89061,2018-06-23,CL00280,Мытищи,128197,P0059,0.5,187.5,Отказ
VK13676,2018-06-23,CL00152,Москава,173772,P0116,5.0,1875.0,Завершен
VK80984,2018-06-23,CL00799,Люберцы,112571,P0066,1.0,375.0,Завершен
VK88264,2018-06-23,CL00309,Подольск,161462,P0111,0.5,187.5,Отказ
VK50516,2018-06-23,CL00321,Реутов,188984,P0028,0.5,137.5,Завершен
VK93674,2018-06-23,CL01029,Королёв,105297,P0105,1.0,375.0,Завершен
VK50449,2018-06-24,CL00911,Мытищи,159839,P0051,1.5,562.5,Отказ
VK47015,2018-06-24,CL00515,Химки,113224,P0063,0.5,187.5,Завершен
VK51218,2018-06-24,CL00183,Подольск,101792,P0068,2.0,750.0,Завершен
VK56640,2018-06-24,CL01129,Подольск,137304,P0038,5.0,1375.0,Завершен
VK22763,2018-06-24,CL00768,Красногорск,103697,P0037,1.0,275.0,Завершен
VK76005,2018-06-24,CL00359,Подольск,111221,P0056,1.5,-562.5,Завершен
VK29685,2018-06-24,CL01061,Мытищи,171267,P0095,0.5,187.5,Завершен
VK31108,2018-06-25,CL00754,Красногорск,124530,P0066,1.0,375.0,Завершен
VK89788,2018-06-25,CL00439,Подольск,166731,P0019,2.5,687.5,Завершен
VK54749,2018-06-25,CL00033,Королёв,169615,P0060,3.0,1125.0,Завершен
VK29975,2018-06-26,CL00473,Москва,122946,P0031,2.5,687.5,Отказ
VK75211,2018-06-26,CL00714,Реутов,123456,P0108,2.5,937.5,Завершен
VK28693,2018-06-26,CL00255,Королёв,180623,P0101,0.5,187.5,Завершен
VK81714,2018-06-26,CL01077,Реутов,168289,P0016,5.0,1375.0,Завершен
VK21425,2018-06-26,CL00282,Люберцы,174395,P0095,5.0,-1875.0,Завершен
VK51119,2018-06-26,CL00088,Реутов,131979,P0007,2.0,550.0,Отказ
VK31164,2018-06-26,CL00537,Люберцы,169946,P0118,1.0,375.0,Завершен
VK57622,2018-06-26,CL01122,Королёв,182660,P0097,0.5,187.5,Завершен
VK33486,2018-06-26,CL00946,Реутов,abcde,P0040,1.5,412.5,Отказ
VK43809,2018-06-26,CL00510,Подольск,129188,P0066,3.0,1125.0,Завершен
VK51110,2018-06-27,CL00406,Подольск,107263,P0111,5.0,1875.0,Завершен
VK64158,2018-06-27,CL00642,Люберцы,159942,P0047,1.5,412.5,Отказ
VK99463,2018-06-27,CL00501,Королёв,154450,P0006,2.5,687.5,Завершен
VK94392,2018-06-27,CL01062,Люберцы,192949,P0096,0.5,187.5,Завершен
VK42088,2018-06-27,CL01058,Реутов,163192,P0033,0.5,137.5,Завершен
VK11041,2018-06-27,CL00964,Москва,150797,P0002,3.0,825.0,Завершен
VK48097,2018-06-27,CL00681,Подольск,173831,P0044,1.0,275.0,Завершен
VK62334,2018-06-27,CL00169,Химки,175392,P0073,2.0,750.0,Завершен
VK60885,2018-06-27,CL00312,Королёв,148331,P0120,5.0,1875.0,Отказ
VK22255,2018-06-27,CL01194,Реутов,102453,P0064,5.0,1875.0,Завершен
VK72419,2018-06-28,CL00147,Подольск,198669,P0108,1.0,-375.0,Завершен
VK15017,2018-06-28,CL00421,Красногорск,145268,P0114,0.5,187.5,Завершен
VK71599,2018-06-28,CL01044,Москва,116762,P0088,2.5,937.5,Завершен
VK51967,2018-06-28,CL00315,Королёв,174928,P0112,1.0,375.0,Завершен
VK88784,2018-06-28,CL00392,Химки,137431,P0089,2.5,937.5,Отказ
VK57381,2018-06-28,CL00478,Москава,161344,P0072,5.0,1875.0,Завершен
VK72050,2018-06-28,CL00975,Мытищи,141662,P0067,5.0,1875.0,Завершен
VK13007,2018-06-28,CL01044,Москва,116762,P0025,1.0,275.0,Отказ
VK45369,2018-06-28,CL00205,Мытищи,190964,P0071,5.0,1875.0,Завершен
VK20956,2018-06-28,CL00983,Мытищи,170809,XXX999,1.5,412.5,Завершен
VK63093,2018-06-28,CL00706,Подольск,198274,P0103,1.0,375.0,Отказ
VK69168,2018-06-28,CL01178,Химки,106827,XXX999,0.5,187.5,Завершен
VK38063,2018-06-28,CL00417,Люберцы,189783,P0021,5.0,1375.0,Завершен
VK34127,2018-06-28,CL01064,Красногорск,113970,P0025,3.0,825.0,Завершен
VK83519,2018-06-29,CL00497,Мытищи,171781,P0061,2.0,750.0,Завершен
VK36025,2018-06-29,CL00985,Королёв,185397,P0104,5.0,1875.0,Завершен
VK85823,2018-06-29,CL00554,Люберцы,191469,P0009,0.5,137.5,Завершен
VK97040,2018-06-29,CL00052,Красногорск,183507,P0115,2.5,937.5,Завершен
VK51486,2018-06-29,CL01158,Химки,180375,P0110,5.0,1875.0,Завершен
VK70117,2018-06-29,CL00826,Подольск,118855,P0120,0.5,187.5,Завершен
VK51472,2018-06-29,CL00438,Красногорск,144444,P0070,1.0,375.0,Завершен
VK98335,2018-06-29,CL00154,Химки,149856,P0095,0.5,187.5,Завершен
VK10481,2018-06-29,CL00134,Москва,125042,P0119,2.0,750.0,Завершен
VK26478,2018-06-29,CL00432,Люберцы,114089,P0041,2.0,550.0,Завершен
VK26350,2018-06-30,CL01099,Подольск,189536,P0013,1.5,412.5,Завершен
VK69768,2018-06-30,CL00465,Королёв,170592,P0095,3.0,1125.0,Завершен
VK56165,2018-06-30,CL00606,Мытищи,186193,P0076,2.0,750.0,Завершен
VK78572,2018-06-30,CL00900,Москава,101671,P0004,5.0,1375.0,Завершен
VK33044,2018-06-30,CL01110,Королёв,191520,P0061,5.0,1875.0,Завершен
VK33186,2018-06-30,CL01152,Подольск,161498,P0107,2.0,750.0,Завершен
VK81141,2018-06-30,CL00729,Люберцы,130339,P0038,2.5,687.5,Завершен
VK96455,2018-06-30,CL01101,Люберцы,126577,P0067,2.0,750.0,Завершен
VK65134,2018-07-01,CL00345,Мытищи,129102,P0038,3.0,825.0,Завершен
VK69589,2018-07-01,CL00051,Реутов,abcde,P0076,1.0,375.0,Завершен
VK35632,2018-07-01,CL00570,Реутов,118343,P0047,2.5,687.5,Завершен
VK26310,2018-07-01,CL00070,Люберцы,178193,P0087,5.0,1875.0,Завершен
VK70810,2018-07-01,CL00439,Подольск,166731,P0087,1.5,562.5,Завершен
VK94523,2018-07-01,CL00182,Москва,179806,P0092,2.0,750.0,Завершен
VK61879,2018-07-01,CL00425,Люберцы,180658,P0067,3.0,1125.0,Завершен
VK39351,2018-07-01,CL00410,Подольск,180534,P0110,0.5,187.5,Завершен
VK96334,2018-07-01,CL00147,Подольск,198669,P0071,2.5,937.5,Завершен
VK78021,2018-07-02,CL00600,Люберцы,109064,P0067,5.0,1875.0,Завершен
VK51611,2018-07-02,CL00190,Люберцы,137072,P0066,5.0,1875.0,Завершен
VK84997,2018-07-02,CL00417,Люберцы,189783,P0046,1.5,412.5,Завершен
VK61296,2018-07-02,CL00683,Подольск,180750,P0120,2.0,750.0,Завершен
VK61381,2018-07-03,CL00770,Люберцы,104975,P0033,0.5,137.5,Завершен
VK44108,2018-07-03,CL00656,Химки,142217,P0105,5.0,1875.0,Завершен
VK52258,2018-07-03,CL00843,Люберцы,106507,P0056,5.0,1875.0,Завершен
VK13360,2018-07-03,CL01111,Красногорск,101549,P0076,1.0,375.0,Отказ
VK87763,2018-07-03,CL00110,Подольск,149689,P0018,2.0,550.0,Отказ
VK81260,2018-07-03,CL00519,Подольск,137914,P0035,1.0,275.0,Отказ
VK13314,2018-07-03,CL00469,Королёв,118018,P0025,0.5,137.5,Завершен
VK69468,2018-07-03,CL00583,Красногорск,101617,P0008,3.0,825.0,Завершен
VK56939,2018-07-03,CL01123,Королёв,173680,P0001,3.0,825.0,Завершен
VK39065,2018-07-03,CL00024,Москава,109880,P0070,1.0,375.0,Завершен
VK28590,2018-07-04,CL00540,Красногорск,148589,P0106,2.5,937.5,Завершен
VK33675,2018-07-04,CL00226,Люберцы,144396,P0097,1.5,-562.5,Завершен
VK57369,2018-07-04,CL00758,Подольск,184233,P0041,0.5,137.5,Отказ
VK23195,2018-07-04,CL01080,Химки,178579,P0004,5.0,1375.0,Завершен
VK64230,2018-07-04,CL00250,Люберцы,114408,P0021,2.0,550.0,Завершен
VK92009,2018-07-04,CL00996,Мытищи,165907,P0107,0.5,187.5,Завершен
VK65038,2018-07-04,CL00236,Мытищи,170457,P0018,0.5,137.5,Завершен
VK93040,2018-07-04,CL00732,Мытищи,108163,P0094,2.0,750.0,Завершен
VK25045,2018-07-05,CL00243,Мытищи,159600,P0012,1.0,275.0,Завершен
VK28161,2018-07-05,CL00486,Реутов,198796,P0074,1.0,375.0,Отказ
VK26591,2018-07-05,CL00473,Москва,122946,P0117,1.0,375.0,Отказ
VK36114,2018-07-05,CL00239,Королёв,136666,P0077,1.5,562.5,Завершен
VK82285,2018-07-05,CL01115,Красногорск,155567,P0093,0.5,187.5,Завершен
VK74985,2018-07-05,CL00477,Красногорск,184058,P0109,3.0,1125.0,Завершен
VK62421,2018-07-05,CL01200,Москва,163618,P0083,2.0,750.0,Завершен
VK35936,2018-07-05,CL00347,Реутов,130903,P0072,1.0,375.0,Завершен
VK46842,2018-07-05,CL00987,Москва,127627,P0016,3.0,825.0,Завершен
VK92929,2018-07-06,CL00091,Москва,115906,P0097,2.5,937.5,Завершен
VK31921,2018-07-06,CL00848,Люберцы,149345,P0059,5.0,1875.0,Отказ
VK43169,2018-07-06,CL00083,Мытищи,187012,P0009,0.5,137.5,Завершен
VK89152,2018-07-06,CL00582,Мытищи,146388,P0002,2.5,687.5,Завершен
VK79533,2018-07-06,CL00789,Москва,196021,P0006,5.0,1375.0,Завершен
VK25027,2018-07-06,CL00919,Москва,188857,P0018,1.5,412.5,Завершен
VK66280,2018-07-06,CL01009,Мытищи,125875,P0098,1.0,375.0,Завершен
VK42154,2018-07-06,CL00315,Королёв,174928,P0084,5.0,1875.0,Завершен
VK58714,2018-07-06,CL01110,Королёв,191520,P0077,0.5,187.5,Завершен
VK51215,2018-07-06,CL01066,Реутов,180200,P0017,1.5,412.5,Завершен
VK70997,2018-07-07,CL00517,Химки,152725,P0022,3.0,825.0,Завершен
VK40493,2018-07-07,CL00601,Королёв,139692,P0070,2.5,937.5,Завершен
VK47173,2018-07-07,CL00220,Красногорск,124920,P0090,2.5,937.5,Отказ
VK38503,2018-07-07,CL00578,Подольск,141507,P0028,2.5,687.5,Завершен
VK89679,2018-07-07,CL01157,Реутов,110382,P0069,0.5,187.5,Завершен
VK19807,2018-07-07,CL00076,Люберцы,142753,P0011,5.0,1375.0,Завершен
VK65279,2018-07-07,CL00392,Химки,137431,P0039,2.5,687.5,Завершен
VK75359,2018-07-08,CL00764,Химки,113124,P0105,0.5,187.5,Завершен
VK65212,2018-07-08,CL00504,Мытищи,145158,P0049,0.5,137.5,Завершен
VK32431,2018-07-08,CL00439,Подольск,166731,P0115,0.5,187.5,Завершен
VK60181,2018-07-08,CL00693,Красногорск,174498,P0106,2.5,937.5,Завершен
VK47360,2018-07-08,CL00086,Москва,abcde,P0105,1.0,375.0,Завершен
VK85465,2018-07-08,CL00320,Красногорск,137079,P0090,0.5,187.5,Завершен
VK47272,2018-07-08,CL00580,Красногорск,113399,P0048,0.5,137.5,Завершен
VK62797,2018-07-08,CL01066,Реутов,180200,P0030,1.0,275.0,Завершен
VK79142,2018-07-08,CL00092,Подольск,187500,P0106,0.5,187.5,Завершен
VK51574,2018-07-09,CL00113,Мытищи,198176,P0016,3.0,825.0,Завершен
VK20455,2018-07-09,CL00009,Люберцы,abcde,P0053,5.0,1875.0,Завершен
VK74725,2018-07-09,CL00138,Химки,176225,P0008,2.5,687.5,Завершен
VK49117,2018-07-09,CL00526,Королёв,129536,P0012,2.5,687.5,Отказ
VK74662,2018-07-09,CL00426,Химки,120932,P0005,3.0,825.0,Завершен
VK25913,2018-07-09,CL00902,Подольск,167070,P0004,5.0,1375.0,Завершен
VK90999,2018-07-09,CL01131,Мытищи,137555,P0054,5.0,1875.0,Завершен
VK16269,2018-07-09,CL00942,Королёв,124979,P0081,0.5,187.5,Отказ
VK23780,2018-07-09,CL00291,Королёв,123028,P0002,5.0,1375.0,Отказ
VK10647,2018-07-10,CL00028,Москва,100282,P0111,5.0,1875.0,Завершен
VK44037,2018-07-10,CL01131,Мытищи,137555,P0029,3.0,825.0,Завершен
VK16291,2018-07-10,CL00279,Реутов,abcde,P0119,5.0,1875.0,Отказ
VK53165,2018-07-10,CL00859,Королёв,188063,P0109,1.5,562.5,Отказ
VK59749,2018-07-10,CL00629,Красногорск,160012,P0085,3.0,1125.0,Завершен
VK28056,2018-07-10,CL00060,Подольск,103248,P0059,1.5,562.5,Завершен
VK26552,2018-07-10,CL00406,Подольск,107263,P0051,2.5,937.5,Завершен
VK86563,2018-07-10,CL00399,Красногорск,148353,P0062,1.5,562.5,Завершен
VK64171,2018-07-10,CL00366,Королёв,117675,P0028,5.0,1375.0,Завершен
VK36986,2018-07-11,CL01119,Химки,149923,P0032,3.0,825.0,Завершен
VK74828,2018-07-11,CL00670,Люберцы,147242,P0052,3.0,1125.0,Отказ
VK97883,2018-07-11,CL01024,Подольск,129269,P0073,0.5,187.5,Завершен
VK60470,2018-07-11,CL00858,Химки,193502,P0046,1.0,275.0,Завершен
VK54623,2018-07-11,CL01103,Мытищи,186956,P0029,1.0,275.0,Завершен
VK79159,2018-07-11,CL01103,Мытищи,186956,P0028,1.0,275.0,Завершен
VK50871,2018-07-11,CL00386,Подольск,148623,P0120,2.5,937.5,Завершен
VK30184,2018-07-11,CL01061,Мытищи,171267,P0034,3.0,825.0,Завершен
VK27047,2018-07-11,CL00886,Реутов,129402,P0104,5.0,1875.0,Завершен
VK60538,2018-07-11,CL00381,Люберцы,107518,P0056,1.0,375.0,Завершен
VK77300,2018-07-11,CL00858,Химки,193502,P0092,2.0,750.0,Завершен
VK34635,2018-07-11,CL00660,Королёв,142898,P0019,1.0,275.0,Завершен
VK31521,2018-07-11,CL00971,Подольск,133425,P0048,0.5,137.5,Завершен
VK29742,2018-07-12,CL00788,Мытищи,114160,P0039,1.5,412.5,Завершен
VK76574,2018-07-12,CL01021,Мытищи,166476,P0094,2.0,750.0,Завершен
VK45728,2018-07-12,CL00566,Москва,141220,P0081,1.5,562.5,Отказ
VK95016,2018-07-12,CL00143,Химки,163464,P0048,1.5,412.5,Отказ
VK65389,2018-07-12,CL00346,Красногорск,154381,XXX999,2.0,750.0,Завершен
VK62781,2018-07-12,CL00857,Реутов,196564,P0047,1.0,275.0,Завершен
VK79410,2018-07-12,CL00698,Реутов,110803,P0111,1.0,375.0,Завершен
VK38780,2018-07-13,CL00369,Реутов,171176,P0047,1.0,275.0,Завершен
VK14677,2018-07-13,CL00588,Люберцы,110082,P0011,0.5,137.5,Отказ
VK18630,2018-07-13,CL00833,Химки,153368,P0054,2.5,937.5,Завершен
VK39683,2018-07-13,CL00533,Королёв,143642,P0108,2.5,937.5,Завершен
VK63026,2018-07-13,CL00754,Красногорск,124530,XXX999,2.5,937.5,Завершен
VK38821,2018-07-13,CL00799,Люберцы,112571,P0017,2.0,550.0,Завершен
VK45162,2018-07-13,CL00316,Красногорск,165715,P0037,3.0,825.0,Завершен
VK36683,2018-07-13,CL00036,Реутов,174668,P0013,2.0,550.0,Завершен
VK88159,2018-07-13,CL00861,Люберцы,116769,P0036,1.5,412.5,Завершен
VK22352,2018-07-13,CL01155,Москва,124716,P0062,1.5,562.5,Завершен
VK91542,2018-07-13,CL00241,Красногорск,189873,P0077,1.0,375.0,Завершен
VK42441,2018-07-14,CL01164,Москва,113405,P0081,2.5,937.5,Отказ
VK12279,2018-07-14,CL00137,Москва,129045,P0055,2.0,750.0,Завершен
VK48097,2018-07-14,CL00525,Реутов,149343,P0007,2.5,687.5,Завершен
VK75948,2018-07-14,CL00112,Люберцы,155255,P0030,5.0,1375.0,Завершен
VK55977,2018-07-15,CL00502,Москва,188181,P0110,2.0,750.0,Завершен
VK73765,2018-07-15,CL00967,Красногорск,171645,P0071,2.5,937.5,Завершен
VK11777,2018-07-15,CL01184,Красногорск,199557,P0034,1.5,412.5,Завершен
VK53743,2018-07-15,CL01091,Королёв,173815,P0091,5.0,1875.0,Завершен
VK88085,2018-07-15,CL00071,Красногорск,141114,P0116,2.5,937.5,Завершен
VK99887,2018-07-15,CL00970,Реутов,136583,P0072,2.0,750.0,Завершен
VK12716,2018-07-15,CL00227,Королёв,118449,P0015,2.5,687.5,Завершен
VK38869,2018-07-15,CL00588,Люберцы,110082,P0092,1.0,375.0,Завершен
VK61252,2018-07-16,CL00859,Королёв,188063,P0051,1.5,562.5,Завершен
VK46208,2018-07-16,CL00609,Москва,129098,P0077,2.5,937.5,Завершен
VK85958,2018-07-16,CL00627,Люберцы,164157,P0054,1.5,562.5,Завершен
VK90264,2018-07-16,CL00929,Мытищи,158598,P0072,2.5,937.5,Завершен
VK69641,2018-07-16,CL01061,Мытищи,171267,P0038,0.5,137.5,Завершен
VK12043,2018-07-17,CL00600,Люберцы,109064,XXX999,0.5,187.5,Завершен
VK47095,2018-07-17,CL01038,Королёв,100864,P0071,2.0,750.0,Отказ
VK16972,2018-07-17,CL00031,Подольск,128534,P0004,5.0,1375.0,Завершен
VK66403,2018-07-17,CL00875,Мытищи,156847,P0014,2.0,550.0,Завершен
VK10084,2018-07-17,CL00231,Реутов,148689,P0045,1.5,412.5,Завершен
VK20579,2018-07-18,CL00898,Красногорск,138712,P0005,2.0,550.0,Завершен
VK72020,2018-07-18,CL00951,Королёв,118111,P0076,1.5,562.5,Завершен
VK98932,2018-07-18,CL00568,Мытищи,173919,P0114,1.5,562.5,Завершен
VK62312,2018-07-18,CL01045,Подольск,105136,P0043,3.0,825.0,Завершен
VK49586,2018-07-18,CL00060,Подольск,103248,P0018,0.5,137.5,Завершен
VK83912,2018-07-18,CL00049,Химки,134600,P0050,2.5,687.5,Завершен
VK52268,2018-07-18,CL00670,Люберцы,147242,P0106,2.0,750.0,Завершен
VK99564,2018-07-18,CL00567,Химки,198599,P0038,5.0,1375.0,Завершен
VK27785,2018-07-18,CL00578,Подольск,141507,P0019,5.0,1375.0,Завершен
VK49460,2018-07-18,CL01072,Мытищи,152502,P0056,2.0,750.0,Завершен
VK84273,2018-07-18,CL00718,Химки,106019,P0088,1.5,562.5,Отказ
VK34034,2018-07-18,CL00205,Мытищи,190964,P0043,3.0,825.0,Завершен
VK90636,2018-07-19,CL00574,Королёв,172487,P0008,0.5,137.5,Завершен
VK86064,2018-07-19,CL00725,Химки,abcde,P0065,1.5,562.5,Завершен
VK91381,2018-07-19,CL00412,Подольск,194454,P0118,2.5,937.5,Завершен
VK48449,2018-07-19,CL00575,Реутов,176791,P0094,2.5,937.5,Завершен
VK61466,2018-07-19,CL01146,Королёв,170855,P0103,0.5,187.5,Завершен
VK10780,2018-07-19,CL00784,Мытищи,118434,P0094,1.0,-375.0,Завершен
VK77896,2018-07-19,CL00133,Люберцы,191905,P0064,2.0,750.0,Завершен
VK21096,2018-07-19,CL00900,Красногорск,101671,P0014,2.0,550.0,Завершен
VK95181,2018-07-19,CL00609,Москва,129098,P0028,0.5,137.5,Завершен
VK22766,2018-07-19,CL01073,Москва,183345,P0104,0.5,187.5,Завершен
VK73106,2018-07-19,CL00731,Мытищи,183521,P0097,5.0,1875.0,Завершен
VK28894,2018-07-20,CL00343,Люберцы,121012,P0023,3.0,825.0,Завершен
VK74920,2018-07-20,CL00127,Реутов,168386,P0038,2.5,687.5,Завершен
VK98562,2018-07-20,CL00340,Подольск,179254,P0049,1.0,275.0,Завершен
VK49438,2018-07-20,CL01114,Люберцы,180358,P0040,3.0,825.0,Завершен
VK10845,2018-07-20,CL00886,Реутов,129402,P0069,3.0,1125.0,Завершен
VK36306,2018-07-20,CL00158,Подольск,172350,P0007,5.0,-1375.0,Завершен
VK30056,2018-07-20,CL00598,Подольск,172102,P0059,0.5,187.5,Отказ
VK78134,2018-07-20,CL00192,Красногорск,199991,P0025,2.5,687.5,Завершен
VK23579,2018-07-20,CL00658,Реутов,109898,P0033,0.5,137.5,Завершен
VK48015,2018-07-21,CL01194,Реутов,102453,P0064,1.0,375.0,Завершен
VK87170,2018-07-21,CL01127,Красногорск,133779,P0112,1.5,562.5,Завершен
VK46068,2018-07-21,CL00797,Реутов,113272,P0027,2.0,550.0,Завершен
VK24068,2018-07-21,CL00115,Москва,126130,P0115,2.0,750.0,Завершен
VK65683,2018-07-21,CL00631,Подольск,131270,P0095,2.0,750.0,Завершен
VK56494,2018-07-22,CL01102,Красногорск,113983,P0066,2.0,750.0,Отказ
VK70076,2018-07-22,CL00023,Подольск,136509,P0098,1.0,375.0,Завершен
VK30750,2018-07-22,CL01092,Химки,160142,P0033,1.5,412.5,Отказ
VK75956,2018-07-22,CL00689,Химки,166784,P0067,1.5,562.5,Завершен
VK78820,2018-07-22,CL01189,Королёв,173272,P0083,1.0,375.0,Завершен
VK32871,2018-07-22,CL00116,Подольск,162070,P0038,2.0,550.0,Завершен
VK95974,2018-07-22,CL00190,Москава,137072,P0086,3.0,1125.0,Завершен
VK70225,2018-07-22,CL00115,Москва,126130,P0032,3.0,825.0,Завершен
VK43977,2018-07-23,CL01175,Химки,abcde,P0024,5.0,1375.0,Завершен
VK87182,2018-07-23,CL00057,Москва,127535,P0107,1.0,375.0,Завершен
VK90933,2018-07-23,CL01015,Химки,183995,P0063,2.5,937.5,Завершен
VK32815,2018-07-24,CL00027,Реутов,128016,P0030,3.0,825.0,Завершен
VK68918,2018-07-24,CL00650,Подольск,127082,P0003,1.5,412.5,Завершен
VK93544,2018-07-24,CL00390,Королёв,173619,P0064,2.0,750.0,Завершен
VK35653,2018-07-24,CL00145,Химки,139618,P0080,2.5,937.5,Завершен
VK98978,2018-07-24,CL00385,Красногорск,174349,P0005,1.5,412.5,Завершен
VK31245,2018-07-24,CL00599,Королёв,127479,P0041,1.5,-412.5,Завершен
VK35204,2018-07-24,CL00728,Реутов,107850,P0004,2.0,550.0,Завершен
VK92459,2018-07-24,CL00708,Реутов,108371,XXX999,0.5,187.5,Завершен
VK54657,2018-07-25,CL00443,Реутов,196904,P0011,2.5,687.5,Завершен
VK94178,2018-07-25,CL01087,Химки,152947,P0005,1.0,275.0,Завершен
VK37194,2018-07-25,CL01014,Реутов,141053,P0044,2.5,687.5,Завершен
VK75647,2018-07-25,CL01064,Красногорск,113970,P0034,2.5,687.5,Завершен
VK83229,2018-07-25,CL01106,Люберцы,166995,P0040,1.5,412.5,Завершен
VK18802,2018-07-25,CL01117,Реутов,123578,P0037,5.0,1375.0,Завершен
VK59298,2018-07-25,CL00293,Мытищи,197260,P0020,2.0,550.0,Завершен
VK20242,2018-07-25,CL00930,Мытищи,197679,P0002,5.0,1375.0,Отказ
VK85413,2018-07-26,CL00966,Люберцы,158073,P0015,1.5,412.5,Отказ
VK90117,2018-07-26,CL00740,Мытищи,189922,P0026,1.0,275.0,Завершен
VK91087,2018-07-26,CL00447,Москва,134803,P0027,2.5,687.5,Завершен
VK24532,2018-07-26,CL00556,Химки,169003,P0095,0.5,187.5,Завершен
VK44478,2018-07-26,CL00662,Мытищи,152129,XXX999,2.5,937.5,Завершен
VK54308,2018-07-26,CL00365,Подольск,189742,P0033,3.0,825.0,Отказ
VK53848,2018-07-26,CL00918,Королёв,134290,P0042,2.0,550.0,Завершен
VK36769,2018-07-26,CL00847,Москва,179736,P0069,5.0,1875.0,Отказ
VK53202,2018-07-26,CL00901,Мытищи,187690,P0083,2.5,937.5,Завершен
VK18169,2018-07-26,CL00950,Люберцы,abcde,P0083,5.0,1875.0,Завершен
VK23639,2018-07-27,CL00794,Мытищи,149212,P0116,1.5,562.5,Завершен
VK39523,2018-07-27,CL01001,Люберцы,118884,P0112,0.5,187.5,Завершен
VK72599,2018-07-27,CL00764,Химки,113124,P0039,3.0,825.0,Завершен
VK39852,2018-07-27,CL00995,Мытищи,176756,P0071,1.5,562.5,Завершен
VK13454,2018-07-27,CL00694,Красногорск,122645,P0109,0.5,187.5,Завершен
VK35712,2018-07-27,CL00033,Королёв,169615,P0061,5.0,1875.0,Завершен
VK59727,2018-07-27,CL00428,Королёв,140441,P0024,2.5,687.5,Завершен
VK12371,2018-07-27,CL00206,Москва,107355,XXX999,3.0,1125.0,Завершен
VK60741,2018-07-27,CL00180,Химки,117172,P0110,2.5,937.5,Завершен
VK26415,2018-07-27,CL00733,Подольск,134208,P0025,5.0,1375.0,Завершен
VK82029,2018-07-27,CL01170,Люберцы,109356,P0072,2.0,750.0,Завершен
VK25465,2018-07-27,CL00623,Реутов,192371,P0016,1.0,275.0,Завершен
VK58196,2018-07-27,CL00484,Мытищи,118430,P0079,2.5,937.5,Завершен
VK67216,2018-07-27,CL00784,Мытищи,118434,P0050,1.5,412.5,Завершен
VK22057,2018-07-27,CL01123,Королёв,173680,P0023,0.5,137.5,Завершен
VK11952,2018-07-28,CL00761,Красногорск,123568,XXX999,2.5,937.5,Отказ
VK17455,2018-07-28,CL00526,Королёв,129536,P0047,5.0,1375.0,Завершен
VK67482,2018-07-28,CL00861,Люберцы,116769,P0102,0.5,187.5,Отказ
VK51173,2018-07-28,CL00584,Реутов,111101,P0006,1.0,275.0,Завершен
VK42013,2018-07-28,CL01050,Подольск,166952,P0084,1.5,562.5,Завершен
VK62142,2018-07-28,CL00114,Красногорск,108993,P0087,1.5,562.5,Завершен
VK96060,2018-07-28,CL00033,Королёв,169615,P0074,2.0,-750.0,Завершен
VK81256,2018-07-28,CL00074,Химки,109171,P0113,0.5,187.5,Отказ
VK56787,2018-07-28,CL00978,Красногорск,127964,P0025,1.0,275.0,Завершен
VK49677,2018-07-28,CL00431,Москва,178317,P0083,5.0,1875.0,Завершен
VK48362,2018-07-28,CL00755,Люберцы,119481,P0051,1.5,562.5,Завершен
VK79054,2018-07-28,CL00159,Подольск,159048,P0112,5.0,1875.0,Завершен
VK80964,2018-07-28,CL00251,Подольск,131186,P0091,1.5,562.5,Завершен
VK55434,2018-07-28,CL01087,Химки,152947,P0113,2.5,937.5,Завершен
VK91509,2018-07-28,CL01095,Красногорск,146281,P0001,2.0,550.0,Завершен
VK14424,2018-07-29,CL00947,Подольск,116827,P0031,0.5,137.5,Завершен
VK60354,2018-07-29,CL00608,Красногорск,156420,P0109,1.5,562.5,Завершен
VK21074,2018-07-29,CL00434,Реутов,152505,P0011,1.5,412.5,Завершен
VK89920,2018-07-29,CL00709,Мытищи,166949,P0110,0.5,187.5,Завершен
VK60146,2018-07-29,CL01102,Красногорск,113983,P0057,2.0,750.0,Завершен
VK39418,2018-07-29,CL00458,Люберцы,139008,P0077,2.0,750.0,Завершен
VK96497,2018-07-29,CL00373,Москава,150678,P0077,1.0,375.0,Завершен
VK96560,2018-07-29,CL01002,Красногорск,101461,P0061,2.0,750.0,Завершен
VK55587,2018-07-29,CL01120,Подольск,196802,P0046,1.5,412.5,Отказ
VK47672,2018-07-30,CL00813,Королёв,130886,P0073,3.0,1125.0,Завершен
VK80092,2018-07-30,CL01129,Подольск,137304,P0027,5.0,1375.0,Завершен
VK84488,2018-07-30,CL00301,Химки,122037,P0008,2.0,550.0,Завершен
VK31305,2018-07-30,CL00937,Химки,146548,P0077,5.0,1875.0,Завершен
VK41224,2018-07-30,CL00357,Химки,138177,P0091,2.0,750.0,Завершен
VK61721,2018-07-31,CL00001,Люберцы,159470,P0080,1.5,562.5,Завершен
VK57408,2018-07-31,CL01048,Мытищи,179498,P0053,0.5,187.5,Завершен
VK95594,2018-07-31,CL00878,Москва,199201,P0099,1.5,562.5,Завершен
VK11617,2018-07-31,CL00646,Люберцы,104224,P0004,5.0,1375.0,Завершен
VK96609,2018-07-31,CL00654,Подольск,153948,P0021,0.5,137.5,Завершен
VK33433,2018-07-31,CL00186,Люберцы,135838,XXX999,1.5,412.5,Завершен
VK67659,2018-07-31,CL00216,Химки,147049,P0009,2.0,550.0,Завершен
VK57018,2018-07-31,CL00563,Мытищи,105577,P0054,0.5,187.5,Завершен
VK82955,2018-07-31,CL00478,Подольск,161344,P0006,2.0,-550.0,Завершен
VK85965,2018-07-31,CL00761,Красногорск,123568,P0031,1.0,275.0,Завершен
VK89996,2018-07-31,CL00027,Реутов,128016,P0048,0.5,137.5,Завершен
VK16498,2018-08-01,CL00965,Красногорск,107051,P0026,5.0,1375.0,Завершен
VK15046,2018-08-01,CL00328,Мытищи,155496,P0065,1.0,-375.0,Завершен
VK67712,2018-08-01,CL00204,Химки,156881,P0078,1.0,375.0,Завершен
VK82536,2018-08-01,CL00561,Москва,192123,P0018,2.5,687.5,Завершен
VK43954,2018-08-01,CL00330,Красногорск,163736,P0080,3.0,1125.0,Завершен
VK56312,2018-08-01,CL00527,Подольск,107552,P0033,1.5,412.5,Отказ
VK88719,2018-08-01,CL00739,Химки,160731,P0117,2.5,937.5,Завершен
VK20155,2018-08-01,CL00443,Реутов,196904,P0061,1.0,375.0,Завершен
VK76982,2018-08-01,CL00414,Москва,175598,P0053,2.5,937.5,Завершен
VK52701,2018-08-01,CL00548,Москва,109742,P0060,0.5,187.5,Завершен
VK99262,2018-08-01,CL00146,Подольск,107146,P0073,2.5,937.5,Завершен
VK48543,2018-08-02,CL00336,Королёв,198617,P0092,2.0,750.0,Завершен
VK58274,2018-08-02,CL00398,Подольск,164752,P0051,2.5,937.5,Отказ
VK29669,2018-08-02,CL00007,Мытищи,109071,P0026,0.5,137.5,Завершен
VK89827,2018-08-02,CL00029,Люберцы,159638,P0020,2.5,687.5,Отказ
VK76951,2018-08-02,CL00495,Химки,178094,P0051,1.0,375.0,Завершен
VK76608,2018-08-02,CL00961,Люберцы,170932,P0104,3.0,1125.0,Завершен
VK55095,2018-08-02,CL00716,Красногорск,110208,P0119,5.0,1875.0,Завершен
VK39436,2018-08-03,CL00097,Мытищи,130735,P0091,0.5,187.5,Завершен
VK85292,2018-08-03,CL00556,Химки,169003,P0096,2.5,937.5,Завершен
VK64798,2018-08-03,CL00679,Красногорск,139223,P0001,3.0,825.0,Завершен
VK79174,2018-08-03,CL00544,Реутов,132208,P0057,2.5,-937.5,Завершен
VK71909,2018-08-03,CL00041,Москва,173792,P0053,5.0,1875.0,Отказ
VK67805,2018-08-03,CL00104,Москава,154921,P0063,3.0,1125.0,Завершен
VK85398,2018-08-03,CL00733,Подольск,134208,P0077,1.5,562.5,Завершен
VK53081,2018-08-03,CL00759,Москва,193502,P0110,1.5,562.5,Завершен
VK57443,2018-08-03,CL00018,Химки,153354,P0024,1.0,275.0,Завершен
VK25127,2018-08-03,CL00077,Люберцы,125144,P0034,1.0,275.0,Завершен
VK63729,2018-08-03,CL00379,Подольск,146077,P0065,3.0,1125.0,Завершен
VK20683,2018-08-04,CL00761,Красногорск,abcde,P0049,1.5,412.5,Завершен
VK29450,2018-08-04,CL00498,Подольск,168202,P0063,2.0,750.0,Завершен
VK35965,2018-08-04,CL00160,Люберцы,137762,P0107,2.5,937.5,Завершен
VK12033,2018-08-04,CL00579,Мытищи,140405,P0088,1.0,375.0,Завершен
VK44521,2018-08-04,CL01154,Москва,138393,P0016,1.0,275.0,Завершен
VK71585,2018-08-04,CL01114,Люберцы,180358,P0033,5.0,1375.0,Завершен
VK79377,2018-08-05,CL00907,Реутов,112451,P0113,0.5,187.5,Завершен
VK56447,2018-08-05,CL00141,Люберцы,115814,P0065,2.0,750.0,Завершен
VK82999,2018-08-05,CL00262,Королёв,156387,P0022,1.0,275.0,Завершен
VK25601,2018-08-05,CL01021,Мытищи,166476,P0081,1.0,375.0,Завершен
VK54124,2018-08-05,CL00148,Мытищи,175243,P0038,1.5,412.5,Завершен
VK24125,2018-08-05,CL00597,Красногорск,173905,P0039,2.5,687.5,Завершен
VK56525,2018-08-05,CL01054,Подольск,123255,P0080,3.0,1125.0,Отказ
VK87080,2018-08-06,CL01019,Люберцы,118350,P0020,1.0,275.0,Завершен
VK22700,2018-08-06,CL00794,Мытищи,149212,P0108,1.5,562.5,Завершен
VK54710,2018-08-06,CL00044,Красногорск,157433,P0049,1.0,275.0,Завершен
VK78838,2018-08-06,CL00771,Москва,128679,P0035,0.5,137.5,Завершен
VK65927,2018-08-06,CL01105,Королёв,141342,P0073,2.5,937.5,Завершен
VK51756,2018-08-06,CL00766,Химки,150911,P0023,1.5,412.5,Завершен
VK28769,2018-08-06,CL01030,Королёв,134649,P0010,5.0,1375.0,Завершен
VK44003,2018-08-07,CL00335,Королёв,147749,P0107,1.0,375.0,Завершен
VK40366,2018-08-07,CL00986,Красногорск,112577,P0014,2.5,687.5,Завершен
VK22579,2018-08-07,CL00469,Королёв,118018,P0002,3.0,825.0,Завершен
VK76676,2018-08-07,CL00062,Люберцы,191917,P0089,1.0,375.0,Завершен
VK88432,2018-08-07,CL00279,Реутов,197120,P0082,5.0,-1875.0,Завершен
VK48658,2018-08-08,CL00385,Красногорск,174349,P0053,1.0,375.0,Завершен
VK25720,2018-08-08,CL00967,Красногорск,171645,P0081,0.5,187.5,Завершен
VK74651,2018-08-08,CL00208,Реутов,123600,P0001,2.0,550.0,Завершен
VK27933,2018-08-08,CL00439,Подольск,166731,XXX999,1.5,412.5,Отказ
VK25264,2018-08-08,CL00482,Подольск,183719,P0009,1.5,412.5,Завершен
VK39155,2018-08-08,CL01069,Люберцы,175713,P0060,1.5,562.5,Завершен
VK51262,2018-08-09,CL00998,Люберцы,157367,P0018,5.0,1375.0,Отказ
VK78327,2018-08-09,CL00116,Подольск,162070,P0061,0.5,187.5,Завершен
VK83160,2018-08-09,CL01114,Люберцы,180358,P0092,1.5,562.5,Завершен
VK92061,2018-08-09,CL00866,Королёв,183151,P0114,3.0,1125.0,Завершен
VK92219,2018-08-09,CL00455,Красногорск,160249,P0045,0.5,137.5,Завершен
VK86853,2018-08-09,CL00893,Подольск,189881,P0051,0.5,187.5,Завершен
VK38863,2018-08-09,CL01144,Королёв,117206,P0119,2.0,750.0,Завершен
VK71618,2018-08-09,CL01158,Химки,180375,P0083,3.0,1125.0,Завершен
VK33345,2018-08-10,CL00028,Москва,100282,P0025,2.5,687.5,Завершен
VK44481,2018-08-10,CL00825,Королёв,162003,P0082,0.5,187.5,Завершен
VK86532,2018-08-10,CL00383,Москва,179635,P0073,2.5,937.5,Завершен
VK73469,2018-08-10,CL00148,Мытищи,175243,P0038,1.0,275.0,Завершен
VK33601,2018-08-10,CL00327,Реутов,143054,P0055,2.5,-937.5,Завершен
VK48288,2018-08-10,CL00007,Мытищи,109071,P0070,1.5,562.5,Завершен
VK25180,2018-08-11,CL00524,Реутов,141777,P0090,1.0,375.0,Завершен
VK51799,2018-08-11,CL00219,Королёв,137512,P0049,1.0,275.0,Завершен
VK62178,2018-08-11,CL00488,Люберцы,190802,P0097,3.0,1125.0,Завершен
VK73404,2018-08-11,CL00841,Королёв,123276,P0079,3.0,1125.0,Завершен
VK74117,2018-08-11,CL00921,Реутов,132581,P0110,5.0,1875.0,Завершен
VK40783,2018-08-11,CL00812,Химки,abcde,P0064,2.5,937.5,Завершен
VK76517,2018-08-11,CL01140,Мытищи,162021,P0045,0.5,137.5,Завершен
VK63609,2018-08-11,CL00939,Королёв,193959,P0063,1.0,375.0,Завершен
VK24459,2018-08-12,CL00510,Подольск,129188,P0103,1.0,375.0,Завершен
VK26936,2018-08-12,CL00671,Москава,185054,P0015,2.5,687.5,Завершен
VK12767,2018-08-12,CL00425,Люберцы,180658,P0046,2.5,687.5,Завершен
VK53684,2018-08-12,CL00595,Люберцы,182955,P0105,5.0,1875.0,Завершен
VK82468,2018-08-12,CL01024,Подольск,129269,P0070,1.5,562.5,Завершен
VK77980,2018-08-12,CL00230,Мытищи,188188,P0032,0.5,137.5,Завершен
VK36009,2018-08-12,CL00400,Подольск,111300,P0008,1.0,275.0,Завершен
VK61842,2018-08-12,CL00474,Подольск,104763,XXX999,1.0,375.0,Завершен
VK48035,2018-08-12,CL00930,Мытищи,197679,P0115,5.0,1875.0,Завершен
VK59005,2018-08-12,CL00411,Подольск,176106,P0058,5.0,1875.0,Завершен
VK82476,2018-08-12,CL00081,Королёв,188555,P0019,1.5,412.5,Завершен
VK11787,2018-08-12,CL00575,Реутов,176791,P0042,3.0,825.0,Завершен
VK95888,2018-08-13,CL01010,Красногорск,187988,P0101,5.0,1875.0,Завершен
VK45389,2018-08-13,CL00414,Москва,175598,P0106,2.0,750.0,Завершен
VK19684,2018-08-13,CL00937,Химки,146548,XXX999,5.0,1875.0,Отказ
VK64444,2018-08-13,CL00162,Химки,171376,P0110,2.5,937.5,Завершен
VK81001,2018-08-13,CL00348,Мытищи,103694,P0090,0.5,187.5,Отказ
VK22524,2018-08-13,CL00427,Красногорск,120885,P0100,2.5,937.5,Завершен
VK61265,2018-08-13,CL00235,Москва,abcde,P0048,3.0,825.0,Завершен
VK50919,2018-08-13,CL01078,Москва,122973,P0070,1.0,375.0,Завершен
VK59359,2018-08-14,CL00834,Красногорск,167537,P0061,3.0,1125.0,Завершен
VK39131,2018-08-14,CL01145,Москва,146771,P0018,1.5,412.5,Завершен
VK73353,2018-08-14,CL00219,Королёв,137512,P0029,2.0,550.0,Завершен
VK79888,2018-08-14,CL00919,Москва,188857,P0061,1.5,562.5,Завершен
VK12256,2018-08-14,CL00017,Химки,194811,P0083,2.5,937.5,Завершен
VK58855,2018-08-14,CL01141,Москава,168679,P0003,2.0,550.0,Завершен
VK24195,2018-08-14,CL00080,Люберцы,176019,P0115,5.0,1875.0,Завершен
VK13262,2018-08-14,CL00967,Красногорск,171645,P0078,2.0,750.0,Завершен
VK68600,2018-08-14,CL00610,Королёв,160694,P0094,2.0,750.0,Завершен
VK78603,2018-08-15,CL01111,Красногорск,101549,P0059,2.5,937.5,Завершен
VK40465,2018-08-15,CL00385,Красногорск,174349,P0003,3.0,825.0,Завершен
VK43033,2018-08-15,CL01095,Красногорск,146281,P0060,0.5,187.5,Завершен
VK54285,2018-08-15,CL00355,Мытищи,155027,P0073,2.0,750.0,Завершен
VK52132,2018-08-15,CL00282,Люберцы,174395,P0004,5.0,1375.0,Завершен
VK63285,2018-08-15,CL00145,Химки,139618,P0075,3.0,1125.0,Завершен
VK37423,2018-08-15,CL00513,Красногорск,124704,P0111,5.0,1875.0,Отказ
VK20158,2018-08-16,CL00823,Мытищи,113237,P0019,0.5,137.5,Завершен
VK11785,2018-08-16,CL00759,Москва,193502,P0068,2.0,750.0,Завершен
VK25922,2018-08-16,CL01037,Красногорск,145224,P0054,1.0,375.0,Завершен
VK24898,2018-08-16,CL00414,Москва,175598,P0028,1.0,275.0,Завершен
VK74904,2018-08-16,CL00336,Королёв,198617,P0051,0.5,-187.5,Завершен
VK78758,2018-08-16,CL00660,Королёв,142898,P0040,1.0,275.0,Завершен
VK81707,2018-08-16,CL00782,Подольск,192013,P0101,2.0,750.0,Завершен
VK33491,2018-08-17,CL00573,Красногорск,135825,P0023,0.5,137.5,Завершен
VK10734,2018-08-17,CL00527,Подольск,107552,P0041,1.0,275.0,Завершен
VK36118,2018-08-17,CL00619,Подольск,143383,P0065,1.5,562.5,Завершен
VK70108,2018-08-17,CL00884,Реутов,117536,P0004,3.0,825.0,Отказ
VK91916,2018-08-17,CL00877,Москва,126137,XXX999,1.5,562.5,Отказ
VK18751,2018-08-17,CL00188,Подольск,178561,P0015,2.0,-550.0,Завершен
VK39626,2018-08-17,CL00606,Мытищи,186193,XXX999,1.5,562.5,Завершен
VK35249,2018-08-17,CL00168,Красногорск,103390,P0041,1.5,412.5,Завершен
VK65858,2018-08-17,CL00025,Мытищи,170855,P0112,1.5,562.5,Завершен
VK53274,2018-08-18,CL00566,Москва,141220,P0115,3.0,1125.0,Завершен
VK87616,2018-08-18,CL00268,Мытищи,111188,P0029,2.5,687.5,Завершен
VK90725,2018-08-18,CL00065,Люберцы,129831,P0048,2.5,687.5,Завершен
VK37434,2018-08-18,CL00924,Москва,120568,P0087,3.0,1125.0,Завершен
VK40386,2018-08-18,CL00414,Москва,175598,P0098,1.0,375.0,Отказ
VK90599,2018-08-18,CL00510,Подольск,129188,P0045,1.0,275.0,Отказ
VK72320,2018-08-18,CL00559,Химки,110566,P0055,1.0,375.0,Завершен
VK20195,2018-08-18,CL00273,Красногорск,166507,P0027,5.0,1375.0,Отказ
VK72190,2018-08-19,CL00819,Люберцы,195302,P0092,5.0,1875.0,Завершен
VK78417,2018-08-19,CL00629,Красногорск,160012,P0107,1.5,562.5,Завершен
VK89348,2018-08-19,CL00483,Реутов,111368,P0053,1.5,562.5,Завершен
VK31773,2018-08-19,CL00960,Люберцы,119192,P0051,5.0,1875.0,Завершен
VK58348,2018-08-20,CL01056,Мытищи,117082,XXX999,1.5,412.5,Отказ
VK11703,2018-08-20,CL01127,Красногорск,133779,P0057,1.5,562.5,Завершен
VK94832,2018-08-20,CL00954,Красногорск,117389,P0050,2.5,687.5,Завершен
VK62205,2018-08-20,CL00392,Химки,137431,P0053,1.5,562.5,Завершен
VK43166,2018-08-20,CL00368,Химки,141365,P0090,0.5,187.5,Завершен
VK84996,2018-08-20,CL00925,Королёв,109812,P0014,1.5,412.5,Завершен
VK71709,2018-08-20,CL00464,Красногорск,185979,P0076,5.0,1875.0,Отказ
VK90336,2018-08-21,CL00518,Химки,198878,P0027,0.5,137.5,Завершен
VK33187,2018-08-21,CL00530,Королёв,112119,P0075,3.0,1125.0,Завершен
VK20855,2018-08-21,CL00923,Подольск,173183,P0063,5.0,1875.0,Завершен
VK25653,2018-08-21,CL00283,Москва,198885,P0093,2.0,750.0,Завершен
VK18169,2018-08-21,CL00996,Мытищи,165907,P0006,0.5,-137.5,Завершен
VK62844,2018-08-22,CL01180,Москва,136188,P0113,0.5,187.5,Завершен
VK97771,2018-08-22,CL00578,Подольск,141507,P0119,2.0,750.0,Завершен
VK75735,2018-08-22,CL00080,Люберцы,176019,P0106,0.5,187.5,Отказ
VK21005,2018-08-22,CL00470,Подольск,162350,P0016,1.0,275.0,Завершен
VK46113,2018-08-22,CL00662,Мытищи,152129,P0094,1.0,375.0,Завершен
VK76252,2018-08-22,CL00731,Мытищи,183521,P0081,2.5,-937.5,Завершен
VK11368,2018-08-23,CL00477,Красногорск,184058,XXX999,5.0,1875.0,Завершен
VK70338,2018-08-23,CL00034,Москва,110500,P0048,1.0,275.0,Завершен
VK42339,2018-08-23,CL00235,Москва,139893,P0009,0.5,137.5,Завершен
VK94189,2018-08-23,CL00679,Красногорск,139223,P0114,1.5,562.5,Завершен
VK27397,2018-08-23,CL00482,Подольск,183719,P0023,5.0,1375.0,Завершен
VK47627,2018-08-23,CL00536,Реутов,172362,P0005,1.5,412.5,Отказ
VK84060,2018-08-23,CL00134,Москава,125042,P0085,1.0,375.0,Завершен
VK34673,2018-08-23,CL01064,Красногорск,113970,P0103,1.5,562.5,Завершен
VK33214,2018-08-23,CL00949,Реутов,179822,P0014,1.5,412.5,Завершен
VK67619,2018-08-23,CL00596,Химки,136739,P0034,1.5,412.5,Завершен
VK56550,2018-08-23,CL00156,Люберцы,107894,P0087,1.5,562.5,Отказ
VK44189,2018-08-24,CL00931,Мытищи,104696,P0041,1.5,412.5,Завершен
VK77768,2018-08-24,CL01193,Люберцы,159517,P0058,0.5,-187.5,Завершен
VK72286,2018-08-24,CL00085,Люберцы,126100,P0110,3.0,1125.0,Завершен
VK52335,2018-08-24,CL01095,Красногорск,146281,P0106,1.0,375.0,Завершен
VK96285,2018-08-24,CL00106,Москва,187670,P0077,1.5,562.5,Завершен
VK52253,2018-08-24,CL00069,Москва,134237,P0097,2.5,937.5,Завершен
VK67012,2018-08-25,CL00192,Красногорск,199991,P0037,2.5,687.5,Завершен
VK41927,2018-08-25,CL01191,Красногорск,136087,P0104,3.0,1125.0,Завершен
VK88766,2018-08-25,CL00072,Мытищи,175574,P0038,1.5,412.5,Завершен
VK62579,2018-08-25,CL00443,Реутов,196904,P0110,1.5,-562.5,Завершен
VK40710,2018-08-25,CL00095,Королёв,132406,P0003,1.5,412.5,Отказ
VK76448,2018-08-25,CL00320,Красногорск,137079,P0057,5.0,-1875.0,Завершен
VK45305,2018-08-25,CL00591,Москва,143544,P0076,0.5,187.5,Завершен
VK13742,2018-08-25,CL00536,Реутов,172362,P0084,2.5,937.5,Завершен
VK49397,2018-08-25,CL00434,Реутов,152505,P0068,1.0,375.0,Завершен
VK78692,2018-08-25,CL00339,Королёв,150052,P0099,2.5,937.5,Завершен
VK84447,2018-08-25,CL00069,Москава,134237,P0115,1.0,375.0,Завершен
VK96954,2018-08-26,CL01118,Химки,194478,P0094,5.0,1875.0,Завершен
VK17051,2018-08-26,CL00374,Подольск,165211,P0012,1.5,412.5,Завершен
VK28541,2018-08-26,CL00919,Москва,188857,P0054,0.5,187.5,Завершен
VK61903,2018-08-26,CL00847,Москва,179736,P0068,5.0,1875.0,Завершен
VK96325,2018-08-26,CL00861,Люберцы,116769,P0097,1.0,375.0,Завершен
VK32553,2018-08-26,CL01052,Мытищи,150523,P0010,1.0,275.0,Завершен
VK34195,2018-08-26,CL00427,Красногорск,120885,P0062,1.5,562.5,Завершен
VK67219,2018-08-26,CL01160,Реутов,108973,P0056,1.0,375.0,Завершен
VK61648,2018-08-27,CL00462,Реутов,119198,P0041,0.5,137.5,Завершен
VK71906,2018-08-27,CL00882,Подольск,105992,P0024,3.0,825.0,Завершен
VK70749,2018-08-27,CL00913,Подольск,191248,P0034,3.0,825.0,Завершен
VK22559,2018-08-27,CL00562,Мытищи,156873,P0089,3.0,1125.0,Завершен
VK27501,2018-08-27,CL00079,Реутов,100053,P0049,2.0,550.0,Завершен
VK47118,2018-08-27,CL00082,Королёв,196463,P0109,2.0,750.0,Завершен
VK65652,2018-08-27,CL01184,Красногорск,199557,P0085,5.0,1875.0,Завершен
VK19392,2018-08-27,CL00605,Москва,147124,P0025,2.5,687.5,Завершен
VK86864,2018-08-27,CL00845,Химки,153674,P0027,1.5,412.5,Завершен
VK10208,2018-08-28,CL01185,Москва,120174,P0054,1.5,562.5,Завершен
VK62190,2018-08-28,CL00063,Реутов,161694,P0100,2.5,937.5,Завершен
VK28098,2018-08-28,CL00591,Москва,143544,P0094,0.5,187.5,Завершен
VK37686,2018-08-28,CL00164,Москва,140319,P0065,2.0,750.0,Завершен
VK54510,2018-08-28,CL00033,Королёв,169615,P0104,1.5,562.5,Завершен
VK65798,2018-08-28,CL00130,Королёв,160910,P0119,2.0,750.0,Завершен
VK60700,2018-08-28,CL00935,Красногорск,181232,P0106,1.0,375.0,Завершен
VK14564,2018-08-28,CL00510,Москава,129188,P0018,3.0,825.0,Завершен
VK65277,2018-08-28,CL00966,Люберцы,158073,P0111,1.5,562.5,Завершен
VK99435,2018-08-28,CL01121,Королёв,123148,P0085,1.0,375.0,Завершен
VK70938,2018-08-28,CL00186,Люберцы,135838,P0008,2.5,687.5,Завершен
VK99923,2018-08-28,CL00870,Реутов,159974,XXX999,5.0,1875.0,Отказ
VK63015,2018-08-28,CL01111,Красногорск,101549,P0106,3.0,1125.0,Завершен
VK11518,2018-08-29,CL00765,Химки,196607,P0001,2.0,550.0,Завершен
VK97843,2018-08-29,CL01009,Мытищи,125875,P0107,2.0,750.0,Завершен
VK17144,2018-08-29,CL00365,Подольск,189742,P0095,2.0,750.0,Завершен
VK72068,2018-08-30,CL00376,Мытищи,123652,P0119,2.5,937.5,Завершен
VK80126,2018-08-30,CL00057,Москва,127535,P0087,3.0,1125.0,Завершен
VK70325,2018-08-31,CL00307,Королёв,199598,P0081,0.5,187.5,Завершен
VK88555,2018-08-31,CL00891,Москва,154627,P0101,1.5,562.5,Отказ
VK65797,2018-08-31,CL00783,Москва,141709,P0071,3.0,1125.0,Завершен
VK13084,2018-08-31,CL00818,Реутов,182211,P0080,1.5,562.5,Завершен
VK48435,2018-08-31,CL00716,Красногорск,110208,P0059,2.5,937.5,Завершен
VK68559,2018-08-31,CL00242,Красногорск,136160,P0033,1.5,-412.5,Завершен
VK14668,2018-08-31,CL00880,Химки,145134,P0014,1.5,412.5,Завершен
VK14798,2018-08-31,CL00084,Мытищи,198453,P0070,2.5,937.5,Завершен
VK42588,2018-08-31,CL00466,Люберцы,180698,P0023,2.5,687.5,Завершен
VK22395,2018-08-31,CL00548,Москва,109742,P0111,1.0,375.0,Отказ
VK92958,2018-08-31,CL00597,Красногорск,173905,P0053,1.0,375.0,Завершен
VK29234,2018-09-01,CL00992,Химки,153429,P0080,1.5,562.5,Завершен
VK93599,2018-09-01,CL01171,Подольск,132778,P0017,2.5,687.5,Завершен
VK60058,2018-09-01,CL00481,Москва,138669,P0094,5.0,1875.0,Завершен
VK20323,2018-09-01,CL00192,Красногорск,199991,P0087,2.5,937.5,Завершен
VK49581,2018-09-01,CL01114,Люберцы,180358,P0045,1.5,412.5,Завершен
VK34108,2018-09-01,CL00435,Химки,137827,P0110,2.0,-750.0,Завершен
VK95576,2018-09-01,CL00356,Мытищи,165513,P0045,3.0,825.0,Завершен
VK66811,2018-09-01,CL00206,Москва,107355,P0090,3.0,1125.0,Завершен
VK84828,2018-09-01,CL01067,Реутов,154162,P0050,0.5,137.5,Завершен
VK90685,2018-09-01,CL01085,Мытищи,195176,P0026,1.5,412.5,Завершен
VK41949,2018-09-01,CL00458,Люберцы,139008,P0023,2.5,687.5,Завершен
VK59051,2018-09-01,CL01176,Красногорск,195451,P0061,3.0,1125.0,Завершен
VK67271,2018-09-01,CL00369,Реутов,171176,P0074,2.5,937.5,Завершен
VK34341,2018-09-01,CL00827,Москва,abcde,P0077,1.5,562.5,Завершен
VK15995,2018-09-01,CL00830,Люберцы,191250,P0052,1.5,562.5,Завершен
VK33758,2018-09-01,CL01167,Химки,140838,P0004,2.5,687.5,Завершен
VK29893,2018-09-02,CL00731,Мытищи,183521,XXX999,1.5,562.5,Завершен
VK75401,2018-09-02,CL00887,Химки,177292,P0010,2.0,550.0,Завершен
VK32283,2018-09-02,CL00863,Химки,197545,P0095,1.0,375.0,Завершен
VK62813,2018-09-02,CL00312,Королёв,148331,P0096,3.0,1125.0,Завершен
VK84883,2018-09-02,CL01061,Мытищи,171267,P0119,0.5,187.5,Завершен
VK83574,2018-09-02,CL00858,Химки,193502,P0049,0.5,137.5,Завершен
VK79414,2018-09-02,CL00034,Москва,110500,P0045,1.5,412.5,Отказ
VK51331,2018-09-02,CL00051,Реутов,105778,P0075,1.5,562.5,Завершен
VK13875,2018-09-02,CL00833,Химки,153368,P0093,2.0,750.0,Завершен
VK31854,2018-09-02,CL00293,Мытищи,197260,P0005,1.0,275.0,Завершен
VK66561,2018-09-02,CL00642,Люберцы,159942,P0109,2.5,937.5,Завершен
VK38541,2018-09-03,CL00932,Мытищи,181142,P0060,2.5,937.5,Завершен
VK46553,2018-09-03,CL00148,Мытищи,175243,P0066,2.0,750.0,Завершен
VK92611,2018-09-03,CL00661,Мытищи,160089,P0120,1.5,562.5,Завершен
VK92984,2018-09-03,CL00736,Химки,176638,P0033,0.5,137.5,Завершен
VK75838,2018-09-03,CL00576,Мытищи,138715,P0056,5.0,1875.0,Завершен
VK39504,2018-09-03,CL00032,Москва,107492,P0079,2.5,937.5,Завершен
VK70806,2018-09-03,CL00469,Королёв,118018,P0039,5.0,1375.0,Завершен
VK68911,2018-09-03,CL00894,Люберцы,113235,P0100,1.5,-562.5,Завершен
VK33281,2018-09-03,CL00952,Люберцы,171802,P0003,1.0,275.0,Завершен
VK79817,2018-09-03,CL00990,Королёв,104965,P0023,2.0,550.0,Завершен
VK70820,2018-09-03,CL01179,Мытищи,156906,P0018,5.0,1375.0,Завершен
VK22887,2018-09-03,CL00233,Химки,183283,P0106,3.0,1125.0,Завершен
VK64801,2018-09-03,CL00887,Химки,177292,P0100,2.0,750.0,Завершен
VK93416,2018-09-03,CL00149,Королёв,144657,P0069,2.0,750.0,Завершен
VK28162,2018-09-03,CL00632,Мытищи,190890,P0089,0.5,187.5,Завершен
VK20552,2018-09-03,CL00056,Реутов,140404,P0031,2.5,687.5,Завершен
VK63578,2018-09-03,CL00446,Красногорск,154596,P0045,2.5,687.5,Завершен
VK42760,2018-09-03,CL00785,Мытищи,141879,XXX999,0.5,187.5,Завершен
VK71854,2018-09-03,CL01143,Реутов,132426,P0097,1.0,375.0,Завершен
VK58535,2018-09-03,CL00425,Люберцы,180658,P0084,3.0,1125.0,Отказ
VK95736,2018-09-03,CL01199,Москва,117009,P0083,0.5,187.5,Завершен
VK35301,2018-09-03,CL00704,Подольск,192785,P0005,2.0,550.0,Завершен
VK70000,2018-09-03,CL00947,Подольск,116827,P0093,5.0,1875.0,Завершен
VK30875,2018-09-04,CL00668,Королёв,156072,P0118,5.0,1875.0,Завершен
VK19154,2018-09-04,CL00789,Москва,196021,P0009,1.0,275.0,Завершен
VK99394,2018-09-04,CL00569,Реутов,170852,P0026,0.5,137.5,Завершен
VK78126,2018-09-04,CL01165,Люберцы,157464,P0038,3.0,825.0,Завершен
VK19222,2018-09-04,CL00756,Химки,165390,P0091,2.0,750.0,Завершен
VK44082,2018-09-04,CL01055,Москва,169655,P0051,5.0,1875.0,Завершен
VK89557,2018-09-04,CL00366,Королёв,117675,P0013,3.0,825.0,Завершен
VK13109,2018-09-04,CL00504,Мытищи,145158,P0023,3.0,825.0,Завершен
VK17836,2018-09-04,CL00065,Люберцы,129831,P0012,2.0,550.0,Завершен
VK15230,2018-09-04,CL00841,Королёв,123276,P0042,1.5,-412.5,Завершен
VK77051,2018-09-04,CL00834,Красногорск,167537,XXX999,1.5,562.5,Завершен
VK66175,2018-09-04,CL00345,Мытищи,129102,P0026,3.0,825.0,Завершен
VK29134,2018-09-04,CL00690,Реутов,107152,P0028,5.0,1375.0,Завершен
VK85997,2018-09-04,CL00849,Королёв,161171,P0067,5.0,1875.0,Завершен
VK28352,2018-09-05,CL00107,Подольск,116728,P0084,2.5,937.5,Отказ
VK13400,2018-09-05,CL01014,Реутов,141053,P0067,1.0,375.0,Завершен
VK83864,2018-09-05,CL00401,Москава,193969,P0089,1.0,375.0,Завершен
VK50194,2018-09-05,CL00180,Химки,117172,P0032,1.5,412.5,Завершен
VK93085,2018-09-05,CL00727,Люберцы,169443,P0089,3.0,1125.0,Завершен
VK67653,2018-09-05,CL00052,Красногорск,183507,XXX999,1.5,412.5,Завершен
VK26849,2018-09-05,CL00925,Королёв,109812,P0059,3.0,1125.0,Завершен
VK60361,2018-09-05,CL00673,Реутов,192235,P0023,1.0,275.0,Завершен
VK13670,2018-09-05,CL01023,Люберцы,170736,P0082,1.5,562.5,Завершен
VK37057,2018-09-06,CL00558,Красногорск,160161,P0114,1.5,562.5,Завершен
VK89775,2018-09-06,CL00291,Королёв,123028,P0112,1.0,375.0,Завершен
VK25675,2018-09-06,CL00515,Химки,113224,P0116,5.0,1875.0,Завершен
VK75377,2018-09-06,CL01145,Москва,146771,P0065,3.0,1125.0,Завершен
VK93707,2018-09-06,CL00099,Подольск,150205,P0090,2.0,750.0,Завершен
VK78697,2018-09-06,CL01172,Москва,193674,P0085,0.5,187.5,Завершен
VK57652,2018-09-06,CL00060,Москава,103248,P0115,1.0,375.0,Завершен
VK92103,2018-09-06,CL01168,Красногорск,104159,P0070,3.0,1125.0,Отказ
VK76508,2018-09-06,CL00638,Химки,173607,P0100,0.5,187.5,Завершен
VK80091,2018-09-06,CL00353,Химки,171932,P0016,0.5,137.5,Завершен
VK20413,2018-09-06,CL00102,Реутов,abcde,P0001,5.0,1375.0,Завершен
VK84278,2018-09-06,CL00998,Люберцы,157367,P0050,5.0,1375.0,Отказ
VK43563,2018-09-06,CL00817,Химки,155492,P0013,2.5,687.5,Завершен
VK70852,2018-09-07,CL00724,Подольск,153744,P0009,5.0,1375.0,Завершен
VK16695,2018-09-07,CL00149,Москава,144657,P0098,0.5,187.5,Завершен
VK19575,2018-09-07,CL00815,Подольск,199246,P0024,1.5,412.5,Завершен
VK67920,2018-09-07,CL01046,Москва,123597,P0087,1.0,375.0,Завершен
VK23090,2018-09-07,CL00542,Москва,176550,P0084,0.5,187.5,Завершен
VK88419,2018-09-07,CL00646,Люберцы,104224,P0092,2.5,937.5,Завершен
VK11258,2018-09-07,CL00661,Мытищи,160089,P0103,2.0,750.0,Завершен
VK24617,2018-09-07,CL00660,Москава,142898,P0087,2.5,937.5,Завершен
VK94230,2018-09-07,CL00006,Люберцы,131571,P0115,3.0,1125.0,Завершен
VK93221,2018-09-07,CL00273,Красногорск,166507,P0097,1.0,375.0,Завершен
VK80594,2018-09-08,CL00186,Люберцы,135838,P0033,1.5,412.5,Завершен
VK24249,2018-09-08,CL00723,Химки,171638,P0020,5.0,1375.0,Завершен
VK50265,2018-09-08,CL00809,Королёв,135200,P0119,5.0,1875.0,Завершен
VK79520,2018-09-08,CL00468,Химки,154172,P0004,2.5,687.5,Завершен
VK49329,2018-09-08,CL00505,Москва,109046,P0082,2.0,750.0,Завершен
VK98065,2018-09-08,CL00111,Химки,144236,P0023,2.5,687.5,Завершен
VK35153,2018-09-08,CL00071,Красногорск,141114,P0086,1.0,375.0,Завершен
VK32515,2018-09-08,CL00838,Химки,106626,P0053,5.0,1875.0,Завершен
VK96847,2018-09-08,CL00471,Химки,137649,P0092,5.0,1875.0,Завершен
VK77694,2018-09-08,CL00791,Красногорск,113294,P0069,1.0,375.0,Завершен
VK64645,2018-09-08,CL00385,Красногорск,174349,P0035,2.0,550.0,Завершен
VK39979,2018-09-08,CL00311,Красногорск,140685,P0068,5.0,1875.0,Завершен
VK49795,2018-09-08,CL00080,Люберцы,176019,P0099,1.5,-562.5,Завершен
VK48639,2018-09-09,CL00730,Красногорск,198028,P0060,3.0,1125.0,Завершен
VK52184,2018-09-09,CL00644,Москва,157850,P0118,5.0,1875.0,Завершен
VK52688,2018-09-09,CL00940,Мытищи,125679,P0025,2.0,550.0,Завершен
VK36142,2018-09-09,CL00234,Люберцы,115292,P0019,2.5,687.5,Завершен
VK75921,2018-09-09,CL00283,Москва,198885,P0069,5.0,1875.0,Завершен
VK24003,2018-09-09,CL00654,Подольск,153948,P0046,2.0,550.0,Завершен
VK52661,2018-09-09,CL01095,Красногорск,146281,P0041,0.5,137.5,Завершен
VK87717,2018-09-09,CL00268,Мытищи,111188,P0032,3.0,825.0,Завершен
VK16029,2018-09-09,CL00201,Реутов,143065,P0033,2.0,550.0,Завершен
VK73837,2018-09-09,CL01088,Люберцы,166353,P0085,5.0,1875.0,Завершен
VK89522,2018-09-09,CL00844,Химки,184853,P0106,1.0,375.0,Завершен
VK23295,2018-09-09,CL00533,Королёв,143642,P0022,2.5,687.5,Завершен
VK46181,2018-09-09,CL00493,Подольск,179395,P0006,0.5,137.5,Завершен
VK47255,2018-09-09,CL00849,Королёв,161171,P0077,2.5,937.5,Завершен
VK19697,2018-09-09,CL00705,Москва,145443,P0120,0.5,187.5,Завершен
VK64234,2018-09-09,CL00952,Люберцы,171802,P0057,1.5,562.5,Завершен
VK29715,2018-09-09,CL00584,Реутов,111101,P0073,5.0,1875.0,Завершен
VK34135,2018-09-10,CL00117,Химки,133586,XXX999,3.0,825.0,Завершен
VK70398,2018-09-10,CL00024,Химки,109880,P0087,1.5,562.5,Завершен
VK98823,2018-09-10,CL00654,Подольск,153948,P0046,1.5,412.5,Завершен
VK89117,2018-09-10,CL00302,Мытищи,125415,P0055,3.0,1125.0,Завершен
VK28385,2018-09-10,CL00092,Подольск,187500,P0117,3.0,1125.0,Завершен
VK66011,2018-09-10,CL00041,Москва,173792,P0017,0.5,137.5,Завершен
VK16295,2018-09-10,CL00061,Красногорск,153964,P0066,2.0,750.0,Завершен
VK77143,2018-09-10,CL00894,Люберцы,113235,P0107,5.0,1875.0,Завершен
VK67305,2018-09-10,CL00116,Подольск,162070,P0019,1.5,-412.5,Отказ
VK52869,2018-09-10,CL00424,Королёв,112689,P0019,0.5,137.5,Завершен
VK47047,2018-09-10,CL00875,Мытищи,156847,P0044,5.0,1375.0,Завершен
VK21498,2018-09-11,CL01150,Мытищи,147943,P0035,1.0,275.0,Завершен
VK89958,2018-09-11,CL01002,Красногорск,101461,XXX999,2.5,937.5,Завершен
VK19579,2018-09-11,CL01194,Реутов,102453,P0083,3.0,1125.0,Завершен
VK46289,2018-09-11,CL00854,Химки,131496,P0057,5.0,1875.0,Завершен
VK29949,2018-09-11,CL00051,Реутов,105778,P0104,2.0,750.0,Завершен
VK33812,2018-09-11,CL00848,Люберцы,149345,P0114,3.0,1125.0,Завершен
VK69512,2018-09-11,CL00972,Красногорск,120290,P0097,3.0,1125.0,Завершен
VK66675,2018-09-11,CL00047,Мытищи,197310,P0014,2.5,687.5,Завершен
VK48510,2018-09-11,CL01039,Королёв,110104,P0021,0.5,137.5,Завершен
VK61111,2018-09-11,CL00668,Королёв,156072,P0068,0.5,-187.5,Завершен
VK52255,2018-09-11,CL00354,Мытищи,131147,XXX999,0.5,187.5,Отказ
VK39214,2018-09-11,CL00823,Москава,113237,P0115,2.0,750.0,Завершен
VK52810,2018-09-11,CL00463,Москва,193603,P0003,2.5,687.5,Завершен
VK97215,2018-09-11,CL00850,Реутов,100963,P0067,2.5,937.5,Завершен
VK38473,2018-09-12,CL01122,Королёв,182660,P0088,1.0,375.0,Завершен
VK27997,2018-09-12,CL00799,Люберцы,112571,P0082,5.0,1875.0,Завершен
VK59166,2018-09-12,CL00948,Реутов,179450,P0052,2.0,750.0,Завершен
VK37339,2018-09-12,CL00806,Люберцы,171319,P0111,0.5,187.5,Завершен
VK67481,2018-09-12,CL00404,Королёв,167811,P0019,2.0,550.0,Отказ
VK59873,2018-09-12,CL00087,Королёв,182544,XXX999,2.0,750.0,Завершен
VK22170,2018-09-12,CL00659,Реутов,136467,P0105,2.5,937.5,Завершен
VK85799,2018-09-12,CL00324,Красногорск,186980,P0091,1.0,-375.0,Завершен
VK31349,2018-09-12,CL00338,Химки,174766,P0017,3.0,825.0,Завершен
VK74108,2018-09-12,CL01191,Красногорск,136087,P0087,5.0,1875.0,Завершен
VK51534,2018-09-12,CL00711,Красногорск,113487,P0089,3.0,1125.0,Завершен
VK21900,2018-09-12,CL01170,Люберцы,109356,P0059,2.0,750.0,Завершен
VK72649,2018-09-12,CL00496,Королёв,147419,P0029,5.0,1375.0,Завершен
VK69893,2018-09-12,CL00560,Мытищи,149436,P0075,1.5,562.5,Завершен
VK65052,2018-09-12,CL00978,Красногорск,127964,P0039,0.5,137.5,Отказ
VK23115,2018-09-12,CL00970,Реутов,136583,P0115,2.0,750.0,Завершен
VK50629,2018-09-12,CL00793,Люберцы,abcde,P0117,1.5,562.5,Завершен
VK95459,2018-09-12,CL01184,Красногорск,199557,P0097,5.0,1875.0,Отказ
VK32599,2018-09-13,CL00427,Красногорск,abcde,P0028,5.0,1375.0,Завершен
VK29841,2018-09-13,CL00853,Москава,193204,P0016,1.0,275.0,Завершен
VK97643,2018-09-13,CL00919,Москва,188857,P0039,3.0,825.0,Завершен
VK24338,2018-09-13,CL00849,Королёв,161171,P0045,1.0,275.0,Завершен
VK75215,2018-09-13,CL01013,Подольск,147774,XXX999,5.0,1875.0,Завершен
VK91960,2018-09-13,CL00590,Химки,117758,P0036,1.0,275.0,Завершен
VK44757,2018-09-13,CL01010,Красногорск,187988,P0081,1.5,562.5,Завершен
VK13385,2018-09-13,CL01114,Люберцы,180358,P0016,2.5,687.5,Завершен
VK71669,2018-09-13,CL00442,Красногорск,141750,P0077,1.5,562.5,Отказ
VK64404,2018-09-14,CL00765,Химки,196607,P0041,2.0,550.0,Завершен
VK67726,2018-09-14,CL00146,Подольск,107146,P0041,5.0,1375.0,Завершен
VK93473,2018-09-14,CL00624,Химки,192243,P0107,1.0,375.0,Завершен
VK71536,2018-09-14,CL00350,Подольск,137601,P0079,0.5,187.5,Завершен
VK96032,2018-09-14,CL00477,Красногорск,184058,P0023,1.5,412.5,Завершен
VK90427,2018-09-14,CL01007,Химки,187946,P0119,2.5,937.5,Завершен
VK72624,2018-09-14,CL00690,Реутов,107152,P0063,3.0,1125.0,Завершен
VK84873,2018-09-14,CL01012,Красногорск,143036,P0078,2.0,750.0,Завершен
VK77467,2018-09-14,CL00569,Реутов,170852,P0075,1.0,375.0,Завершен
VK28690,2018-09-14,CL00187,Королёв,131946,P0040,1.0,275.0,Завершен
VK22424,2018-09-14,CL00510,Подольск,129188,P0106,1.0,375.0,Завершен
VK90611,2018-09-14,CL00434,Реутов,152505,P0084,3.0,1125.0,Завершен
VK42855,2018-09-14,CL01089,Мытищи,144560,P0072,0.5,187.5,Завершен
VK14485,2018-09-15,CL00486,Реутов,198796,XXX999,2.5,687.5,Завершен
VK60466,2018-09-15,CL00615,Мытищи,191326,P0109,3.0,-1125.0,Завершен
VK35938,2018-09-15,CL00040,Королёв,198548,P0027,3.0,825.0,Отказ
VK93182,2018-09-15,CL01169,Мытищи,119148,XXX999,1.0,375.0,Отказ
VK41172,2018-09-15,CL00276,Люберцы,156244,P0024,0.5,-137.5,Завершен
VK11535,2018-09-15,CL01100,Королёв,130783,P0043,1.0,275.0,Завершен
VK55075,2018-09-15,CL01081,Подольск,147151,P0021,2.5,687.5,Завершен
VK85654,2018-09-15,CL01186,Москава,141515,P0069,1.0,375.0,Завершен
VK38159,2018-09-15,CL00989,Мытищи,120152,P0098,2.0,750.0,Завершен
VK81549,2018-09-15,CL00038,Люберцы,193872,P0019,2.0,550.0,Завершен
VK46609,2018-09-15,CL00825,Королёв,162003,P0012,2.0,550.0,Завершен
VK76155,2018-09-16,CL00044,Красногорск,abcde,P0076,0.5,187.5,Завершен
VK76965,2018-09-16,CL00948,Реутов,179450,P0048,1.0,275.0,Завершен
VK99204,2018-09-16,CL00269,Реутов,196835,P0116,1.0,375.0,Завершен
VK36041,2018-09-16,CL00124,Мытищи,144725,P0102,1.0,375.0,Завершен
VK78888,2018-09-16,CL00619,Подольск,143383,P0085,3.0,1125.0,Завершен
VK83778,2018-09-16,CL00521,Химки,118777,P0062,2.5,937.5,Завершен
VK16159,2018-09-16,CL00816,Подольск,121910,P0042,5.0,1375.0,Завершен
VK80707,2018-09-16,CL00716,Красногорск,110208,P0106,5.0,1875.0,Завершен
VK79582,2018-09-16,CL00153,Мытищи,115525,P0097,1.0,375.0,Завершен
VK23125,2018-09-16,CL00345,Мытищи,129102,P0116,1.0,375.0,Завершен
VK93140,2018-09-16,CL00252,Москва,106868,P0009,3.0,825.0,Завершен
VK29929,2018-09-16,CL00024,Химки,109880,P0046,5.0,1375.0,Завершен
VK89910,2018-09-16,CL00425,Люберцы,180658,P0109,2.5,937.5,Завершен
VK28847,2018-09-17,CL01100,Королёв,130783,P0079,5.0,1875.0,Завершен
VK41780,2018-09-17,CL01109,Москва,151605,P0057,2.0,750.0,Завершен
VK94683,2018-09-17,CL00327,Реутов,143054,P0081,2.0,750.0,Завершен
VK35345,2018-09-17,CL00539,Королёв,194688,P0043,2.0,550.0,Завершен
VK19244,2018-09-17,CL00659,Реутов,136467,P0096,1.0,375.0,Завершен
VK46204,2018-09-17,CL00643,Мытищи,135112,P0043,1.0,275.0,Завершен
VK92384,2018-09-18,CL01099,Подольск,189536,P0062,1.5,562.5,Завершен
VK96562,2018-09-18,CL00069,Москва,134237,P0072,2.5,937.5,Завершен
VK26366,2018-09-18,CL00496,Королёв,147419,P0094,2.0,750.0,Завершен
VK69554,2018-09-18,CL00439,Подольск,166731,P0044,2.5,687.5,Завершен
VK54744,2018-09-18,CL00247,Химки,130539,P0119,1.0,375.0,Отказ
VK15370,2018-09-18,CL01074,Мытищи,161822,P0005,1.5,412.5,Завершен
VK43482,2018-09-18,CL00300,Реутов,197754,P0036,2.0,550.0,Завершен
VK65824,2018-09-18,CL00813,Королёв,130886,XXX999,0.5,187.5,Завершен
VK73871,2018-09-18,CL00857,Реутов,196564,P0035,2.5,687.5,Завершен
VK78529,2018-09-18,CL00898,Красногорск,138712,P0047,5.0,1375.0,Завершен
VK23255,2018-09-19,CL00856,Москва,138745,P0027,1.5,412.5,Отказ
VK41816,2018-09-19,CL00028,Москва,100282,P0088,3.0,1125.0,Завершен
VK87474,2018-09-19,CL00092,Подольск,187500,P0057,2.5,937.5,Завершен
VK23626,2018-09-19,CL01193,Люберцы,159517,P0091,2.0,750.0,Завершен
VK73945,2018-09-19,CL00850,Реутов,100963,P0015,5.0,1375.0,Завершен
VK84136,2018-09-19,CL00787,Королёв,127483,P0001,2.5,687.5,Завершен
VK97498,2018-09-19,CL00863,Химки,197545,P0108,2.0,750.0,Завершен
VK24129,2018-09-19,CL00804,Люберцы,162071,P0014,2.0,550.0,Отказ
VK56186,2018-09-20,CL00532,Мытищи,199837,P0095,5.0,1875.0,Завершен
VK16265,2018-09-20,CL00904,Москава,138800,P0043,1.0,275.0,Завершен
VK93205,2018-09-20,CL00541,Реутов,129002,XXX999,1.5,562.5,Завершен
VK31049,2018-09-20,CL00837,Подольск,126309,P0071,1.5,562.5,Завершен
VK81732,2018-09-20,CL00021,Мытищи,195448,P0043,1.0,275.0,Завершен
VK62601,2018-09-20,CL00436,Реутов,172070,P0014,3.0,825.0,Завершен
VK32551,2018-09-20,CL01196,Химки,165214,P0027,5.0,1375.0,Завершен
VK34876,2018-09-21,CL00396,Люберцы,120644,P0023,1.5,412.5,Отказ
VK76338,2018-09-21,CL01025,Подольск,166900,P0104,2.5,937.5,Завершен
VK48824,2018-09-21,CL00038,Люберцы,193872,P0118,3.0,1125.0,Завершен
VK33318,2018-09-21,CL01185,Москва,120174,P0053,5.0,1875.0,Завершен
VK19952,2018-09-21,CL00183,Подольск,101792,P0099,2.0,750.0,Завершен
VK88377,2018-09-21,CL00197,Королёв,116547,P0106,1.0,375.0,Отказ
VK44520,2018-09-21,CL01058,Реутов,163192,P0116,3.0,1125.0,Завершен
VK79838,2018-09-21,CL00821,Люберцы,101620,P0077,1.0,375.0,Завершен
VK60494,2018-09-21,CL00414,Москва,175598,P0014,1.5,412.5,Завершен
VK48523,2018-09-21,CL00303,Красногорск,184599,P0095,0.5,-187.5,Завершен
VK20775,2018-09-21,CL00422,Подольск,167499,P0043,2.5,687.5,Завершен
VK77970,2018-09-22,CL00915,Королёв,149774,P0029,1.0,275.0,Завершен
VK85426,2018-09-22,CL00994,Москва,115506,P0034,2.5,687.5,Завершен
VK57706,2018-09-22,CL00822,Мытищи,119424,P0034,2.0,550.0,Завершен
VK66533,2018-09-22,CL00248,Подольск,178116,P0011,5.0,1375.0,Завершен
VK40763,2018-09-22,CL00198,Мытищи,157711,P0044,1.5,412.5,Завершен
VK20097,2018-09-22,CL00244,Химки,178269,P0057,1.5,562.5,Завершен
VK42361,2018-09-22,CL00185,Мытищи,120181,P0120,3.0,1125.0,Завершен
VK26877,2018-09-22,CL01166,Химки,101930,P0093,5.0,1875.0,Завершен
VK76512,2018-09-22,CL00379,Подольск,146077,P0092,0.5,187.5,Завершен
VK51089,2018-09-22,CL00777,Мытищи,142284,P0083,3.0,1125.0,Завершен
VK89179,2018-09-22,CL00209,Подольск,150140,P0091,0.5,187.5,Завершен
VK94536,2018-09-22,CL01111,Красногорск,101549,P0041,1.0,275.0,Завершен
VK39355,2018-09-22,CL00192,Красногорск,199991,P0118,2.5,937.5,Завершен
VK55561,2018-09-23,CL00780,Химки,122983,P0041,3.0,825.0,Отказ
VK29382,2018-09-23,CL00376,Мытищи,123652,P0015,2.0,550.0,Завершен
VK18573,2018-09-23,CL00830,Люберцы,191250,P0104,0.5,187.5,Завершен
VK43031,2018-09-23,CL01074,Мытищи,161822,P0062,3.0,1125.0,Завершен
VK88346,2018-09-23,CL00355,Мытищи,155027,P0050,3.0,825.0,Отказ
VK27479,2018-09-23,CL00929,Мытищи,158598,P0076,2.0,750.0,Завершен
VK69259,2018-09-23,CL00991,Мытищи,133018,P0034,2.0,550.0,Завершен
VK98430,2018-09-23,CL00486,Реутов,198796,P0023,1.5,412.5,Завершен
VK84692,2018-09-23,CL01029,Королёв,105297,P0110,1.5,562.5,Завершен
VK63364,2018-09-23,CL00346,Красногорск,154381,P0098,5.0,1875.0,Завершен
VK99302,2018-09-23,CL00724,Подольск,153744,P0091,1.0,375.0,Завершен
VK10888,2018-09-23,CL00082,Королёв,196463,P0022,2.5,687.5,Завершен
VK56969,2018-09-23,CL00619,Подольск,143383,P0044,2.5,687.5,Отказ
VK99830,2018-09-24,CL01001,Люберцы,118884,P0003,2.5,687.5,Завершен
VK59976,2018-09-24,CL00407,Подольск,121229,P0120,2.0,750.0,Завершен
VK54996,2018-09-24,CL00404,Королёв,167811,P0070,3.0,1125.0,Завершен
VK56551,2018-09-24,CL00503,Москва,100395,P0056,1.0,375.0,Отказ
VK43031,2018-09-24,CL00739,Химки,160731,P0108,1.0,375.0,Завершен
VK44144,2018-09-24,CL01013,Подольск,147774,P0076,2.0,750.0,Отказ
VK56032,2018-09-24,CL00311,Красногорск,140685,P0070,2.0,750.0,Завершен
VK54527,2018-09-24,CL01168,Красногорск,104159,P0120,3.0,1125.0,Завершен
VK78664,2018-09-24,CL00730,Красногорск,198028,P0115,2.0,750.0,Завершен
VK89450,2018-09-24,CL00608,Красногорск,156420,P0107,1.5,562.5,Отказ
VK99545,2018-09-25,CL00772,Королёв,180495,P0090,1.5,562.5,Отказ
VK85233,2018-09-25,CL00285,Королёв,154287,XXX999,1.0,375.0,Завершен
VK33264,2018-09-25,CL00375,Люберцы,195300,P0012,1.0,275.0,Завершен
VK68340,2018-09-25,CL00239,Королёв,136666,P0040,2.5,687.5,Завершен
VK80462,2018-09-25,CL00578,Подольск,141507,P0065,0.5,187.5,Завершен
VK50850,2018-09-25,CL01068,Подольск,172733,P0009,5.0,1375.0,Завершен
VK99526,2018-09-25,CL00650,Подольск,127082,P0091,1.5,562.5,Завершен
VK31939,2018-09-25,CL00792,Химки,109661,P0091,1.0,375.0,Завершен
VK89102,2018-09-25,CL00007,Мытищи,109071,P0042,0.5,137.5,Завершен
VK54223,2018-09-25,CL00762,Красногорск,103840,P0055,1.0,375.0,Завершен
VK81824,2018-09-25,CL00950,Люберцы,144939,P0036,2.0,550.0,Завершен
VK68711,2018-09-25,CL00947,Подольск,116827,P0035,5.0,1375.0,Завершен
VK18580,2018-09-25,CL01051,Подольск,144914,P0061,0.5,187.5,Завершен
VK28531,2018-09-25,CL00075,Красногорск,116334,P0008,1.5,412.5,Завершен
VK51984,2018-09-26,CL01152,Подольск,161498,P0119,3.0,-1125.0,Завершен
VK35957,2018-09-26,CL00351,Подольск,161487,P0007,1.0,275.0,Завершен
VK65878,2018-09-26,CL00009,Люберцы,179507,P0052,1.5,562.5,Завершен
VK20798,2018-09-26,CL00679,Красногорск,139223,P0048,2.0,550.0,Завершен
VK23673,2018-09-26,CL01151,Люберцы,101383,P0068,2.0,750.0,Отказ
VK89909,2018-09-26,CL00321,Москава,188984,P0049,1.5,412.5,Завершен
VK47643,2018-09-26,CL00453,Москва,167984,P0067,2.0,750.0,Завершен
VK17224,2018-09-26,CL00437,Мытищи,112672,P0038,5.0,1375.0,Завершен
VK34651,2018-09-26,CL00902,Подольск,167070,P0020,2.5,687.5,Завершен
VK87000,2018-09-26,CL00744,Москва,159270,P0030,0.5,137.5,Завершен
VK76682,2018-09-27,CL00748,Люберцы,109828,P0097,2.5,937.5,Завершен
VK15861,2018-09-27,CL00766,Химки,150911,P0120,1.5,562.5,Завершен
VK34340,2018-09-27,CL00831,Химки,197481,P0051,1.0,375.0,Отказ
VK19563,2018-09-27,CL00306,Подольск,182306,P0061,1.0,375.0,Завершен
VK37097,2018-09-27,CL00267,Красногорск,190023,P0058,3.0,1125.0,Завершен
VK12043,2018-09-27,CL00159,Подольск,159048,P0064,2.5,937.5,Завершен
VK37004,2018-09-27,CL00051,Реутов,105778,P0103,0.5,187.5,Завершен
VK48068,2018-09-27,CL00431,Москва,178317,P0108,3.0,1125.0,Завершен
VK96454,2018-09-27,CL00530,Королёв,112119,P0096,0.5,187.5,Завершен
VK53352,2018-09-27,CL01179,Мытищи,156906,P0107,5.0,1875.0,Завершен
VK39933,2018-09-27,CL00167,Королёв,105224,P0085,1.0,375.0,Завершен
VK62685,2018-09-27,CL00165,Королёв,190266,P0023,1.5,412.5,Завершен
VK88479,2018-09-27,CL00533,Королёв,143642,P0048,0.5,137.5,Завершен
VK43840,2018-09-27,CL00644,Москва,157850,P0039,1.0,275.0,Завершен
VK39225,2018-09-28,CL00176,Москва,141224,P0013,1.0,275.0,Завершен
VK25109,2018-09-28,CL01093,Москва,133792,P0067,0.5,187.5,Завершен
VK74033,2018-09-28,CL01141,Москва,168679,P0025,1.0,275.0,Завершен
VK52910,2018-09-28,CL01179,Мытищи,156906,P0014,0.5,137.5,Завершен
VK43619,2018-09-28,CL00729,Люберцы,130339,P0040,1.0,275.0,Завершен
VK62193,2018-09-28,CL01094,Реутов,128885,P0082,3.0,1125.0,Завершен
VK47316,2018-09-28,CL00715,Реутов,132540,P0094,1.5,562.5,Завершен
VK24220,2018-09-28,CL01089,Мытищи,144560,P0059,5.0,1875.0,Завершен
VK36493,2018-09-28,CL00886,Реутов,129402,XXX999,5.0,1375.0,Завершен
VK75269,2018-09-28,CL01190,Королёв,124461,P0041,0.5,137.5,Завершен
VK42873,2018-09-29,CL00196,Реутов,185461,P0069,1.5,562.5,Завершен
VK36299,2018-09-29,CL00083,Мытищи,187012,P0067,1.0,375.0,Завершен
VK59811,2018-09-29,CL00295,Реутов,192995,P0003,3.0,825.0,Отказ
VK76269,2018-09-29,CL00395,Красногорск,193000,P0082,1.0,375.0,Завершен
VK92210,2018-09-29,CL00198,Мытищи,157711,P0042,0.5,137.5,Завершен
VK67523,2018-09-29,CL01193,Люберцы,159517,P0067,1.0,375.0,Завершен
VK19094,2018-09-29,CL00943,Мытищи,106094,P0076,0.5,187.5,Завершен
VK79278,2018-09-29,CL01134,Мытищи,145039,P0084,5.0,1875.0,Завершен
VK28790,2018-09-29,CL00295,Реутов,192995,P0015,1.5,412.5,Завершен
VK17433,2018-09-29,CL00064,Химки,160332,P0095,2.5,937.5,Завершен
VK41151,2018-09-30,CL00106,Москва,187670,P0028,2.5,687.5,Завершен
VK42773,2018-09-30,CL00331,Химки,120308,P0111,3.0,1125.0,Завершен
VK93453,2018-09-30,CL00351,Подольск,161487,P0098,1.5,562.5,Завершен
VK30072,2018-09-30,CL00397,Красногорск,115907,P0103,2.0,750.0,Завершен
VK57203,2018-09-30,CL00308,Красногорск,182210,P0059,2.0,750.0,Завершен
VK93505,2018-09-30,CL01003,Мытищи,175067,P0056,1.0,-375.0,Завершен
VK60915,2018-09-30,CL00812,Химки,150738,P0001,3.0,825.0,Завершен
VK58244,2018-09-30,CL00228,Реутов,173048,P0038,1.5,412.5,Завершен
VK49302,2018-09-30,CL00020,Реутов,195561,P0020,3.0,825.0,Отказ
VK63788,2018-09-30,CL00433,Подольск,195355,P0096,1.0,375.0,Отказ
VK39751,2018-09-30,CL00424,Королёв,112689,P0083,3.0,1125.0,Завершен
VK92116,2018-09-30,CL00922,Красногорск,184070,P0065,2.0,750.0,Завершен
VK70735,2018-10-01,CL00527,Подольск,107552,P0053,5.0,1875.0,Завершен
VK63504,2018-10-01,CL00013,Химки,144313,P0079,2.5,937.5,Завершен
VK37985,2018-10-01,CL00724,Подольск,153744,P0099,1.5,562.5,Завершен
VK24240,2018-10-01,CL00386,Подольск,148623,P0065,2.0,750.0,Завершен
VK49363,2018-10-01,CL00051,Реутов,105778,P0106,2.5,937.5,Завершен
VK91735,2018-10-01,CL00997,Люберцы,139498,P0032,5.0,1375.0,Завершен
VK38465,2018-10-01,CL00129,Красногорск,111359,P0020,2.0,550.0,Отказ
VK30541,2018-10-01,CL00393,Химки,109706,P0034,1.5,412.5,Завершен
VK77829,2018-10-01,CL00982,Москва,142065,XXX999,3.0,1125.0,Завершен
VK68062,2018-10-01,CL00568,Мытищи,173919,P0066,2.0,750.0,Завершен
VK60589,2018-10-01,CL00997,Люберцы,139498,P0006,0.5,137.5,Завершен
VK45824,2018-10-01,CL01028,Подольск,174162,P0030,2.5,687.5,Завершен
VK30428,2018-10-01,CL00969,Подольск,196348,P0062,3.0,1125.0,Завершен
VK35927,2018-10-01,CL00600,Люберцы,109064,P0085,3.0,1125.0,Завершен
VK71417,2018-10-01,CL00319,Королёв,179928,P0110,1.0,375.0,Завершен
VK27112,2018-10-01,CL00841,Королёв,123276,P0089,1.0,375.0,Завершен
VK51446,2018-10-01,CL00848,Люберцы,149345,P0026,5.0,1375.0,Завершен
VK32966,2018-10-02,CL00164,Москва,140319,P0092,2.0,750.0,Завершен
VK83647,2018-10-02,CL00935,Красногорск,181232,P0021,1.5,412.5,Завершен
VK29925,2018-10-02,CL00195,Красногорск,192435,P0068,1.0,375.0,Завершен
VK79770,2018-10-02,CL00346,Красногорск,abcde,P0071,1.0,375.0,Завершен
VK83618,2018-10-02,CL00080,Люберцы,176019,P0015,2.5,687.5,Завершен
VK46861,2018-10-02,CL00044,Красногорск,157433,P0035,2.5,687.5,Завершен
VK42688,2018-10-02,CL00795,Мытищи,112203,P0064,3.0,1125.0,Завершен
VK29221,2018-10-02,CL00529,Москава,143288,P0024,0.5,137.5,Завершен
VK15161,2018-10-02,CL00614,Химки,145652,P0103,2.0,750.0,Отказ
VK71972,2018-10-02,CL00462,Реутов,119198,P0067,1.0,375.0,Завершен
VK12615,2018-10-02,CL01099,Подольск,189536,P0050,2.0,550.0,Завершен
VK57498,2018-10-02,CL01087,Химки,152947,P0042,2.5,687.5,Завершен
VK33833,2018-10-02,CL00607,Подольск,105806,P0042,2.0,550.0,Завершен
VK74456,2018-10-02,CL00964,Москва,150797,P0044,2.0,550.0,Завершен
VK54535,2018-10-02,CL00195,Красногорск,192435,P0101,3.0,1125.0,Завершен
VK87374,2018-10-03,CL01098,Красногорск,175197,P0041,0.5,137.5,Завершен
VK57869,2018-10-03,CL00027,Реутов,128016,P0083,2.0,750.0,Завершен
VK77295,2018-10-03,CL00838,Химки,106626,P0083,5.0,1875.0,Завершен
VK13072,2018-10-03,CL00434,Реутов,152505,P0045,1.5,412.5,Завершен
VK31873,2018-10-03,CL00224,Реутов,117322,P0013,2.0,550.0,Завершен
VK50191,2018-10-03,CL01124,Реутов,121409,P0022,0.5,-137.5,Завершен
VK66747,2018-10-03,CL00119,Подольск,114168,P0072,1.5,562.5,Завершен
VK96074,2018-10-03,CL01115,Красногорск,155567,P0062,1.5,562.5,Отказ
VK53636,2018-10-03,CL00812,Химки,150738,XXX999,2.0,750.0,Завершен
VK91811,2018-10-03,CL00590,Химки,117758,P0023,2.5,687.5,Отказ
VK12518,2018-10-03,CL01065,Реутов,133244,P0069,0.5,187.5,Завершен
VK71619,2018-10-03,CL00123,Москва,156148,P0098,1.5,562.5,Завершен
VK51761,2018-10-04,CL00145,Химки,139618,P0027,0.5,137.5,Завершен
VK24879,2018-10-04,CL00365,Подольск,189742,P0033,5.0,1375.0,Завершен
VK24031,2018-10-04,CL00081,Москава,188555,P0066,0.5,187.5,Завершен
VK58940,2018-10-04,CL00983,Мытищи,170809,P0005,1.0,275.0,Отказ
VK41056,2018-10-04,CL00526,Королёв,129536,P0106,0.5,187.5,Завершен
VK19884,2018-10-04,CL01123,Королёв,173680,P0064,5.0,1875.0,Отказ
VK54713,2018-10-04,CL00935,Красногорск,181232,P0091,0.5,187.5,Завершен
VK19225,2018-10-04,CL00143,Химки,163464,P0044,5.0,1375.0,Завершен
VK70393,2018-10-04,CL00259,Мытищи,119442,P0113,1.0,375.0,Завершен
VK97154,2018-10-04,CL00078,Реутов,122810,P0086,3.0,1125.0,Завершен
VK18030,2018-10-05,CL00951,Королёв,118111,P0108,3.0,1125.0,Завершен
VK10827,2018-10-05,CL00372,Люберцы,148237,P0036,2.0,550.0,Завершен
VK35915,2018-10-05,CL00271,Мытищи,187207,P0083,0.5,187.5,Завершен
VK81040,2018-10-05,CL00485,Красногорск,100895,P0064,1.5,562.5,Завершен
VK26254,2018-10-05,CL00026,Мытищи,130982,P0040,2.5,687.5,Завершен
VK34667,2018-10-05,CL01199,Москва,117009,P0075,3.0,1125.0,Завершен
VK39847,2018-10-05,CL00783,Москва,141709,P0021,1.0,275.0,Завершен
VK87635,2018-10-05,CL00371,Люберцы,106265,P0112,1.0,375.0,Завершен
VK76408,2018-10-05,CL00007,Мытищи,109071,P0014,1.5,412.5,Завершен
VK65905,2018-10-05,CL00372,Люберцы,148237,P0020,3.0,825.0,Завершен
VK41558,2018-10-05,CL00121,Химки,190520,P0111,1.5,562.5,Завершен
VK99591,2018-10-05,CL01016,Люберцы,117603,P0035,2.5,687.5,Отказ
VK31137,2018-10-05,CL00491,Мытищи,138671,P0005,1.5,412.5,Завершен
VK98408,2018-10-06,CL01012,Красногорск,143036,P0067,0.5,187.5,Завершен
VK57379,2018-10-06,CL00004,Подольск,121174,P0010,0.5,137.5,Завершен
VK98892,2018-10-06,CL01186,Подольск,141515,P0018,3.0,825.0,Завершен
VK51820,2018-10-06,CL00192,Красногорск,abcde,P0005,0.5,137.5,Завершен
VK72973,2018-10-06,CL00425,Люберцы,180658,P0061,2.0,750.0,Завершен
VK74105,2018-10-06,CL00320,Красногорск,137079,P0019,1.5,412.5,Завершен
VK34941,2018-10-06,CL00888,Мытищи,185267,P0001,1.5,412.5,Завершен
VK15596,2018-10-06,CL00437,Мытищи,112672,P0037,1.0,275.0,Завершен
VK70941,2018-10-06,CL00279,Реутов,197120,P0081,3.0,1125.0,Завершен
VK34105,2018-10-07,CL00207,Красногорск,119080,P0110,1.0,375.0,Завершен
VK61287,2018-10-07,CL00541,Реутов,129002,XXX999,1.0,375.0,Отказ
VK54212,2018-10-07,CL00834,Красногорск,167537,P0099,2.0,750.0,Завершен
VK61410,2018-10-07,CL00205,Мытищи,190964,P0022,1.0,275.0,Отказ
VK82001,2018-10-07,CL00409,Мытищи,183238,P0105,1.0,375.0,Завершен
VK73771,2018-10-07,CL00348,Мытищи,103694,P0042,1.5,412.5,Завершен
VK66735,2018-10-07,CL00218,Люберцы,189889,P0028,2.5,687.5,Завершен
VK30948,2018-10-07,CL01030,Королёв,134649,P0082,2.0,750.0,Завершен
VK17832,2018-10-07,CL00271,Мытищи,187207,P0098,2.0,750.0,Завершен
VK18769,2018-10-07,CL01150,Мытищи,147943,P0001,1.5,412.5,Завершен
VK89667,2018-10-07,CL00388,Красногорск,185139,P0029,1.5,412.5,Завершен
VK77995,2018-10-07,CL00047,Мытищи,197310,P0072,1.5,562.5,Завершен
VK64571,2018-10-07,CL00568,Мытищи,173919,P0007,2.0,550.0,Завершен
VK50371,2018-10-07,CL00613,Подольск,144966,P0085,2.0,750.0,Отказ
VK92635,2018-10-07,CL00872,Королёв,123176,P0109,3.0,1125.0,Завершен
VK66229,2018-10-07,CL00333,Красногорск,181006,P0112,1.5,562.5,Завершен
VK26964,2018-10-07,CL00801,Москва,156047,P0115,2.5,937.5,Завершен
VK58936,2018-10-07,CL00158,Подольск,172350,P0064,2.5,937.5,Завершен
VK50964,2018-10-08,CL00965,Красногорск,107051,P0081,3.0,1125.0,Завершен
VK72414,2018-10-08,CL00644,Москва,157850,P0050,3.0,825.0,Завершен
VK54663,2018-10-08,CL00215,Химки,163335,XXX999,5.0,1875.0,Завершен
VK35477,2018-10-08,CL00601,Королёв,139692,P0015,2.5,687.5,Завершен
VK92926,2018-10-08,CL00085,Люберцы,126100,P0106,1.0,375.0,Завершен
VK40005,2018-10-08,CL00020,Реутов,195561,P0054,2.5,937.5,Завершен
VK41066,2018-10-08,CL00048,Люберцы,127607,P0075,3.0,1125.0,Завершен
VK74040,2018-10-08,CL00765,Химки,196607,P0056,5.0,1875.0,Завершен
VK12542,2018-10-08,CL01102,Москава,113983,P0065,2.5,937.5,Завершен
VK22528,2018-10-08,CL00037,Москва,154948,P0055,1.5,562.5,Завершен
VK91737,2018-10-08,CL00089,Москва,113970,P0100,2.0,750.0,Завершен
VK74348,2018-10-08,CL00587,Мытищи,136170,P0051,1.5,562.5,Отказ
VK44866,2018-10-08,CL01080,Химки,178579,P0041,2.0,550.0,Завершен
VK35320,2018-10-08,CL00897,Химки,134471,P0073,0.5,187.5,Завершен
VK28754,2018-10-08,CL00487,Красногорск,194749,P0028,5.0,1375.0,Завершен
VK17736,2018-10-08,CL00909,Красногорск,157372,P0018,1.5,412.5,Завершен
VK34667,2018-10-09,CL00904,Королёв,138800,P0016,5.0,1375.0,Завершен
VK48747,2018-10-09,CL01086,Красногорск,136242,P0027,2.5,687.5,Завершен
VK35551,2018-10-09,CL00768,Красногорск,abcde,P0010,3.0,825.0,Отказ
VK47022,2018-10-09,CL01068,Подольск,172733,P0043,2.5,687.5,Завершен
VK65442,2018-10-09,CL00376,Мытищи,123652,P0112,1.0,375.0,Завершен
VK11430,2018-10-09,CL01156,Реутов,121400,P0035,3.0,825.0,Завершен
VK28882,2018-10-09,CL00384,Москва,130932,P0063,1.5,562.5,Завершен
VK95411,2018-10-09,CL01015,Химки,183995,P0012,1.5,412.5,Отказ
VK20316,2018-10-09,CL01074,Мытищи,161822,P0079,3.0,1125.0,Завершен
VK29348,2018-10-09,CL00093,Королёв,194276,P0058,1.5,562.5,Завершен
VK82779,2018-10-09,CL00146,Подольск,107146,P0089,2.0,750.0,Завершен
VK18899,2018-10-10,CL00408,Химки,168012,P0103,2.0,750.0,Отказ
VK78521,2018-10-10,CL00533,Королёв,143642,P0080,1.0,375.0,Завершен
VK40803,2018-10-10,CL00760,Королёв,163527,P0012,1.0,275.0,Завершен
VK56803,2018-10-10,CL00484,Мытищи,118430,P0050,0.5,137.5,Завершен
VK55032,2018-10-10,CL00269,Реутов,196835,P0040,1.5,412.5,Отказ
VK62502,2018-10-10,CL00533,Королёв,143642,P0004,5.0,1375.0,Отказ
VK51872,2018-10-11,CL00264,Реутов,129949,P0104,5.0,1875.0,Завершен
VK93142,2018-10-11,CL00757,Королёв,136670,XXX999,1.5,412.5,Завершен
VK76879,2018-10-11,CL00136,Королёв,164332,P0013,3.0,825.0,Завершен
VK13081,2018-10-11,CL01121,Королёв,123148,P0057,5.0,1875.0,Завершен
VK64386,2018-10-11,CL00091,Москва,115906,P0070,3.0,1125.0,Завершен
VK36230,2018-10-11,CL00810,Подольск,187486,P0011,2.5,687.5,Отказ
VK40081,2018-10-11,CL00909,Красногорск,157372,P0028,2.5,687.5,Отказ
VK55794,2018-10-11,CL00044,Красногорск,157433,P0096,2.5,937.5,Завершен
VK58249,2018-10-11,CL00361,Реутов,105706,P0096,3.0,1125.0,Отказ
VK31519,2018-10-11,CL01158,Москава,180375,P0057,2.5,937.5,Завершен
VK80284,2018-10-11,CL01199,Москва,117009,P0097,2.0,750.0,Завершен
VK91630,2018-10-11,CL00695,Мытищи,108851,P0070,0.5,187.5,Завершен
VK59060,2018-10-11,CL00287,Реутов,188895,P0115,1.5,562.5,Завершен
VK36422,2018-10-11,CL00292,Реутов,130161,P0111,2.5,-937.5,Завершен
VK36946,2018-10-12,CL00182,Москва,179806,P0092,2.0,750.0,Завершен
VK49139,2018-10-12,CL00883,Люберцы,168195,P0060,1.0,-375.0,Завершен
VK38094,2018-10-12,CL00636,Красногорск,181187,P0033,5.0,1375.0,Завершен
VK57308,2018-10-12,CL00760,Королёв,163527,P0095,2.5,937.5,Завершен
VK92066,2018-10-12,CL00751,Москва,106637,P0007,2.0,550.0,Отказ
VK43073,2018-10-12,CL00847,Москава,179736,P0077,1.0,375.0,Завершен
VK50619,2018-10-12,CL00658,Реутов,109898,P0087,1.0,375.0,Завершен
VK33713,2018-10-12,CL00766,Химки,150911,P0039,0.5,137.5,Завершен
VK75482,2018-10-12,CL00179,Королёв,199613,P0076,5.0,1875.0,Завершен
VK52907,2018-10-12,CL00203,Москва,130771,P0080,3.0,1125.0,Завершен
VK88880,2018-10-12,CL00821,Люберцы,101620,P0023,2.0,550.0,Завершен
VK25738,2018-10-13,CL00690,Реутов,107152,P0085,1.5,562.5,Завершен
VK69890,2018-10-13,CL00043,Подольск,109016,P0016,1.5,412.5,Завершен
VK25771,2018-10-13,CL00509,Красногорск,170419,P0061,5.0,1875.0,Завершен
VK99368,2018-10-13,CL00351,Подольск,161487,P0088,3.0,1125.0,Завершен
VK72456,2018-10-13,CL00309,Подольск,161462,P0077,5.0,1875.0,Отказ
VK21284,2018-10-13,CL00311,Красногорск,140685,P0065,1.0,375.0,Отказ
VK85992,2018-10-13,CL00879,Москва,182141,P0022,3.0,825.0,Завершен
VK45398,2018-10-13,CL00037,Москва,154948,P0017,3.0,825.0,Завершен
VK72878,2018-10-13,CL00645,Реутов,185678,P0092,0.5,187.5,Завершен
VK30092,2018-10-13,CL00053,Подольск,172309,P0077,0.5,187.5,Завершен
VK98869,2018-10-13,CL00308,Красногорск,182210,XXX999,1.0,275.0,Отказ
VK83261,2018-10-14,CL00984,Москва,149146,P0041,5.0,1375.0,Завершен
VK40345,2018-10-14,CL00908,Москва,186947,P0031,3.0,-825.0,Завершен
VK16198,2018-10-14,CL00389,Химки,abcde,P0089,3.0,1125.0,Завершен
VK88387,2018-10-14,CL01128,Москва,146018,P0044,1.5,412.5,Завершен
VK71928,2018-10-14,CL00234,Люберцы,115292,P0004,1.5,412.5,Завершен
VK96324,2018-10-14,CL00625,Мытищи,170371,P0072,2.5,937.5,Завершен
VK80879,2018-10-14,CL00847,Москва,179736,P0061,1.5,562.5,Завершен
VK93796,2018-10-14,CL00924,Москва,120568,P0047,1.0,275.0,Завершен
VK86049,2018-10-14,CL00868,Реутов,154146,P0039,1.5,412.5,Завершен
VK55539,2018-10-14,CL00176,Москва,141224,P0085,2.0,750.0,Завершен
VK98166,2018-10-14,CL00520,Красногорск,188150,P0047,5.0,-1375.0,Завершен
VK98566,2018-10-14,CL00535,Королёв,191177,P0090,5.0,1875.0,Завершен
VK66585,2018-10-14,CL00018,Химки,153354,P0115,2.5,937.5,Завершен
VK24664,2018-10-15,CL01024,Подольск,129269,P0107,0.5,187.5,Завершен
VK78100,2018-10-15,CL00560,Мытищи,149436,P0007,2.5,687.5,Завершен
VK43386,2018-10-15,CL00128,Королёв,195817,P0117,0.5,187.5,Завершен
VK31587,2018-10-15,CL01094,Реутов,abcde,XXX999,2.5,937.5,Завершен
VK53895,2018-10-15,CL00244,Химки,178269,P0047,3.0,825.0,Завершен
VK58932,2018-10-15,CL00202,Красногорск,199536,P0103,2.0,750.0,Завершен
VK78566,2018-10-15,CL00228,Реутов,173048,P0029,2.5,687.5,Завершен
VK38714,2018-10-15,CL00145,Химки,139618,P0037,3.0,825.0,Завершен
VK63477,2018-10-15,CL00028,Москва,100282,P0096,2.5,937.5,Завершен
VK23949,2018-10-15,CL00716,Красногорск,110208,P0041,3.0,825.0,Завершен
VK69461,2018-10-15,CL00663,Реутов,164843,P0018,1.0,275.0,Завершен
VK34684,2018-10-15,CL00047,Мытищи,197310,P0032,1.0,275.0,Завершен
VK76127,2018-10-15,CL00533,Королёв,143642,XXX999,3.0,825.0,Отказ
VK28920,2018-10-15,CL00513,Красногорск,124704,P0085,5.0,1875.0,Завершен
VK50180,2018-10-15,CL00774,Москва,176888,P0037,0.5,137.5,Завершен
VK49696,2018-10-15,CL00546,Королёв,146160,P0089,1.0,375.0,Завершен
VK93656,2018-10-15,CL00757,Королёв,136670,P0008,5.0,1375.0,Завершен
VK35035,2018-10-15,CL01024,Подольск,129269,P0113,0.5,187.5,Завершен
VK56860,2018-10-16,CL00039,Химки,117154,P0119,0.5,187.5,Завершен
VK88323,2018-10-16,CL00558,Красногорск,160161,P0095,3.0,1125.0,Завершен
VK59140,2018-10-16,CL00383,Москва,179635,P0062,1.5,562.5,Завершен
VK91167,2018-10-16,CL00215,Химки,163335,P0111,1.0,-375.0,Завершен
VK93259,2018-10-16,CL00695,Мытищи,108851,P0101,2.5,937.5,Завершен
VK99013,2018-10-16,CL00181,Королёв,163532,P0077,2.5,937.5,Завершен
VK75535,2018-10-16,CL00672,Москава,140043,P0019,2.0,550.0,Завершен
VK43525,2018-10-16,CL01200,Москва,163618,P0005,1.5,412.5,Завершен
VK60299,2018-10-16,CL00410,Подольск,180534,P0054,3.0,1125.0,Завершен
VK22845,2018-10-16,CL00840,Мытищи,131711,P0039,5.0,1375.0,Завершен
VK91295,2018-10-16,CL00100,Химки,153424,XXX999,2.0,750.0,Завершен
VK99764,2018-10-16,CL01074,Мытищи,161822,P0061,1.5,562.5,Завершен
VK59803,2018-10-16,CL00452,Реутов,180147,P0089,2.0,750.0,Завершен
VK21380,2018-10-16,CL00627,Люберцы,164157,P0112,0.5,187.5,Завершен
VK22065,2018-10-16,CL01172,Москва,193674,P0022,2.0,550.0,Завершен
VK92745,2018-10-16,CL00868,Реутов,154146,P0069,0.5,187.5,Завершен
VK54221,2018-10-16,CL01058,Реутов,163192,P0104,0.5,187.5,Завершен
VK71509,2018-10-16,CL00693,Красногорск,174498,P0034,1.0,275.0,Завершен
VK77729,2018-10-17,CL00936,Москава,114945,P0029,2.5,687.5,Завершен
VK69208,2018-10-17,CL01126,Королёв,134048,P0105,2.0,750.0,Завершен
VK15218,2018-10-17,CL01138,Подольск,186772,P0020,1.5,412.5,Завершен
VK65932,2018-10-17,CL00657,Реутов,175684,P0055,1.5,562.5,Завершен
VK20069,2018-10-17,CL00659,Реутов,136467,P0065,0.5,-187.5,Завершен
VK42642,2018-10-17,CL00321,Реутов,188984,XXX999,1.0,275.0,Завершен
VK64869,2018-10-18,CL01182,Королёв,120315,P0056,3.0,1125.0,Завершен
VK67185,2018-10-18,CL00460,Королёв,194589,P0017,2.0,550.0,Отказ
VK18773,2018-10-18,CL00625,Мытищи,170371,P0081,2.5,937.5,Завершен
VK97123,2018-10-18,CL00976,Подольск,166209,P0085,0.5,187.5,Отказ
VK76468,2018-10-18,CL00943,Мытищи,106094,P0013,1.5,412.5,Завершен
VK28025,2018-10-18,CL00962,Красногорск,113432,P0086,1.0,375.0,Завершен
VK21321,2018-10-18,CL00523,Реутов,106145,P0079,0.5,187.5,Отказ
VK35757,2018-10-18,CL01144,Королёв,117206,P0088,2.5,-937.5,Завершен
VK81554,2018-10-18,CL00850,Реутов,100963,P0082,2.0,750.0,Завершен
VK72636,2018-10-18,CL00643,Мытищи,135112,P0065,1.5,562.5,Завершен
VK96017,2018-10-18,CL00927,Химки,149628,P0106,0.5,187.5,Завершен
VK25184,2018-10-18,CL00959,Москва,198328,P0021,1.0,275.0,Завершен
VK36535,2018-10-18,CL00687,Люберцы,abcde,P0081,2.5,937.5,Отказ
VK61211,2018-10-18,CL00131,Москава,142600,P0053,1.0,375.0,Завершен
VK76872,2018-10-18,CL00507,Реутов,150132,P0112,0.5,187.5,Завершен
VK27964,2018-10-19,CL00788,Мытищи,114160,P0077,0.5,187.5,Завершен
VK72965,2018-10-19,CL00266,Мытищи,140963,P0079,1.5,562.5,Завершен
VK97036,2018-10-19,CL00573,Красногорск,135825,P0062,5.0,1875.0,Завершен
VK38065,2018-10-19,CL00636,Красногорск,181187,P0038,2.0,550.0,Завершен
VK82487,2018-10-19,CL00899,Москва,127222,P0016,0.5,137.5,Завершен
VK19295,2018-10-19,CL01104,Москва,170972,P0015,3.0,825.0,Завершен
VK76829,2018-10-19,CL00453,Москва,167984,P0063,1.0,375.0,Завершен
VK18912,2018-10-19,CL00267,Красногорск,190023,P0027,1.0,275.0,Завершен
VK19514,2018-10-19,CL00143,Москава,163464,P0096,2.0,750.0,Завершен
VK92174,2018-10-19,CL01079,Королёв,186099,P0060,2.5,937.5,Завершен
VK92001,2018-10-19,CL00340,Подольск,179254,P0052,5.0,1875.0,Завершен
VK44402,2018-10-19,CL00458,Люберцы,139008,P0002,1.5,412.5,Завершен
VK66606,2018-10-19,CL00986,Красногорск,112577,P0064,2.0,750.0,Отказ
VK61724,2018-10-19,CL00794,Мытищи,149212,P0012,0.5,137.5,Завершен
VK71592,2018-10-20,CL00519,Подольск,137914,P0030,1.5,412.5,Завершен
VK87274,2018-10-20,CL00557,Красногорск,152022,P0053,2.5,937.5,Завершен
VK99415,2018-10-20,CL00030,Реутов,195748,P0084,3.0,1125.0,Завершен
VK85233,2018-10-20,CL00046,Мытищи,117601,P0081,2.5,937.5,Завершен
VK21925,2018-10-20,CL00770,Люберцы,104975,P0090,1.0,-375.0,Завершен
VK54880,2018-10-20,CL00367,Королёв,126422,P0026,3.0,825.0,Завершен
VK92754,2018-10-20,CL00255,Королёв,180623,P0076,2.5,937.5,Завершен
VK45155,2018-10-20,CL00010,Химки,198994,P0068,0.5,187.5,Завершен
VK87913,2018-10-20,CL00051,Реутов,105778,P0044,1.5,412.5,Завершен
VK52488,2018-10-20,CL00973,Подольск,178234,P0002,2.5,687.5,Завершен
VK55680,2018-10-20,CL01041,Мытищи,154344,P0094,1.0,375.0,Завершен
VK53908,2018-10-20,CL00639,Реутов,154477,P0063,1.5,562.5,Завершен
VK46506,2018-10-20,CL00874,Подольск,120766,P0039,2.5,687.5,Завершен
VK97776,2018-10-20,CL00224,Реутов,117322,P0116,1.5,562.5,Завершен
VK90354,2018-10-20,CL00992,Химки,153429,P0118,3.0,1125.0,Завершен
VK54220,2018-10-21,CL00752,Реутов,151773,P0070,5.0,1875.0,Завершен
VK75136,2018-10-21,CL01055,Москва,169655,P0024,1.0,275.0,Завершен
VK73483,2018-10-21,CL00755,Люберцы,119481,P0099,1.5,562.5,Завершен
VK84473,2018-10-21,CL00675,Химки,158335,P0090,3.0,1125.0,Завершен
VK29181,2018-10-21,CL00872,Королёв,123176,P0053,2.0,750.0,Завершен
VK43100,2018-10-21,CL00742,Мытищи,146627,P0067,1.5,562.5,Завершен
VK82179,2018-10-21,CL01157,Реутов,110382,P0063,0.5,187.5,Завершен
VK34763,2018-10-21,CL00437,Мытищи,112672,P0005,2.0,550.0,Отказ
VK74887,2018-10-21,CL00470,Москава,162350,P0044,5.0,1375.0,Завершен
VK82174,2018-10-21,CL01159,Люберцы,169722,P0102,2.0,750.0,Завершен
VK76993,2018-10-21,CL00395,Красногорск,193000,P0102,2.5,937.5,Завершен
VK44825,2018-10-21,CL00685,Мытищи,150335,P0003,2.5,687.5,Завершен
VK92327,2018-10-21,CL01098,Красногорск,175197,P0052,0.5,187.5,Завершен
VK72438,2018-10-21,CL00675,Химки,158335,P0075,2.0,750.0,Завершен
VK25655,2018-10-21,CL00951,Королёв,118111,P0006,2.0,550.0,Завершен
VK57360,2018-10-21,CL00718,Химки,106019,P0061,1.0,375.0,Завершен
VK17143,2018-10-21,CL00087,Королёв,182544,P0036,5.0,1375.0,Завершен
VK84791,2018-10-22,CL00738,Красногорск,170244,P0039,1.0,275.0,Завершен
VK82432,2018-10-22,CL00290,Люберцы,115726,P0062,5.0,1875.0,Завершен
VK29884,2018-10-22,CL00498,Подольск,168202,P0064,1.5,562.5,Завершен
VK51512,2018-10-22,CL00746,Москва,129135,P0052,0.5,187.5,Завершен
VK60236,2018-10-22,CL00765,Химки,196607,P0037,5.0,1375.0,Завершен
VK12285,2018-10-22,CL00381,Люберцы,107518,P0078,1.0,375.0,Завершен
VK90495,2018-10-22,CL01128,Москва,146018,P0075,1.0,375.0,Отказ
VK26326,2018-10-22,CL00501,Королёв,154450,P0028,1.5,412.5,Завершен
VK63267,2018-10-22,CL00443,Реутов,196904,P0040,0.5,137.5,Завершен
VK89902,2018-10-22,CL00114,Красногорск,108993,P0104,1.0,375.0,Завершен
VK38880,2018-10-22,CL00620,Королёв,153090,P0038,1.0,275.0,Завершен
VK41296,2018-10-22,CL00767,Подольск,177662,P0040,1.5,412.5,Завершен
VK71566,2018-10-23,CL00907,Реутов,112451,P0089,1.0,375.0,Завершен
VK83834,2018-10-23,CL00231,Реутов,148689,P0075,0.5,187.5,Завершен
VK18479,2018-10-23,CL00700,Подольск,151213,P0022,1.0,275.0,Завершен
VK12867,2018-10-23,CL01139,Мытищи,152041,P0042,2.0,550.0,Завершен
VK57123,2018-10-23,CL00952,Люберцы,171802,P0065,2.0,750.0,Завершен
VK67185,2018-10-23,CL00274,Подольск,129392,P0012,2.0,550.0,Отказ
VK65592,2018-10-23,CL00717,Мытищи,106903,P0083,3.0,1125.0,Завершен
VK55643,2018-10-23,CL00257,Королёв,155872,P0008,0.5,137.5,Завершен
VK44060,2018-10-23,CL00864,Реутов,143426,P0033,1.0,275.0,Завершен
VK38722,2018-10-23,CL00184,Мытищи,114871,P0024,2.0,550.0,Завершен
VK77786,2018-10-23,CL01094,Реутов,128885,P0113,5.0,1875.0,Завершен
VK35652,2018-10-23,CL01040,Химки,120625,P0045,2.5,-687.5,Завершен
VK59996,2018-10-23,CL00206,Москва,107355,P0090,5.0,1875.0,Отказ
VK39960,2018-10-23,CL01104,Москва,170972,P0026,1.5,412.5,Отказ
VK30808,2018-10-23,CL00084,Мытищи,198453,P0028,0.5,137.5,Завершен
VK82459,2018-10-23,CL00221,Подольск,182242,P0105,0.5,187.5,Завершен
VK78846,2018-10-23,CL01053,Мытищи,168512,P0067,0.5,187.5,Завершен
VK22094,2018-10-24,CL00699,Люберцы,110357,P0024,0.5,137.5,Завершен
VK95802,2018-10-24,CL00645,Реутов,185678,P0050,2.5,687.5,Отказ
VK33061,2018-10-24,CL00977,Реутов,152876,P0107,5.0,1875.0,Завершен
VK65478,2018-10-24,CL00280,Москава,128197,P0001,1.5,412.5,Завершен
VK35609,2018-10-24,CL00579,Мытищи,140405,P0066,1.0,375.0,Завершен
VK18831,2018-10-24,CL00039,Химки,117154,P0010,2.5,687.5,Завершен
VK75655,2018-10-25,CL00566,Москва,141220,P0096,2.5,937.5,Завершен
VK61616,2018-10-25,CL00760,Королёв,163527,P0026,2.5,687.5,Завершен
VK71481,2018-10-25,CL00883,Люберцы,168195,P0107,1.0,375.0,Завершен
VK41709,2018-10-25,CL00808,Подольск,134510,XXX999,1.0,275.0,Завершен
VK58128,2018-10-25,CL00897,Химки,134471,P0041,5.0,1375.0,Завершен
VK70608,2018-10-25,CL00114,Красногорск,108993,P0102,2.5,937.5,Завершен
VK24401,2018-10-25,CL00645,Реутов,abcde,P0057,1.0,375.0,Завершен
VK93903,2018-10-25,CL00304,Химки,133550,P0042,3.0,825.0,Завершен
VK18791,2018-10-25,CL00064,Химки,160332,P0017,2.5,687.5,Завершен
VK47644,2018-10-25,CL00049,Химки,134600,P0098,2.0,750.0,Завершен
VK74219,2018-10-25,CL00066,Москва,152227,P0014,2.0,550.0,Завершен
VK63435,2018-10-26,CL00357,Химки,138177,P0069,5.0,1875.0,Завершен
VK75500,2018-10-26,CL00107,Подольск,116728,P0012,1.0,275.0,Завершен
VK37117,2018-10-26,CL00147,Подольск,198669,P0049,1.0,275.0,Завершен
VK58169,2018-10-26,CL00849,Королёв,161171,P0030,0.5,137.5,Завершен
VK89219,2018-10-26,CL00335,Королёв,147749,P0006,5.0,1375.0,Завершен
VK49258,2018-10-26,CL00859,Королёв,188063,P0075,2.0,750.0,Завершен
VK73861,2018-10-26,CL00686,Реутов,118327,P0060,1.5,562.5,Отказ
VK38255,2018-10-26,CL00467,Химки,169604,P0060,1.0,375.0,Завершен
VK29289,2018-10-26,CL01015,Химки,183995,P0057,2.0,750.0,Завершен
VK28329,2018-10-26,CL00461,Люберцы,188686,P0091,2.0,750.0,Завершен
VK61951,2018-10-26,CL00443,Реутов,196904,P0002,3.0,825.0,Завершен
VK39762,2018-10-26,CL00163,Подольск,118643,P0099,1.0,375.0,Завершен
VK62329,2018-10-26,CL00586,Люберцы,164634,P0017,2.0,550.0,Завершен
VK58702,2018-10-26,CL00322,Красногорск,112387,P0080,2.0,750.0,Завершен
VK64499,2018-10-26,CL00124,Мытищи,144725,P0062,1.0,375.0,Завершен
VK35359,2018-10-27,CL00823,Мытищи,113237,P0065,0.5,187.5,Завершен
VK31750,2018-10-27,CL00955,Красногорск,199716,P0087,1.5,562.5,Завершен
VK29128,2018-10-27,CL00865,Люберцы,160786,P0050,0.5,137.5,Завершен
VK45338,2018-10-27,CL00812,Химки,150738,P0109,3.0,1125.0,Завершен
VK38664,2018-10-27,CL00099,Подольск,150205,P0047,0.5,137.5,Отказ
VK13164,2018-10-27,CL00911,Мытищи,159839,P0073,3.0,1125.0,Завершен
VK90337,2018-10-27,CL00034,Москва,110500,P0091,2.0,750.0,Завершен
VK52800,2018-10-27,CL00797,Реутов,113272,P0034,2.0,550.0,Завершен
VK96588,2018-10-28,CL01119,Химки,149923,P0068,5.0,1875.0,Завершен
VK93257,2018-10-28,CL00357,Химки,138177,P0062,3.0,1125.0,Завершен
VK35733,2018-10-28,CL00635,Подольск,118388,P0032,1.5,412.5,Завершен
VK46144,2018-10-28,CL00519,Подольск,137914,P0028,0.5,137.5,Завершен
VK15768,2018-10-28,CL00478,Москава,161344,P0071,2.0,750.0,Завершен
VK27424,2018-10-28,CL01143,Реутов,abcde,P0113,1.5,562.5,Отказ
VK35383,2018-10-28,CL00597,Красногорск,173905,P0036,1.0,-275.0,Завершен
VK29876,2018-10-28,CL00918,Королёв,134290,P0103,2.0,750.0,Завершен
VK43442,2018-10-28,CL00298,Красногорск,113875,P0069,2.0,750.0,Завершен
VK18680,2018-10-28,CL00682,Подольск,194690,P0021,1.0,275.0,Отказ
VK44800,2018-10-28,CL01103,Мытищи,186956,XXX999,1.0,275.0,Завершен
VK87303,2018-10-29,CL01078,Москва,122973,P0097,1.0,375.0,Завершен
VK87837,2018-10-29,CL00532,Мытищи,199837,P0037,2.5,-687.5,Завершен
VK39648,2018-10-29,CL00462,Реутов,119198,P0007,5.0,1375.0,Завершен
VK73359,2018-10-29,CL00804,Люберцы,162071,P0051,5.0,1875.0,Отказ
VK76694,2018-10-29,CL00987,Москва,127627,P0018,1.5,412.5,Завершен
VK63046,2018-10-29,CL00302,Мытищи,125415,P0030,1.5,412.5,Завершен
VK49366,2018-10-29,CL00430,Химки,146254,P0093,0.5,187.5,Завершен
VK23958,2018-10-29,CL01129,Подольск,137304,P0081,5.0,1875.0,Завершен
VK39311,2018-10-29,CL00312,Королёв,148331,P0067,5.0,1875.0,Завершен
VK42602,2018-10-29,CL00145,Химки,139618,P0075,5.0,1875.0,Завершен
VK22923,2018-10-29,CL00958,Мытищи,119048,P0035,2.0,550.0,Завершен
VK57578,2018-10-29,CL00688,Москва,186298,P0091,3.0,1125.0,Завершен
VK25496,2018-10-30,CL01194,Реутов,abcde,P0102,1.5,562.5,Завершен
VK74469,2018-10-30,CL00896,Люберцы,113928,P0060,1.5,562.5,Завершен
VK63125,2018-10-30,CL00337,Химки,140562,P0080,2.0,750.0,Завершен
VK47547,2018-10-30,CL00351,Подольск,161487,P0068,2.0,750.0,Завершен
VK31613,2018-10-30,CL00204,Химки,156881,P0104,1.0,375.0,Завершен
VK52879,2018-10-30,CL01161,Подольск,183478,P0102,1.5,562.5,Завершен
VK20863,2018-10-30,CL00490,Подольск,165866,P0119,2.5,937.5,Завершен
VK11112,2018-10-30,CL00800,Реутов,164349,P0008,0.5,137.5,Отказ
VK74572,2018-10-30,CL00044,Красногорск,157433,P0012,1.0,275.0,Завершен
VK94930,2018-10-30,CL00842,Красногорск,133903,P0021,0.5,137.5,Завершен
VK10273,2018-10-30,CL00108,Реутов,186900,P0090,1.0,375.0,Завершен
VK27495,2018-10-30,CL00367,Королёв,126422,P0082,2.0,750.0,Завершен
VK90666,2018-10-31,CL00321,Реутов,188984,P0041,1.5,412.5,Завершен
VK90312,2018-10-31,CL00231,Реутов,abcde,P0075,5.0,1875.0,Завершен
VK70599,2018-10-31,CL00070,Люберцы,178193,P0045,1.5,412.5,Завершен
VK30629,2018-10-31,CL00276,Люберцы,156244,P0110,2.5,937.5,Завершен
VK77487,2018-10-31,CL00752,Реутов,151773,P0014,3.0,825.0,Завершен
VK39332,2018-10-31,CL00477,Красногорск,184058,P0067,0.5,187.5,Завершен
VK61562,2018-10-31,CL00550,Мытищи,101198,P0028,3.0,-825.0,Завершен
VK31339,2018-10-31,CL01010,Красногорск,187988,P0067,5.0,1875.0,Завершен
VK69311,2018-10-31,CL01095,Москава,146281,P0057,3.0,1125.0,Завершен
VK50160,2018-10-31,CL00376,Мытищи,123652,P0116,1.5,562.5,Завершен
VK73123,2018-11-01,CL00976,Подольск,166209,P0018,2.5,687.5,Завершен
VK94451,2018-11-01,CL00463,Москва,193603,P0063,2.0,-750.0,Завершен
VK82367,2018-11-01,CL00211,Королёв,160236,P0018,3.0,825.0,Завершен
VK37495,2018-11-01,CL00660,Королёв,142898,P0066,3.0,1125.0,Завершен
VK57737,2018-11-01,CL00073,Люберцы,157154,P0002,2.0,550.0,Завершен
VK55231,2018-11-01,CL00162,Химки,171376,P0094,1.0,375.0,Завершен
VK43053,2018-11-01,CL00804,Люберцы,162071,P0074,0.5,187.5,Отказ
VK75223,2018-11-01,CL00541,Реутов,129002,P0097,2.0,750.0,Завершен
VK62099,2018-11-01,CL00735,Красногорск,130619,P0077,2.0,750.0,Завершен
VK52412,2018-11-01,CL00700,Подольск,151213,P0016,5.0,1375.0,Завершен
VK52848,2018-11-01,CL00103,Реутов,146105,P0037,2.0,550.0,Завершен
VK65358,2018-11-01,CL00508,Реутов,189486,P0001,3.0,825.0,Завершен
VK84261,2018-11-01,CL00237,Реутов,187881,P0012,3.0,825.0,Завершен
VK10975,2018-11-01,CL00579,Мытищи,140405,P0025,5.0,1375.0,Завершен
VK75677,2018-11-02,CL00791,Красногорск,113294,P0070,0.5,187.5,Завершен
VK53583,2018-11-02,CL00649,Красногорск,179988,P0098,1.0,375.0,Завершен
VK76188,2018-11-02,CL00792,Химки,109661,P0075,3.0,1125.0,Завершен
VK79302,2018-11-02,CL00656,Химки,142217,P0107,1.5,562.5,Завершен
VK90245,2018-11-02,CL00385,Красногорск,174349,XXX999,2.5,937.5,Завершен
VK15167,2018-11-02,CL00762,Красногорск,abcde,P0030,1.0,275.0,Завершен
VK87460,2018-11-02,CL00576,Мытищи,138715,P0109,2.0,750.0,Завершен
VK69826,2018-11-02,CL00001,Люберцы,159470,P0085,2.5,937.5,Завершен
VK12348,2018-11-02,CL00467,Химки,169604,P0015,0.5,137.5,Завершен
VK18231,2018-11-02,CL00842,Красногорск,133903,P0107,2.0,750.0,Завершен
VK64689,2018-11-02,CL00880,Химки,145134,P0022,2.0,550.0,Завершен
VK89791,2018-11-02,CL00327,Реутов,143054,P0046,2.0,550.0,Завершен
VK51311,2018-11-02,CL00842,Красногорск,133903,P0007,2.5,687.5,Завершен
VK68886,2018-11-02,CL01113,Люберцы,134452,P0032,5.0,1375.0,Завершен
VK95466,2018-11-02,CL00942,Королёв,124979,P0032,1.5,412.5,Завершен
VK40077,2018-11-02,CL01038,Королёв,100864,P0036,5.0,1375.0,Отказ
VK86044,2018-11-03,CL00296,Люберцы,102733,P0090,3.0,1125.0,Отказ
VK82398,2018-11-03,CL00950,Люберцы,144939,P0016,1.0,275.0,Завершен
VK40780,2018-11-03,CL00531,Москва,188299,P0075,1.5,562.5,Завершен
VK53068,2018-11-03,CL00701,Люберцы,195677,P0022,2.0,550.0,Завершен
VK36248,2018-11-03,CL00057,Москва,127535,P0023,1.0,275.0,Завершен
VK20443,2018-11-03,CL00545,Красногорск,164044,P0033,0.5,137.5,Завершен
VK72896,2018-11-03,CL00858,Химки,193502,P0064,1.5,562.5,Завершен
VK43841,2018-11-03,CL00812,Химки,150738,P0046,0.5,137.5,Отказ
VK98055,2018-11-03,CL00754,Красногорск,124530,P0108,1.0,375.0,Завершен
VK65895,2018-11-03,CL00274,Подольск,abcde,P0028,1.5,412.5,Завершен
VK57373,2018-11-03,CL00464,Красногорск,185979,P0034,1.0,275.0,Завершен
VK47850,2018-11-03,CL00210,Королёв,118758,P0036,0.5,137.5,Завершен
VK20914,2018-11-04,CL00979,Красногорск,128632,P0042,3.0,825.0,Завершен
VK56299,2018-11-04,CL00599,Королёв,127479,P0099,1.5,-562.5,Завершен
VK34811,2018-11-04,CL01107,Реутов,175584,P0074,1.0,375.0,Завершен
VK12389,2018-11-04,CL00341,Люберцы,162991,P0094,2.5,937.5,Завершен
VK21327,2018-11-04,CL00935,Красногорск,181232,P0075,2.5,937.5,Завершен
VK54839,2018-11-04,CL01134,Мытищи,145039,P0116,0.5,187.5,Завершен
VK80098,2018-11-04,CL00173,Мытищи,153523,P0107,1.0,375.0,Завершен
VK92781,2018-11-04,CL00611,Красногорск,163277,P0084,1.0,375.0,Завершен
VK61023,2018-11-04,CL00306,Подольск,182306,P0088,1.5,562.5,Отказ
VK23575,2018-11-04,CL00818,Реутов,182211,P0068,5.0,1875.0,Завершен
VK62751,2018-11-04,CL00513,Красногорск,124704,P0111,5.0,1875.0,Завершен
VK91405,2018-11-04,CL00752,Реутов,151773,P0116,1.0,375.0,Завершен
VK86854,2018-11-04,CL00113,Мытищи,198176,P0080,3.0,1125.0,Завершен
VK39720,2018-11-04,CL00737,Подольск,158925,P0084,3.0,1125.0,Завершен
VK74798,2018-11-04,CL01102,Красногорск,113983,P0027,5.0,1375.0,Завершен
VK60760,2018-11-04,CL01072,Мытищи,152502,P0036,2.5,687.5,Завершен
VK65789,2018-11-05,CL00090,Химки,191214,P0120,1.0,375.0,Завершен
VK23968,2018-11-05,CL01071,Химки,191660,P0049,1.5,412.5,Отказ
VK97139,2018-11-05,CL00628,Реутов,176939,XXX999,0.5,187.5,Завершен
VK59752,2018-11-05,CL00270,Подольск,176869,P0054,1.0,375.0,Завершен
VK64005,2018-11-05,CL00048,Люберцы,127607,P0011,1.0,275.0,Завершен
VK57682,2018-11-05,CL00964,Москва,150797,P0020,0.5,137.5,Завершен
VK49298,2018-11-05,CL00705,Москва,145443,P0104,0.5,187.5,Завершен
VK47375,2018-11-05,CL00129,Красногорск,111359,P0091,2.0,750.0,Отказ
VK22199,2018-11-05,CL00071,Красногорск,141114,P0088,1.5,562.5,Завершен
VK85675,2018-11-06,CL00423,Красногорск,116059,P0113,5.0,1875.0,Завершен
VK48955,2018-11-06,CL00970,Реутов,136583,P0031,5.0,1375.0,Завершен
VK23164,2018-11-06,CL00647,Люберцы,111401,P0089,2.5,937.5,Завершен
VK15339,2018-11-06,CL00352,Москва,102490,P0079,2.0,750.0,Завершен
VK65072,2018-11-06,CL01029,Королёв,105297,P0044,1.5,412.5,Завершен
VK45264,2018-11-06,CL00298,Красногорск,113875,P0061,0.5,187.5,Завершен
VK19010,2018-11-06,CL00628,Реутов,176939,P0118,3.0,1125.0,Отказ
VK87110,2018-11-06,CL00679,Красногорск,139223,P0047,0.5,137.5,Завершен
VK72518,2018-11-06,CL00877,Москва,126137,P0096,0.5,187.5,Завершен
VK57333,2018-11-06,CL00424,Королёв,112689,P0072,0.5,187.5,Завершен
VK44640,2018-11-06,CL00018,Химки,153354,P0069,2.0,750.0,Завершен
VK83556,2018-11-06,CL00287,Реутов,188895,P0098,1.0,375.0,Завершен
VK85803,2018-11-07,CL00991,Мытищи,133018,P0108,2.5,937.5,Завершен
VK90790,2018-11-07,CL00369,Реутов,171176,P0096,1.5,562.5,Завершен
VK65079,2018-11-07,CL01035,Реутов,147880,P0022,5.0,1375.0,Завершен
VK75231,2018-11-07,CL00855,Реутов,189228,P0099,1.5,562.5,Завершен
VK63155,2018-11-07,CL00257,Королёв,155872,P0016,0.5,137.5,Завершен
VK43152,2018-11-07,CL00140,Красногорск,159473,P0053,2.5,937.5,Завершен
VK34164,2018-11-07,CL00809,Королёв,135200,P0043,3.0,825.0,Завершен
VK25725,2018-11-07,CL01170,Люберцы,109356,P0058,5.0,1875.0,Завершен
VK15269,2018-11-07,CL01088,Люберцы,166353,P0118,3.0,1125.0,Завершен
VK16103,2018-11-07,CL00506,Москва,123590,P0075,1.0,375.0,Завершен
VK61736,2018-11-07,CL00704,Подольск,192785,P0102,3.0,1125.0,Отказ
VK46247,2018-11-07,CL00503,Москва,100395,P0044,1.0,275.0,Завершен
VK95439,2018-11-07,CL00803,Химки,127125,P0057,0.5,187.5,Завершен
VK11803,2018-11-07,CL00334,Реутов,123703,P0006,1.0,275.0,Завершен
VK45900,2018-11-08,CL00369,Реутов,171176,P0089,1.0,375.0,Завершен
VK10400,2018-11-08,CL00403,Подольск,184192,XXX999,2.0,550.0,Отказ
VK18048,2018-11-08,CL00822,Мытищи,119424,P0089,2.0,750.0,Завершен
VK17810,2018-11-08,CL00027,Реутов,128016,P0043,5.0,1375.0,Завершен
VK47889,2018-11-08,CL00638,Химки,173607,P0060,3.0,1125.0,Завершен
VK47645,2018-11-08,CL00459,Химки,164094,P0016,1.0,275.0,Завершен
VK33207,2018-11-08,CL00999,Реутов,104039,XXX999,1.0,375.0,Завершен
VK72027,2018-11-08,CL00484,Мытищи,118430,XXX999,2.0,550.0,Завершен
VK18558,2018-11-08,CL00684,Химки,113168,P0120,5.0,1875.0,Завершен
VK49740,2018-11-08,CL00408,Химки,abcde,P0080,2.5,937.5,Завершен
VK97614,2018-11-09,CL01123,Королёв,173680,P0089,5.0,1875.0,Завершен
VK85289,2018-11-09,CL01024,Подольск,129269,P0002,2.5,687.5,Завершен
VK33979,2018-11-09,CL01110,Королёв,191520,P0023,5.0,1375.0,Завершен
VK79248,2018-11-09,CL01125,Химки,162460,P0075,3.0,1125.0,Завершен
VK12565,2018-11-09,CL00934,Красногорск,129218,P0052,0.5,187.5,Завершен
VK82597,2018-11-09,CL00553,Москва,194659,P0059,1.5,562.5,Завершен
VK10191,2018-11-09,CL00599,Королёв,127479,P0105,2.0,750.0,Завершен
VK24216,2018-11-09,CL00175,Реутов,137777,P0003,2.0,550.0,Завершен
VK65685,2018-11-09,CL00798,Химки,153645,P0055,3.0,1125.0,Завершен
VK45643,2018-11-09,CL00738,Красногорск,170244,P0077,1.5,562.5,Завершен
VK62684,2018-11-09,CL00171,Королёв,157963,P0094,2.5,937.5,Завершен
VK88849,2018-11-09,CL00581,Мытищи,158830,P0073,3.0,1125.0,Завершен
VK99254,2018-11-10,CL00764,Химки,113124,P0061,3.0,1125.0,Отказ
VK27789,2018-11-10,CL01087,Химки,152947,P0048,2.5,687.5,Завершен
VK38635,2018-11-10,CL00246,Химки,172641,P0032,1.0,275.0,Завершен
VK43614,2018-11-10,CL00975,Мытищи,141662,P0076,1.5,562.5,Отказ
VK63626,2018-11-10,CL00983,Мытищи,170809,P0099,0.5,187.5,Завершен
VK94281,2018-11-10,CL00676,Москва,115806,P0078,0.5,187.5,Завершен
VK37405,2018-11-10,CL00963,Реутов,191242,P0091,2.5,937.5,Завершен
VK41025,2018-11-10,CL00562,Мытищи,156873,P0052,0.5,187.5,Завершен
VK42809,2018-11-10,CL00874,Подольск,120766,P0111,2.5,937.5,Завершен
VK92458,2018-11-10,CL01189,Королёв,173272,P0023,5.0,1375.0,Завершен
VK72391,2018-11-10,CL00580,Красногорск,abcde,P0101,5.0,1875.0,Завершен
VK31893,2018-11-10,CL00246,Химки,172641,P0014,3.0,825.0,Завершен
VK10833,2018-11-10,CL00599,Королёв,127479,P0011,3.0,825.0,Завершен
VK55738,2018-11-11,CL00662,Мытищи,152129,P0048,0.5,137.5,Завершен
VK82913,2018-11-11,CL00339,Королёв,150052,P0006,1.5,412.5,Завершен
VK22780,2018-11-11,CL01147,Королёв,191438,P0080,3.0,1125.0,Завершен
VK97464,2018-11-11,CL00407,Подольск,121229,P0020,3.0,825.0,Завершен
VK30572,2018-11-11,CL00730,Красногорск,198028,P0018,1.5,412.5,Завершен
VK33513,2018-11-11,CL00628,Реутов,176939,P0082,1.0,375.0,Завершен
VK35905,2018-11-11,CL00863,Химки,197545,P0029,1.0,275.0,Завершен
VK18031,2018-11-11,CL00433,Подольск,195355,P0050,1.0,275.0,Завершен
VK91087,2018-11-11,CL00046,Мытищи,117601,P0110,3.0,1125.0,Завершен
VK36760,2018-11-11,CL00676,Москва,abcde,P0002,1.0,275.0,Отказ
VK49268,2018-11-11,CL00196,Реутов,185461,P0116,1.5,562.5,Завершен
VK30175,2018-11-11,CL00916,Москва,195325,P0044,5.0,1375.0,Завершен
VK30849,2018-11-11,CL00852,Мытищи,136239,P0052,3.0,1125.0,Отказ
VK90078,2018-11-12,CL00354,Мытищи,131147,P0044,2.0,550.0,Завершен
VK46592,2018-11-12,CL00541,Реутов,129002,P0001,5.0,1375.0,Завершен
VK38068,2018-11-12,CL01071,Химки,191660,P0027,1.5,412.5,Завершен
VK12625,2018-11-12,CL00026,Мытищи,130982,P0099,3.0,1125.0,Завершен
VK59220,2018-11-12,CL00182,Москва,179806,P0111,1.0,375.0,Завершен
VK21930,2018-11-12,CL01200,Москва,163618,P0001,5.0,1375.0,Завершен
VK26617,2018-11-12,CL00393,Химки,109706,P0001,5.0,1375.0,Завершен
VK79932,2018-11-12,CL00543,Люберцы,143236,P0043,0.5,137.5,Завершен
VK72825,2018-11-12,CL01097,Красногорск,123394,P0111,5.0,1875.0,Завершен
VK86108,2018-11-12,CL00633,Реутов,118070,P0102,2.0,750.0,Завершен
VK27723,2018-11-12,CL00387,Королёв,175225,P0089,3.0,1125.0,Завершен
VK80651,2018-11-12,CL00499,Мытищи,193967,P0005,0.5,137.5,Завершен
VK41520,2018-11-12,CL00657,Реутов,175684,P0031,1.0,275.0,Завершен
VK89547,2018-11-12,CL00317,Москва,145015,P0105,0.5,187.5,Завершен
VK41653,2018-11-12,CL01025,Подольск,166900,P0023,2.5,687.5,Завершен
VK54448,2018-11-12,CL00307,Королёв,199598,P0104,2.5,937.5,Завершен
VK44033,2018-11-12,CL00664,Красногорск,144270,P0117,2.5,937.5,Завершен
VK27849,2018-11-12,CL00580,Красногорск,113399,P0020,1.5,412.5,Завершен
VK38902,2018-11-13,CL01190,Королёв,124461,P0102,1.0,375.0,Завершен
VK77889,2018-11-13,CL01006,Подольск,180856,P0099,3.0,1125.0,Завершен
VK19363,2018-11-13,CL00859,Москава,188063,P0028,1.0,275.0,Завершен
VK81660,2018-11-13,CL00083,Мытищи,187012,P0034,2.0,550.0,Завершен
VK52184,2018-11-13,CL00433,Подольск,195355,P0093,0.5,187.5,Завершен
VK46216,2018-11-13,CL00093,Королёв,194276,P0076,2.0,750.0,Завершен
VK14339,2018-11-13,CL00348,Мытищи,103694,P0094,5.0,1875.0,Завершен
VK13581,2018-11-13,CL01154,Москва,138393,P0028,5.0,1375.0,Отказ
VK13172,2018-11-13,CL00676,Москва,115806,P0115,5.0,1875.0,Завершен
VK13977,2018-11-13,CL00112,Люберцы,155255,XXX999,5.0,1375.0,Завершен
VK93498,2018-11-13,CL00231,Реутов,148689,P0036,0.5,137.5,Завершен
VK34958,2018-11-13,CL00231,Реутов,148689,P0118,2.5,937.5,Отказ
VK22879,2018-11-13,CL00880,Химки,145134,P0103,2.0,750.0,Завершен
VK80651,2018-11-13,CL01158,Химки,180375,P0074,2.0,750.0,Завершен
VK78448,2018-11-14,CL00310,Люберцы,177518,P0004,2.0,550.0,Завершен
VK33032,2018-11-14,CL01174,Москва,196380,P0024,5.0,1375.0,Отказ
VK75721,2018-11-14,CL00346,Красногорск,154381,P0009,5.0,1375.0,Завершен
VK51171,2018-11-14,CL00730,Красногорск,abcde,P0004,2.5,687.5,Завершен
VK76472,2018-11-14,CL00973,Подольск,178234,P0113,2.0,750.0,Завершен
VK15786,2018-11-14,CL00312,Королёв,148331,P0017,2.0,550.0,Завершен
VK96774,2018-11-14,CL00437,Мытищи,112672,P0021,2.5,687.5,Отказ
VK59531,2018-11-14,CL00960,Люберцы,119192,P0112,1.5,562.5,Завершен
VK21624,2018-11-14,CL00491,Мытищи,138671,P0007,1.5,412.5,Завершен
VK46055,2018-11-14,CL00851,Люберцы,114169,P0092,1.5,562.5,Завершен
VK59508,2018-11-14,CL00876,Реутов,162573,P0060,2.5,937.5,Завершен
VK64129,2018-11-14,CL00529,Химки,143288,P0101,2.5,937.5,Завершен
VK77067,2018-11-14,CL00326,Подольск,111104,P0058,1.0,375.0,Завершен
VK78920,2018-11-15,CL00394,Подольск,158341,P0096,5.0,1875.0,Завершен
VK17957,2018-11-15,CL00781,Люберцы,138602,P0055,1.0,375.0,Завершен
VK26044,2018-11-15,CL00585,Подольск,122216,P0024,1.5,412.5,Завершен
VK79281,2018-11-15,CL01018,Королёв,123038,P0030,5.0,1375.0,Завершен
VK79375,2018-11-15,CL01036,Люберцы,129215,P0107,0.5,187.5,Завершен
VK91995,2018-11-15,CL01072,Мытищи,152502,P0053,3.0,1125.0,Отказ
VK41813,2018-11-16,CL01132,Подольск,183962,P0039,1.5,412.5,Завершен
VK27106,2018-11-16,CL00909,Красногорск,157372,P0056,2.0,-750.0,Завершен
VK79248,2018-11-16,CL00604,Реутов,190663,P0022,1.5,412.5,Завершен
VK50577,2018-11-16,CL00905,Королёв,122898,P0091,2.0,750.0,Завершен
VK70550,2018-11-16,CL01112,Реутов,142655,P0087,5.0,1875.0,Завершен
VK61142,2018-11-16,CL00423,Красногорск,116059,P0053,5.0,1875.0,Отказ
VK92789,2018-11-16,CL01044,Москва,116762,XXX999,1.5,562.5,Завершен
VK58977,2018-11-16,CL00085,Люберцы,126100,P0026,2.0,550.0,Завершен
VK15546,2018-11-16,CL00089,Москва,113970,P0019,5.0,1375.0,Завершен
VK40025,2018-11-16,CL00247,Химки,130539,P0073,1.0,375.0,Завершен
VK54555,2018-11-16,CL00592,Красногорск,156441,P0109,3.0,1125.0,Завершен
VK48513,2018-11-16,CL00480,Королёв,194188,P0032,2.5,687.5,Завершен
VK13049,2018-11-16,CL00648,Мытищи,131056,P0041,1.0,275.0,Завершен
VK59449,2018-11-16,CL00862,Подольск,143992,P0105,3.0,1125.0,Отказ
VK46672,2018-11-16,CL00764,Химки,113124,P0008,1.5,412.5,Завершен
VK85459,2018-11-16,CL00518,Химки,198878,P0022,5.0,1375.0,Завершен
VK12948,2018-11-16,CL00626,Красногорск,159972,P0010,5.0,1375.0,Завершен
VK26014,2018-11-17,CL00289,Москва,127686,P0058,2.5,937.5,Завершен
VK28535,2018-11-17,CL01197,Люберцы,184004,P0016,2.0,550.0,Завершен
VK22396,2018-11-17,CL00879,Москава,182141,P0055,5.0,1875.0,Завершен
VK78971,2018-11-17,CL00859,Королёв,188063,P0081,3.0,1125.0,Завершен
VK26223,2018-11-17,CL00657,Реутов,175684,P0107,2.0,750.0,Завершен
VK36033,2018-11-17,CL00158,Подольск,172350,P0001,2.5,687.5,Отказ
VK92689,2018-11-17,CL00639,Реутов,154477,P0056,1.0,375.0,Завершен
VK38414,2018-11-17,CL00068,Реутов,170282,P0020,3.0,825.0,Завершен
VK52338,2018-11-17,CL00208,Реутов,123600,P0011,1.0,275.0,Завершен
VK63300,2018-11-17,CL00110,Подольск,149689,P0117,1.0,375.0,Отказ
VK20071,2018-11-17,CL01195,Химки,108302,P0104,5.0,1875.0,Отказ
VK11098,2018-11-18,CL00377,Красногорск,142981,P0113,3.0,1125.0,Завершен
VK37355,2018-11-18,CL00619,Подольск,143383,P0069,0.5,187.5,Завершен
VK13853,2018-11-18,CL00913,Подольск,191248,P0036,5.0,1375.0,Отказ
VK64397,2018-11-18,CL00826,Подольск,118855,P0042,2.5,687.5,Завершен
VK88275,2018-11-18,CL00209,Подольск,150140,P0099,0.5,187.5,Завершен
VK42032,2018-11-18,CL01073,Москва,183345,P0105,2.5,937.5,Завершен
VK71901,2018-11-18,CL00096,Королёв,135992,XXX999,3.0,1125.0,Завершен
VK44588,2018-11-18,CL01183,Мытищи,abcde,P0069,3.0,1125.0,Завершен
VK88128,2018-11-18,CL00246,Химки,172641,P0116,3.0,1125.0,Завершен
VK64461,2018-11-18,CL00930,Мытищи,197679,P0102,0.5,187.5,Завершен
VK99144,2018-11-18,CL01013,Подольск,147774,P0093,0.5,187.5,Завершен
VK89920,2018-11-18,CL00084,Мытищи,198453,P0037,1.0,275.0,Завершен
VK17594,2018-11-18,CL00359,Подольск,111221,P0057,5.0,1875.0,Завершен
VK19294,2018-11-18,CL01080,Химки,178579,P0097,0.5,187.5,Завершен
VK78938,2018-11-18,CL01017,Королёв,147020,P0111,5.0,1875.0,Завершен
VK47596,2018-11-18,CL01141,Москва,168679,P0012,3.0,825.0,Завершен
VK39601,2018-11-18,CL00235,Москва,abcde,P0034,0.5,137.5,Завершен
VK72566,2018-11-18,CL00261,Реутов,169541,P0013,1.0,275.0,Завершен
VK86881,2018-11-18,CL00876,Реутов,162573,P0006,1.5,412.5,Завершен
VK14781,2018-11-19,CL00756,Химки,165390,P0101,0.5,187.5,Отказ
VK48528,2018-11-19,CL00625,Мытищи,170371,P0065,3.0,1125.0,Завершен
VK63378,2018-11-19,CL00839,Химки,160846,P0005,1.0,275.0,Завершен
VK58081,2018-11-19,CL00636,Красногорск,181187,P0017,3.0,825.0,Отказ
VK54235,2018-11-19,CL00670,Люберцы,147242,P0072,3.0,1125.0,Отказ
VK61838,2018-11-19,CL00807,Подольск,149996,P0033,1.0,275.0,Завершен
VK16076,2018-11-19,CL00763,Москва,161824,P0041,2.0,550.0,Завершен
VK25271,2018-11-19,CL00033,Королёв,169615,P0038,2.5,687.5,Завершен
VK12355,2018-11-19,CL00001,Люберцы,159470,P0035,3.0,825.0,Завершен
VK17259,2018-11-19,CL01124,Реутов,121409,P0045,0.5,137.5,Завершен
VK57359,2018-11-19,CL00846,Москва,117342,P0106,2.5,937.5,Завершен
VK89616,2018-11-19,CL00034,Москва,110500,P0055,2.0,750.0,Завершен
VK13574,2018-11-19,CL00262,Королёв,156387,P0044,0.5,137.5,Завершен
VK69720,2018-11-19,CL00302,Мытищи,125415,P0025,2.0,550.0,Завершен
VK37899,2018-11-19,CL01060,Реутов,162539,P0039,0.5,137.5,Завершен
VK38652,2018-11-19,CL00463,Москва,193603,P0068,0.5,187.5,Завершен
VK56634,2018-11-19,CL00395,Красногорск,193000,P0064,1.5,562.5,Завершен
VK76725,2018-11-19,CL00455,Красногорск,160249,P0014,0.5,137.5,Завершен
VK97439,2018-11-20,CL00239,Королёв,136666,P0008,1.0,275.0,Завершен
VK79285,2018-11-20,CL00285,Королёв,154287,P0034,2.5,687.5,Завершен
VK37782,2018-11-20,CL00564,Химки,190739,P0119,1.0,375.0,Завершен
VK90544,2018-11-20,CL00806,Люберцы,171319,P0004,1.0,275.0,Завершен
VK23431,2018-11-20,CL00593,Люберцы,191133,P0065,3.0,1125.0,Завершен
VK12366,2018-11-20,CL00596,Химки,136739,P0041,3.0,825.0,Завершен
VK76505,2018-11-20,CL00219,Королёв,137512,P0090,2.5,937.5,Завершен
VK86132,2018-11-20,CL00155,Королёв,177139,P0048,1.5,412.5,Завершен
VK47925,2018-11-20,CL01067,Реутов,154162,P0006,3.0,825.0,Отказ
VK12067,2018-11-20,CL00330,Красногорск,163736,XXX999,1.5,562.5,Завершен
VK43455,2018-11-20,CL00608,Красногорск,156420,P0105,3.0,1125.0,Завершен
VK62803,2018-11-20,CL00319,Королёв,179928,P0089,2.5,937.5,Завершен
VK85076,2018-11-20,CL00276,Люберцы,156244,P0015,5.0,1375.0,Завершен
VK65146,2018-11-20,CL00753,Москва,155923,P0111,2.5,937.5,Завершен
VK75593,2018-11-21,CL00578,Подольск,141507,P0101,0.5,187.5,Завершен
VK35487,2018-11-21,CL01141,Москва,168679,P0076,1.5,562.5,Завершен
VK24202,2018-11-21,CL00227,Королёв,118449,P0074,1.0,375.0,Завершен
VK39232,2018-11-21,CL00449,Подольск,131745,P0063,1.0,375.0,Завершен
VK66344,2018-11-21,CL00430,Химки,abcde,P0045,1.5,412.5,Завершен
VK17179,2018-11-21,CL00542,Москва,176550,P0020,2.0,550.0,Завершен
VK13009,2018-11-21,CL01034,Люберцы,134513,P0079,2.0,750.0,Завершен
VK62165,2018-11-21,CL00432,Люберцы,114089,XXX999,2.5,937.5,Завершен
VK64749,2018-11-21,CL00042,Москава,166307,P0038,3.0,825.0,Завершен
VK32795,2018-11-21,CL00340,Подольск,179254,P0007,0.5,137.5,Завершен
VK83617,2018-11-21,CL01038,Королёв,100864,P0105,3.0,1125.0,Завершен
VK89525,2018-11-21,CL01011,Мытищи,109149,P0041,3.0,825.0,Завершен
VK96840,2018-11-21,CL00711,Красногорск,113487,P0049,1.0,275.0,Завершен
VK95221,2018-11-21,CL00554,Люберцы,191469,P0094,2.5,937.5,Завершен
VK78184,2018-11-21,CL00535,Королёв,191177,P0116,1.0,375.0,Завершен
VK83551,2018-11-21,CL01172,Москва,193674,P0104,1.0,375.0,Завершен
VK29299,2018-11-22,CL00396,Люберцы,120644,P0053,2.5,937.5,Завершен
VK57018,2018-11-22,CL00460,Королёв,194589,P0097,2.0,750.0,Завершен
VK66904,2018-11-22,CL00005,Красногорск,114662,P0092,2.5,937.5,Завершен
VK82170,2018-11-22,CL00988,Реутов,126945,P0095,3.0,1125.0,Завершен
VK55182,2018-11-22,CL00088,Реутов,131979,P0098,2.0,750.0,Завершен
VK38394,2018-11-22,CL00612,Люберцы,111253,P0076,2.0,750.0,Завершен
VK65830,2018-11-22,CL00307,Королёв,199598,P0073,0.5,187.5,Завершен
VK99872,2018-11-22,CL01181,Реутов,101170,P0029,0.5,137.5,Завершен
VK79272,2018-11-22,CL00028,Москва,100282,P0036,1.0,275.0,Завершен
VK25753,2018-11-22,CL00857,Реутов,196564,P0009,1.5,412.5,Завершен
VK45002,2018-11-22,CL00198,Мытищи,157711,P0021,1.5,412.5,Завершен
VK41536,2018-11-22,CL00672,Москва,140043,P0100,2.0,750.0,Завершен
VK20644,2018-11-23,CL00337,Химки,140562,P0012,2.5,687.5,Завершен
VK90201,2018-11-23,CL00171,Королёв,157963,P0034,3.0,825.0,Завершен
VK13340,2018-11-23,CL00292,Реутов,130161,P0059,1.5,562.5,Завершен
VK59177,2018-11-23,CL00107,Подольск,116728,P0073,0.5,187.5,Завершен
VK94972,2018-11-23,CL00651,Москва,169767,P0011,2.5,687.5,Отказ
VK92557,2018-11-23,CL00972,Красногорск,120290,P0095,1.5,562.5,Отказ
VK28828,2018-11-24,CL00652,Подольск,192281,P0083,3.0,1125.0,Завершен
VK38902,2018-11-24,CL00934,Красногорск,129218,P0053,0.5,187.5,Завершен
VK12204,2018-11-24,CL00318,Подольск,192749,P0088,3.0,1125.0,Завершен
VK88490,2018-11-24,CL00827,Москва,143449,P0011,2.0,550.0,Завершен
VK17626,2018-11-24,CL00378,Люберцы,194065,XXX999,1.5,412.5,Завершен
VK28314,2018-11-24,CL00853,Люберцы,193204,P0012,3.0,825.0,Завершен
VK63955,2018-11-24,CL00240,Красногорск,158287,P0050,3.0,825.0,Завершен
VK27982,2018-11-24,CL00115,Москва,126130,P0053,3.0,1125.0,Завершен
VK22067,2018-11-24,CL00961,Люберцы,170932,P0120,1.5,562.5,Отказ
VK91971,2018-11-24,CL00580,Красногорск,113399,P0031,3.0,825.0,Завершен
VK60393,2018-11-24,CL01119,Химки,149923,P0082,5.0,1875.0,Завершен
VK84110,2018-11-24,CL00797,Реутов,113272,P0047,0.5,137.5,Завершен
VK18754,2018-11-24,CL00615,Мытищи,191326,P0032,3.0,825.0,Завершен
VK12979,2018-11-24,CL00435,Химки,137827,P0014,5.0,1375.0,Завершен
VK51182,2018-11-25,CL00832,Красногорск,154627,P0059,0.5,187.5,Завершен
VK32445,2018-11-25,CL00233,Химки,183283,P0103,1.5,562.5,Завершен
VK62600,2018-11-25,CL00916,Москва,195325,P0118,1.0,375.0,Завершен
VK20374,2018-11-25,CL01130,Красногорск,163896,P0036,0.5,137.5,Завершен
VK31531,2018-11-25,CL00807,Подольск,149996,P0101,2.0,750.0,Отказ
VK89026,2018-11-25,CL00738,Красногорск,170244,P0109,3.0,1125.0,Завершен
VK24761,2018-11-25,CL01067,Реутов,154162,P0078,1.0,375.0,Отказ
VK41191,2018-11-25,CL00397,Красногорск,115907,P0052,1.0,375.0,Завершен
VK97770,2018-11-25,CL00446,Красногорск,154596,P0083,5.0,1875.0,Завершен
VK74978,2018-11-25,CL01115,Красногорск,155567,P0080,1.5,562.5,Завершен
VK55215,2018-11-25,CL00562,Мытищи,156873,P0011,2.5,687.5,Завершен
VK99397,2018-11-26,CL00086,Москва,162277,P0054,1.0,375.0,Завершен
VK62213,2018-11-26,CL00679,Красногорск,139223,P0025,1.5,412.5,Завершен
VK28582,2018-11-26,CL00929,Мытищи,158598,P0044,2.0,550.0,Завершен
VK75491,2018-11-26,CL00153,Мытищи,115525,P0111,2.0,750.0,Завершен
VK34464,2018-11-26,CL00412,Подольск,194454,P0077,3.0,1125.0,Завершен
VK31165,2018-11-26,CL00456,Красногорск,194493,P0046,0.5,137.5,Отказ
VK74431,2018-11-26,CL00493,Подольск,179395,P0093,3.0,1125.0,Отказ
VK33906,2018-11-26,CL00179,Королёв,199613,P0101,5.0,1875.0,Завершен
VK77931,2018-11-27,CL00295,Реутов,192995,P0022,1.0,275.0,Завершен
VK12026,2018-11-27,CL00969,Подольск,196348,P0014,5.0,1375.0,Завершен
VK59298,2018-11-27,CL00471,Химки,137649,P0032,1.5,412.5,Завершен
VK96364,2018-11-27,CL00461,Люберцы,188686,P0041,2.5,687.5,Завершен
VK39348,2018-11-27,CL00018,Химки,153354,P0107,5.0,1875.0,Завершен
VK98327,2018-11-27,CL00217,Люберцы,186275,P0060,3.0,1125.0,Завершен
VK61558,2018-11-27,CL00361,Реутов,105706,P0024,1.0,275.0,Отказ
VK57977,2018-11-27,CL00570,Реутов,abcde,P0020,3.0,825.0,Завершен
VK80657,2018-11-27,CL00029,Люберцы,159638,P0082,0.5,187.5,Завершен
VK44722,2018-11-27,CL00685,Мытищи,150335,P0030,2.0,550.0,Завершен
VK19550,2018-11-27,CL00988,Реутов,126945,P0057,2.0,750.0,Завершен
VK32834,2018-11-27,CL00982,Москва,142065,P0094,2.5,937.5,Завершен
VK28185,2018-11-27,CL00617,Москва,184930,P0023,0.5,137.5,Завершен
VK69863,2018-11-27,CL00930,Мытищи,197679,P0096,1.5,562.5,Завершен
VK15168,2018-11-27,CL00673,Реутов,192235,P0083,5.0,1875.0,Завершен
VK99373,2018-11-27,CL00510,Подольск,129188,P0104,2.5,-937.5,Завершен
VK91715,2018-11-27,CL00241,Красногорск,189873,P0044,1.5,412.5,Завершен
VK81660,2018-11-27,CL00023,Подольск,136509,P0024,2.5,687.5,Завершен
VK66773,2018-11-28,CL00697,Люберцы,165673,P0097,3.0,1125.0,Завершен
VK42869,2018-11-28,CL00089,Москва,113970,P0077,3.0,1125.0,Завершен
VK94983,2018-11-28,CL00088,Реутов,131979,P0119,2.5,937.5,Завершен
VK89376,2018-11-28,CL00434,Реутов,152505,P0053,1.0,375.0,Завершен
VK89918,2018-11-28,CL00698,Реутов,110803,P0088,1.5,562.5,Завершен
VK18653,2018-11-28,CL01057,Реутов,148546,P0083,2.5,937.5,Завершен
VK55453,2018-11-28,CL00143,Химки,163464,P0067,3.0,1125.0,Отказ
VK76523,2018-11-28,CL00821,Люберцы,101620,P0007,2.0,550.0,Завершен
VK14692,2018-11-28,CL00823,Мытищи,113237,P0058,2.0,750.0,Завершен
VK22014,2018-11-28,CL00183,Подольск,101792,XXX999,3.0,825.0,Завершен
VK40838,2018-11-28,CL01153,Королёв,162530,P0021,1.5,412.5,Завершен
VK30173,2018-11-29,CL00760,Королёв,163527,P0005,2.0,550.0,Завершен
VK51958,2018-11-29,CL00045,Москва,172692,P0085,5.0,1875.0,Завершен
VK74737,2018-11-29,CL00969,Подольск,196348,P0073,2.5,937.5,Завершен
VK94319,2018-11-29,CL00812,Химки,150738,P0091,3.0,1125.0,Отказ
VK78732,2018-11-29,CL00569,Реутов,170852,P0104,2.5,-937.5,Завершен
VK34410,2018-11-29,CL00051,Реутов,105778,P0064,0.5,187.5,Завершен
VK41127,2018-11-29,CL00350,Подольск,137601,P0010,3.0,825.0,Завершен
VK45301,2018-11-29,CL01149,Люберцы,163131,P0112,1.5,562.5,Отказ
VK57232,2018-11-29,CL01013,Подольск,147774,P0100,0.5,-187.5,Завершен
VK59930,2018-11-29,CL00039,Химки,117154,P0082,5.0,1875.0,Завершен
VK99864,2018-11-29,CL00651,Москва,169767,P0075,3.0,1125.0,Завершен
VK99591,2018-11-30,CL00369,Реутов,171176,P0042,3.0,825.0,Завершен
VK45291,2018-11-30,CL00388,Москава,185139,P0099,2.5,937.5,Завершен
VK39123,2018-11-30,CL00921,Реутов,132581,P0007,5.0,1375.0,Завершен
VK81589,2018-11-30,CL00492,Химки,117507,P0075,5.0,1875.0,Завершен
VK54588,2018-11-30,CL00169,Химки,abcde,P0102,2.5,937.5,Завершен
VK20434,2018-11-30,CL00278,Красногорск,123777,P0024,2.0,550.0,Завершен
VK52975,2018-11-30,CL01179,Мытищи,156906,P0035,3.0,-825.0,Завершен
VK54287,2018-11-30,CL00961,Люберцы,170932,P0054,1.0,375.0,Завершен
VK73347,2018-11-30,CL00442,Красногорск,141750,P0104,3.0,1125.0,Завершен
VK55003,2018-11-30,CL01178,Химки,106827,P0106,1.0,375.0,Завершен
VK85424,2018-11-30,CL00469,Королёв,118018,P0108,2.0,750.0,Завершен
VK87217,2018-11-30,CL00352,Москва,102490,P0117,1.0,375.0,Завершен
VK44302,2018-12-01,CL00080,Люберцы,176019,P0086,5.0,1875.0,Завершен
VK50189,2018-12-01,CL00066,Москва,152227,P0066,1.0,375.0,Отказ
VK98529,2018-12-01,CL00465,Королёв,170592,P0074,3.0,1125.0,Завершен
VK19766,2018-12-01,CL00646,Люберцы,104224,P0084,2.5,937.5,Завершен
VK73074,2018-12-01,CL00072,Мытищи,175574,P0087,5.0,1875.0,Завершен
VK16145,2018-12-01,CL01003,Мытищи,175067,P0030,2.5,687.5,Завершен
VK53727,2018-12-01,CL00605,Москва,147124,P0035,1.0,275.0,Завершен
VK14940,2018-12-01,CL00632,Мытищи,190890,P0075,2.5,937.5,Завершен
VK37549,2018-12-01,CL00179,Королёв,199613,P0088,0.5,187.5,Завершен
VK52630,2018-12-01,CL01084,Москава,196590,P0060,2.0,750.0,Завершен
VK52830,2018-12-01,CL00139,Королёв,145056,P0107,1.5,562.5,Завершен
VK24053,2018-12-01,CL01050,Подольск,166952,P0095,5.0,1875.0,Завершен
VK57986,2018-12-01,CL00898,Красногорск,138712,P0108,1.0,375.0,Завершен
VK64982,2018-12-01,CL00159,Подольск,159048,P0016,2.5,687.5,Завершен
VK78645,2018-12-02,CL00872,Королёв,123176,P0089,0.5,187.5,Завершен
VK89307,2018-12-02,CL00145,Химки,139618,P0050,2.0,550.0,Завершен
VK72654,2018-12-02,CL00620,Королёв,153090,P0101,3.0,1125.0,Завершен
VK27009,2018-12-02,CL00363,Мытищи,196068,P0106,0.5,-187.5,Завершен
VK79046,2018-12-02,CL00244,Химки,178269,P0047,1.0,275.0,Завершен
VK55654,2018-12-02,CL00076,Люберцы,142753,P0107,2.5,937.5,Завершен
VK27937,2018-12-02,CL00443,Реутов,196904,P0056,2.0,750.0,Завершен
VK66118,2018-12-02,CL00688,Москва,186298,P0013,1.5,412.5,Завершен
VK52526,2018-12-02,CL00027,Реутов,128016,P0066,2.0,750.0,Отказ
VK90432,2018-12-03,CL00685,Мытищи,150335,P0042,5.0,1375.0,Завершен
VK26894,2018-12-03,CL00231,Реутов,148689,P0078,1.5,562.5,Завершен
VK25552,2018-12-03,CL00209,Подольск,150140,P0035,1.5,412.5,Завершен
VK66112,2018-12-03,CL00709,Мытищи,166949,P0053,0.5,187.5,Завершен
VK10820,2018-12-03,CL00693,Красногорск,174498,P0110,1.5,562.5,Отказ
VK50218,2018-12-03,CL00745,Мытищи,118322,P0006,0.5,137.5,Отказ
VK86851,2018-12-03,CL00302,Мытищи,125415,XXX999,1.5,412.5,Завершен
VK19535,2018-12-03,CL00823,Мытищи,113237,P0102,3.0,1125.0,Завершен
VK25169,2018-12-03,CL00760,Королёв,163527,P0061,1.0,375.0,Завершен
VK51599,2018-12-03,CL00541,Реутов,129002,P0043,5.0,1375.0,Завершен
VK52464,2018-12-03,CL00931,Мытищи,104696,P0055,0.5,187.5,Завершен
VK99390,2018-12-04,CL00618,Подольск,197057,P0095,2.5,937.5,Завершен
VK47272,2018-12-04,CL00697,Люберцы,165673,P0044,0.5,137.5,Завершен
VK90859,2018-12-04,CL01187,Королёв,102798,P0092,5.0,-1875.0,Завершен
VK91259,2018-12-04,CL00160,Люберцы,137762,P0085,2.0,750.0,Завершен
VK75481,2018-12-04,CL00645,Реутов,185678,P0052,3.0,1125.0,Завершен
VK39109,2018-12-04,CL00477,Красногорск,184058,P0115,5.0,1875.0,Завершен
VK93535,2018-12-04,CL00900,Красногорск,101671,P0057,2.0,750.0,Завершен
VK48360,2018-12-04,CL00488,Люберцы,190802,P0056,5.0,1875.0,Завершен
VK10834,2018-12-04,CL01137,Королёв,124102,P0017,3.0,825.0,Завершен
VK77543,2018-12-04,CL00121,Химки,190520,P0044,1.0,275.0,Завершен
VK58343,2018-12-04,CL00632,Мытищи,190890,P0015,3.0,825.0,Завершен
VK44392,2018-12-05,CL00043,Подольск,109016,P0065,2.5,937.5,Завершен
VK82449,2018-12-05,CL01166,Химки,101930,P0027,2.0,550.0,Завершен
VK79797,2018-12-05,CL00231,Реутов,148689,P0048,2.0,550.0,Завершен
VK62956,2018-12-05,CL00574,Королёв,172487,P0063,1.0,375.0,Завершен
VK97183,2018-12-05,CL00448,Москва,122349,P0026,2.5,687.5,Завершен
VK33680,2018-12-05,CL01133,Реутов,174925,P0058,2.0,750.0,Завершен
VK52054,2018-12-05,CL00788,Мытищи,114160,P0002,1.5,412.5,Завершен
VK57603,2018-12-05,CL01182,Королёв,120315,P0057,1.5,562.5,Завершен
VK73417,2018-12-05,CL01036,Люберцы,129215,P0102,2.5,937.5,Завершен
VK84870,2018-12-05,CL01173,Реутов,158059,P0024,1.0,275.0,Завершен
VK91082,2018-12-05,CL00229,Мытищи,101824,P0056,0.5,187.5,Завершен
VK97789,2018-12-05,CL00964,Москва,150797,P0015,0.5,137.5,Завершен
VK96203,2018-12-05,CL00074,Химки,109171,P0005,3.0,825.0,Завершен
VK38478,2018-12-06,CL01160,Реутов,108973,P0093,2.0,750.0,Завершен
VK34398,2018-12-06,CL00137,Москава,129045,P0093,2.5,937.5,Завершен
VK52706,2018-12-06,CL01135,Красногорск,138188,P0079,5.0,1875.0,Завершен
VK85582,2018-12-06,CL00816,Подольск,121910,P0092,1.0,375.0,Завершен
VK38062,2018-12-06,CL00579,Мытищи,140405,P0093,2.5,937.5,Завершен
VK32438,2018-12-06,CL00370,Люберцы,184790,P0049,3.0,825.0,Завершен
VK52854,2018-12-06,CL01188,Красногорск,abcde,P0090,0.5,187.5,Завершен
VK19877,2018-12-06,CL00318,Подольск,192749,P0066,3.0,1125.0,Завершен
VK82500,2018-12-06,CL00342,Мытищи,167621,P0054,3.0,1125.0,Завершен
VK31831,2018-12-06,CL00549,Москва,182667,P0079,2.5,937.5,Завершен
VK42049,2018-12-06,CL00551,Королёв,180980,P0033,1.5,412.5,Завершен
VK80800,2018-12-06,CL00132,Королёв,abcde,P0066,5.0,1875.0,Завершен
VK50378,2018-12-06,CL00190,Люберцы,137072,P0056,1.0,375.0,Завершен
VK74107,2018-12-06,CL00589,Люберцы,194489,P0094,1.5,562.5,Завершен
VK74631,2018-12-06,CL00999,Реутов,abcde,P0028,3.0,825.0,Завершен
VK31245,2018-12-07,CL01008,Королёв,109587,P0071,1.0,-375.0,Завершен
VK97388,2018-12-07,CL00991,Мытищи,133018,P0050,0.5,137.5,Завершен
VK79074,2018-12-07,CL00355,Мытищи,155027,P0085,2.5,937.5,Завершен
VK38080,2018-12-07,CL00850,Реутов,100963,P0034,2.0,550.0,Завершен
VK52844,2018-12-07,CL00055,Москва,176350,P0031,2.0,550.0,Завершен
VK83179,2018-12-07,CL00612,Люберцы,111253,XXX999,1.0,375.0,Завершен
VK29561,2018-12-07,CL00623,Реутов,192371,P0043,2.5,687.5,Завершен
VK22917,2018-12-07,CL01078,Москва,122973,P0083,0.5,187.5,Завершен
VK62052,2018-12-07,CL00593,Люберцы,191133,P0033,1.0,275.0,Завершен
VK17115,2018-12-07,CL00673,Реутов,192235,P0034,3.0,825.0,Завершен
VK14935,2018-12-07,CL00883,Люберцы,168195,P0031,2.5,687.5,Завершен
VK82641,2018-12-07,CL00907,Реутов,112451,P0042,0.5,137.5,Завершен
VK99917,2018-12-07,CL00684,Химки,113168,P0079,2.0,750.0,Завершен
VK15300,2018-12-08,CL00177,Красногорск,152976,P0025,0.5,137.5,Завершен
VK49597,2018-12-08,CL00007,Мытищи,109071,P0010,1.0,275.0,Отказ
VK94594,2018-12-08,CL01000,Подольск,117875,P0061,1.0,375.0,Завершен
VK85215,2018-12-08,CL01086,Красногорск,136242,P0042,0.5,137.5,Завершен
VK18704,2018-12-08,CL01142,Мытищи,120352,P0070,1.5,562.5,Завершен
VK31365,2018-12-08,CL00199,Королёв,118894,P0025,1.5,412.5,Завершен
VK84778,2018-12-08,CL01087,Химки,152947,P0060,1.0,375.0,Завершен
VK29557,2018-12-08,CL01052,Мытищи,150523,P0117,5.0,1875.0,Отказ
VK86923,2018-12-08,CL00204,Химки,156881,P0040,3.0,825.0,Завершен
VK13149,2018-12-08,CL00649,Красногорск,179988,P0096,3.0,1125.0,Завершен
VK72648,2018-12-08,CL00162,Химки,171376,P0036,0.5,137.5,Завершен
VK70338,2018-12-09,CL00586,Люберцы,164634,P0117,1.0,375.0,Завершен
VK96531,2018-12-09,CL00988,Реутов,126945,P0001,2.0,550.0,Завершен
VK89408,2018-12-09,CL01132,Подольск,183962,P0001,1.0,275.0,Отказ
VK21696,2018-12-09,CL00016,Мытищи,136500,P0068,5.0,1875.0,Завершен
VK62782,2018-12-09,CL00668,Королёв,156072,P0049,0.5,137.5,Завершен
VK33685,2018-12-09,CL00523,Реутов,106145,P0086,0.5,187.5,Завершен
VK14183,2018-12-09,CL00417,Люберцы,189783,P0118,0.5,187.5,Завершен
VK54949,2018-12-09,CL00842,Красногорск,133903,P0068,2.0,750.0,Завершен
VK79357,2018-12-09,CL00876,Реутов,162573,P0077,3.0,1125.0,Завершен
VK42594,2018-12-09,CL00518,Химки,198878,P0060,5.0,1875.0,Завершен
VK38061,2018-12-09,CL00922,Красногорск,184070,P0019,1.0,275.0,Завершен
VK35224,2018-12-09,CL00133,Люберцы,191905,P0067,0.5,187.5,Завершен
VK37315,2018-12-09,CL00304,Химки,133550,P0040,2.0,550.0,Завершен
VK33440,2018-12-09,CL01193,Люберцы,159517,P0094,2.5,937.5,Отказ
VK27646,2018-12-10,CL00009,Люберцы,179507,XXX999,3.0,825.0,Завершен
VK59227,2018-12-10,CL00614,Химки,145652,P0098,1.0,375.0,Завершен
VK87516,2018-12-10,CL00222,Люберцы,104373,P0114,1.0,375.0,Отказ
VK58067,2018-12-10,CL00804,Люберцы,162071,P0051,1.0,375.0,Завершен
VK18653,2018-12-10,CL00511,Москва,160686,P0115,1.5,562.5,Завершен
VK95872,2018-12-10,CL00434,Реутов,152505,P0078,5.0,1875.0,Завершен
VK38130,2018-12-10,CL00619,Подольск,143383,P0105,0.5,187.5,Завершен
VK88145,2018-12-10,CL01004,Мытищи,198080,P0051,3.0,1125.0,Завершен
VK86475,2018-12-10,CL00174,Красногорск,121079,P0098,1.5,562.5,Завершен
VK27037,2018-12-11,CL00666,Москва,160238,P0011,0.5,137.5,Завершен
VK79605,2018-12-11,CL00822,Мытищи,119424,P0117,1.0,375.0,Завершен
VK24029,2018-12-11,CL00184,Мытищи,114871,P0015,3.0,825.0,Завершен
VK30787,2018-12-11,CL00326,Подольск,111104,P0012,1.5,412.5,Завершен
VK92802,2018-12-11,CL00708,Реутов,108371,P0082,5.0,1875.0,Завершен
VK47415,2018-12-11,CL00841,Королёв,123276,P0061,3.0,1125.0,Отказ
VK26343,2018-12-11,CL00019,Мытищи,156498,P0044,0.5,137.5,Завершен
VK63154,2018-12-11,CL00088,Москава,131979,P0106,0.5,187.5,Завершен
VK93864,2018-12-11,CL00070,Люберцы,178193,P0095,2.0,750.0,Завершен
VK24179,2018-12-12,CL01030,Королёв,134649,P0100,2.5,937.5,Отказ
VK70746,2018-12-12,CL00945,Королёв,196497,P0081,1.5,562.5,Завершен
VK15564,2018-12-12,CL00186,Люберцы,135838,P0111,0.5,187.5,Завершен
VK42309,2018-12-12,CL01009,Мытищи,125875,P0097,2.0,-750.0,Завершен
VK40040,2018-12-12,CL00455,Красногорск,160249,P0002,0.5,137.5,Завершен
VK16265,2018-12-12,CL00798,Химки,153645,P0061,1.5,562.5,Отказ
VK57332,2018-12-12,CL00976,Подольск,166209,P0025,5.0,1375.0,Завершен
VK74491,2018-12-12,CL00064,Химки,160332,P0009,2.5,687.5,Завершен
VK62509,2018-12-12,CL00283,Москва,198885,P0060,1.5,562.5,Завершен
VK35762,2018-12-12,CL01012,Красногорск,143036,P0064,1.0,375.0,Завершен
VK67028,2018-12-12,CL01069,Люберцы,175713,P0024,0.5,137.5,Отказ
VK92160,2018-12-13,CL00261,Реутов,169541,P0117,1.5,562.5,Завершен
VK18888,2018-12-13,CL01071,Химки,191660,P0001,2.5,687.5,Отказ
VK68580,2018-12-13,CL00931,Мытищи,104696,P0099,5.0,1875.0,Завершен
VK71257,2018-12-13,CL00382,Реутов,198290,P0107,2.5,937.5,Завершен
VK14895,2018-12-13,CL00850,Реутов,100963,P0073,0.5,187.5,Завершен
VK44431,2018-12-13,CL00594,Королёв,152198,P0107,0.5,187.5,Завершен
VK82356,2018-12-13,CL00498,Подольск,168202,P0036,2.5,687.5,Завершен
VK15543,2018-12-14,CL00694,Красногорск,122645,P0071,1.5,562.5,Завершен
VK75776,2018-12-14,CL00456,Красногорск,194493,P0093,1.5,562.5,Завершен
VK49010,2018-12-14,CL00687,Люберцы,132527,P0015,0.5,137.5,Завершен
VK75130,2018-12-14,CL00342,Мытищи,167621,P0033,3.0,825.0,Завершен
VK79361,2018-12-14,CL01040,Химки,120625,P0102,2.0,750.0,Завершен
VK94938,2018-12-14,CL00031,Подольск,128534,P0035,2.0,550.0,Завершен
VK87374,2018-12-14,CL00687,Люберцы,132527,P0103,0.5,187.5,Завершен
VK77552,2018-12-15,CL00704,Подольск,192785,P0055,2.0,750.0,Завершен
VK47893,2018-12-15,CL01165,Люберцы,157464,P0053,3.0,1125.0,Завершен
VK24934,2018-12-15,CL00344,Королёв,119313,P0078,2.5,937.5,Завершен
VK11921,2018-12-15,CL00719,Мытищи,137002,P0098,2.5,937.5,Завершен
VK44617,2018-12-15,CL00308,Красногорск,182210,P0055,0.5,187.5,Завершен
VK96549,2018-12-15,CL00412,Подольск,194454,P0024,1.0,275.0,Завершен
VK68255,2018-12-16,CL00105,Королёв,157125,P0003,0.5,137.5,Отказ
VK80451,2018-12-16,CL00907,Реутов,112451,P0078,0.5,187.5,Завершен
VK47980,2018-12-16,CL00950,Люберцы,144939,P0040,2.5,687.5,Завершен
VK19254,2018-12-16,CL00122,Мытищи,139529,P0008,3.0,825.0,Завершен
VK44083,2018-12-16,CL00141,Люберцы,115814,P0089,2.5,937.5,Завершен
VK31065,2018-12-16,CL00651,Москва,169767,P0076,1.5,562.5,Завершен
VK64891,2018-12-17,CL01108,Москва,155466,P0061,1.5,562.5,Завершен
VK97370,2018-12-17,CL00624,Химки,192243,P0118,2.0,750.0,Завершен
VK33570,2018-12-17,CL00815,Подольск,199246,P0052,0.5,187.5,Завершен
VK83849,2018-12-17,CL00952,Люберцы,171802,XXX999,5.0,1875.0,Завершен
VK62852,2018-12-17,CL00182,Москва,179806,P0113,0.5,187.5,Завершен
VK97553,2018-12-17,CL00279,Реутов,197120,P0007,0.5,137.5,Завершен
VK76964,2018-12-17,CL00806,Люберцы,171319,P0028,0.5,137.5,Завершен
VK87388,2018-12-17,CL00029,Люберцы,159638,P0088,2.0,750.0,Завершен
VK88630,2018-12-17,CL00240,Красногорск,158287,XXX999,1.5,562.5,Завершен
VK59464,2018-12-18,CL01054,Москава,123255,P0045,2.5,687.5,Завершен
VK70324,2018-12-18,CL00242,Красногорск,136160,P0120,1.5,562.5,Завершен
VK96328,2018-12-18,CL00952,Люберцы,171802,P0070,2.5,937.5,Завершен
VK33819,2018-12-18,CL00823,Мытищи,113237,P0102,3.0,1125.0,Завершен
VK89265,2018-12-18,CL00356,Мытищи,165513,P0063,1.5,562.5,Завершен
VK47098,2018-12-18,CL00661,Мытищи,160089,P0028,2.0,550.0,Завершен
VK60296,2018-12-18,CL00740,Мытищи,189922,P0033,5.0,1375.0,Завершен
VK44711,2018-12-18,CL00301,Химки,122037,P0117,2.5,937.5,Завершен
VK44818,2018-12-18,CL00745,Мытищи,118322,P0073,2.5,937.5,Завершен
VK29882,2018-12-18,CL00224,Реутов,117322,P0054,2.0,750.0,Завершен
VK30047,2018-12-18,CL00009,Люберцы,179507,P0016,0.5,137.5,Завершен
VK60585,2018-12-18,CL00829,Москва,139722,P0019,2.5,687.5,Завершен
VK61798,2018-12-19,CL00652,Подольск,192281,P0001,1.0,275.0,Завершен
VK79102,2018-12-19,CL00962,Красногорск,abcde,P0033,2.0,550.0,Завершен
VK18932,2018-12-19,CL00831,Химки,197481,P0106,2.0,750.0,Завершен
VK18311,2018-12-19,CL00331,Химки,120308,P0031,2.0,550.0,Отказ
VK38108,2018-12-19,CL00912,Реутов,162684,P0005,0.5,137.5,Завершен
VK22761,2018-12-20,CL00710,Москва,174302,P0049,1.5,412.5,Завершен
VK14137,2018-12-20,CL00149,Королёв,144657,P0040,2.0,550.0,Завершен
VK47899,2018-12-20,CL00141,Люберцы,115814,P0059,5.0,1875.0,Завершен
VK84346,2018-12-20,CL00536,Реутов,172362,P0053,1.5,562.5,Отказ
VK18281,2018-12-20,CL00916,Москва,195325,P0107,2.0,750.0,Завершен
VK73470,2018-12-20,CL00592,Красногорск,156441,P0079,2.0,750.0,Завершен
VK77605,2018-12-20,CL00419,Подольск,163471,P0056,3.0,1125.0,Отказ
VK87928,2018-12-20,CL00971,Подольск,133425,P0030,1.0,275.0,Завершен
VK81646,2018-12-20,CL01184,Красногорск,199557,P0040,2.5,-687.5,Завершен
VK80915,2018-12-20,CL00604,Реутов,abcde,P0113,3.0,1125.0,Отказ
VK62521,2018-12-20,CL00515,Химки,113224,P0073,3.0,1125.0,Отказ
VK29065,2018-12-20,CL01054,Подольск,123255,P0025,2.0,550.0,Завершен
VK68045,2018-12-20,CL00040,Королёв,198548,P0053,0.5,187.5,Завершен
VK23708,2018-12-20,CL00552,Королёв,169758,P0020,1.5,412.5,Завершен
VK52788,2018-12-20,CL00381,Люберцы,107518,P0053,5.0,1875.0,Завершен
VK21835,2018-12-21,CL00723,Химки,171638,P0046,2.5,687.5,Завершен
VK44238,2018-12-21,CL01166,Химки,101930,P0056,1.5,562.5,Завершен
VK16461,2018-12-21,CL00135,Химки,164038,P0042,1.5,412.5,Завершен
VK27664,2018-12-21,CL00608,Красногорск,156420,P0048,0.5,137.5,Завершен
VK33669,2018-12-21,CL00184,Мытищи,114871,P0069,3.0,1125.0,Завершен
VK72620,2018-12-21,CL00524,Реутов,141777,XXX999,0.5,137.5,Завершен
VK60002,2018-12-21,CL01015,Химки,183995,P0019,1.5,412.5,Завершен
VK24862,2018-12-21,CL00852,Мытищи,136239,P0009,3.0,825.0,Отказ
VK65375,2018-12-21,CL00709,Мытищи,166949,P0050,0.5,137.5,Завершен
VK39762,2018-12-21,CL00392,Химки,137431,P0065,3.0,1125.0,Завершен
VK82776,2018-12-21,CL00987,Москва,127627,P0042,5.0,1375.0,Завершен
VK65213,2018-12-21,CL00933,Химки,159796,P0100,5.0,1875.0,Завершен
VK95991,2018-12-22,CL00614,Химки,145652,P0115,0.5,187.5,Отказ
VK27810,2018-12-22,CL00146,Подольск,107146,P0088,3.0,1125.0,Завершен
VK86069,2018-12-22,CL01142,Мытищи,120352,P0105,1.5,562.5,Завершен
VK48445,2018-12-22,CL00318,Подольск,192749,P0106,1.5,562.5,Завершен
VK99444,2018-12-22,CL01148,Королёв,183342,P0041,2.0,550.0,Завершен
VK82974,2018-12-22,CL00751,Москва,106637,P0095,5.0,1875.0,Завершен
VK75208,2018-12-22,CL00147,Подольск,198669,P0034,2.5,687.5,Завершен
VK67121,2018-12-22,CL00713,Москва,161835,P0071,2.0,750.0,Отказ
VK50729,2018-12-22,CL01031,Химки,127102,P0007,1.5,412.5,Завершен
VK84869,2018-12-23,CL00561,Москава,192123,P0020,2.5,687.5,Завершен
VK50438,2018-12-23,CL00074,Химки,109171,P0057,2.0,750.0,Завершен
VK38931,2018-12-23,CL00577,Мытищи,120214,P0081,5.0,1875.0,Завершен
VK89771,2018-12-23,CL00759,Москва,193502,P0082,1.0,375.0,Завершен
VK41787,2018-12-23,CL01054,Подольск,123255,P0093,0.5,187.5,Завершен
VK43828,2018-12-23,CL00553,Москва,194659,P0097,5.0,1875.0,Завершен
VK59972,2018-12-23,CL00726,Красногорск,186154,P0010,5.0,1375.0,Завершен
VK93038,2018-12-23,CL00185,Мытищи,120181,P0108,5.0,1875.0,Завершен
VK54106,2018-12-23,CL01002,Красногорск,101461,P0110,1.0,375.0,Завершен
VK24208,2018-12-23,CL00834,Красногорск,167537,XXX999,3.0,825.0,Завершен
VK48549,2018-12-24,CL00419,Подольск,163471,P0004,0.5,137.5,Завершен
VK69234,2018-12-24,CL00047,Мытищи,197310,P0023,1.0,275.0,Завершен
VK72700,2018-12-24,CL00285,Королёв,154287,P0074,2.0,750.0,Завершен
VK50713,2018-12-24,CL00631,Подольск,131270,P0120,3.0,1125.0,Завершен
VK51419,2018-12-24,CL00229,Мытищи,101824,P0037,2.0,550.0,Завершен
VK13637,2018-12-24,CL00649,Красногорск,179988,P0011,2.5,687.5,Отказ
VK22097,2018-12-25,CL00088,Реутов,131979,P0109,3.0,-1125.0,Завершен
VK75976,2018-12-25,CL00988,Реутов,126945,P0045,1.5,412.5,Завершен
VK79914,2018-12-25,CL00541,Реутов,129002,P0024,5.0,1375.0,Завершен
VK60888,2018-12-25,CL00381,Люберцы,107518,P0065,5.0,1875.0,Завершен
VK80366,2018-12-25,CL00139,Королёв,145056,P0097,0.5,187.5,Отказ
VK87176,2018-12-25,CL00543,Люберцы,143236,P0120,0.5,187.5,Завершен
VK65704,2018-12-26,CL00576,Мытищи,138715,P0023,5.0,1375.0,Завершен
VK24536,2018-12-26,CL00911,Мытищи,abcde,P0028,0.5,137.5,Завершен
VK79305,2018-12-26,CL00156,Люберцы,107894,P0059,1.0,375.0,Отказ
VK72747,2018-12-26,CL00133,Люберцы,191905,P0095,1.5,562.5,Завершен
VK55314,2018-12-26,CL00510,Подольск,129188,P0102,1.5,562.5,Завершен
VK60576,2018-12-26,CL00676,Москва,115806,P0062,3.0,1125.0,Завершен
VK16303,2018-12-26,CL01051,Подольск,144914,P0008,5.0,1375.0,Завершен
VK93303,2018-12-26,CL00931,Мытищи,104696,P0025,2.0,550.0,Завершен
VK44698,2018-12-26,CL01162,Королёв,181625,P0033,1.0,275.0,Завершен
VK26766,2018-12-26,CL00737,Подольск,158925,P0060,2.5,937.5,Завершен
VK40482,2018-12-26,CL01153,Королёв,162530,P0120,0.5,187.5,Завершен
VK43189,2018-12-26,CL00840,Мытищи,131711,P0021,2.5,687.5,Завершен
VK30206,2018-12-27,CL00503,Москва,100395,P0120,1.0,375.0,Завершен
VK47416,2018-12-27,CL00326,Подольск,111104,P0068,3.0,1125.0,Завершен
VK74389,2018-12-27,CL00262,Королёв,156387,P0031,5.0,1375.0,Завершен
VK21123,2018-12-27,CL00685,Мытищи,150335,P0014,3.0,825.0,Завершен
VK62185,2018-12-27,CL01046,Москва,123597,P0051,2.0,750.0,Завершен
VK97097,2018-12-27,CL00763,Москва,161824,P0029,5.0,1375.0,Завершен
VK98934,2018-12-27,CL00902,Подольск,167070,P0036,1.5,412.5,Завершен
VK32245,2018-12-27,CL00859,Королёв,188063,P0051,3.0,1125.0,Завершен
VK82756,2018-12-27,CL00786,Мытищи,187821,P0099,0.5,187.5,Завершен
VK32245,2018-12-27,CL00412,Подольск,194454,P0017,2.5,687.5,Завершен
VK72224,2018-12-27,CL00203,Москва,130771,P0002,5.0,1375.0,Отказ
VK40086,2018-12-28,CL00485,Красногорск,100895,XXX999,2.0,550.0,Завершен
VK75934,2018-12-28,CL00524,Реутов,141777,P0071,1.5,562.5,Завершен
VK91805,2018-12-28,CL01162,Королёв,181625,P0095,5.0,1875.0,Завершен
VK40083,2018-12-28,CL00846,Москва,117342,P0029,1.0,275.0,Завершен
VK93148,2018-12-28,CL00057,Москва,127535,P0030,1.5,412.5,Отказ
VK19060,2018-12-28,CL01109,Москва,151605,P0013,3.0,825.0,Завершен
VK67742,2018-12-28,CL00863,Химки,197545,XXX999,3.0,825.0,Завершен
VK77395,2018-12-28,CL00617,Москва,184930,P0020,2.0,550.0,Завершен
VK55264,2018-12-28,CL00116,Подольск,162070,P0047,0.5,137.5,Завершен
VK43343,2018-12-28,CL00823,Мытищи,113237,P0039,1.0,275.0,Завершен
VK44295,2018-12-28,CL00662,Мытищи,152129,P0051,3.0,-1125.0,Завершен
VK89005,2018-12-29,CL01151,Люберцы,101383,P0046,3.0,825.0,Отказ
VK82413,2018-12-29,CL00696,Люберцы,107925,P0079,2.5,937.5,Завершен
VK99946,2018-12-29,CL01152,Подольск,161498,P0056,0.5,187.5,Отказ
VK97755,2018-12-29,CL01079,Королёв,186099,P0082,3.0,1125.0,Завершен
VK88086,2018-12-29,CL00947,Подольск,116827,P0038,1.5,412.5,Завершен
VK69833,2018-12-29,CL01009,Мытищи,125875,P0099,0.5,187.5,Завершен
VK43483,2018-12-29,CL00291,Королёв,123028,P0109,2.5,937.5,Завершен
VK60593,2018-12-29,CL01125,Химки,162460,P0029,5.0,1375.0,Завершен
VK85927,2018-12-29,CL00336,Королёв,198617,P0093,5.0,1875.0,Завершен
VK79165,2018-12-29,CL00354,Мытищи,131147,P0031,2.0,550.0,Завершен
VK28026,2018-12-30,CL01141,Москва,168679,XXX999,5.0,1875.0,Завершен
VK14774,2018-12-30,CL00050,Люберцы,106658,P0053,1.5,-562.5,Завершен
VK88409,2018-12-30,CL00487,Красногорск,194749,P0089,5.0,1875.0,Отказ
VK59982,2018-12-30,CL01121,Королёв,123148,P0069,2.5,937.5,Завершен
VK45101,2018-12-30,CL00556,Химки,169003,P0098,3.0,1125.0,Завершен
VK82973,2018-12-30,CL00385,Красногорск,174349,P0010,1.0,275.0,Завершен
VK68920,2018-12-30,CL00242,Красногорск,136160,P0089,3.0,1125.0,Завершен
VK78422,2018-12-31,CL00312,Королёв,148331,P0025,0.5,137.5,Отказ
VK59729,2018-12-31,CL00594,Москава,152198,P0059,2.0,750.0,Завершен
VK13906,2018-12-31,CL00154,Химки,149856,P0075,0.5,187.5,Отказ
VK88232,2018-12-31,CL00293,Мытищи,197260,P0068,2.5,937.5,Завершен
VK98701,2018-12-31,CL01122,Королёв,182660,P0033,3.0,825.0,Завершен
VK22181,2019-01-01,CL00579,Мытищи,140405,P0080,1.0,375.0,Завершен
VK40832,2019-01-01,CL01125,Химки,162460,P0066,1.5,562.5,Отказ
VK51854,2019-01-01,CL00116,Подольск,162070,P0066,2.5,937.5,Завершен
VK21147,2019-01-01,CL00519,Подольск,137914,P0017,3.0,825.0,Завершен
VK16208,2019-01-01,CL00866,Королёв,183151,P0050,2.5,687.5,Завершен
VK65199,2019-01-01,CL01071,Химки,191660,P0029,5.0,1375.0,Завершен
VK82133,2019-01-01,CL00324,Красногорск,186980,P0024,5.0,1375.0,Завершен
VK51269,2019-01-01,CL00660,Королёв,142898,P0072,3.0,1125.0,Завершен
VK87162,2019-01-01,CL00962,Красногорск,113432,P0066,1.5,562.5,Завершен
VK22800,2019-01-01,CL00976,Подольск,166209,P0039,1.5,412.5,Завершен
VK39464,2019-01-02,CL00528,Реутов,117575,P0103,3.0,1125.0,Завершен
VK68591,2019-01-02,CL00842,Москава,133903,P0102,1.5,562.5,Отказ
VK62274,2019-01-02,CL00380,Москва,146210,P0080,2.5,937.5,Завершен
VK87526,2019-01-02,CL00633,Реутов,118070,P0104,2.5,937.5,Завершен
VK71529,2019-01-02,CL00782,Подольск,192013,P0028,1.5,412.5,Завершен
VK11971,2019-01-02,CL01149,Люберцы,163131,P0070,0.5,187.5,Завершен
VK35512,2019-01-02,CL00390,Королёв,173619,P0073,1.5,562.5,Завершен
VK36516,2019-01-02,CL00536,Реутов,172362,P0056,2.0,750.0,Завершен
VK93267,2019-01-03,CL00600,Люберцы,109064,P0029,2.5,-687.5,Завершен
VK79355,2019-01-03,CL00078,Реутов,122810,P0003,2.5,687.5,Завершен
VK73608,2019-01-03,CL01156,Реутов,abcde,P0101,3.0,1125.0,Завершен
VK57721,2019-01-03,CL01187,Королёв,102798,P0061,5.0,1875.0,Завершен
VK87510,2019-01-03,CL00361,Реутов,105706,P0083,0.5,187.5,Завершен
VK69445,2019-01-03,CL00773,Подольск,123260,P0094,2.0,750.0,Завершен
VK69568,2019-01-03,CL00137,Москва,129045,P0108,5.0,1875.0,Отказ
VK87948,2019-01-03,CL00235,Москва,139893,P0069,2.0,750.0,Отказ
VK21400,2019-01-03,CL00475,Королёв,198173,P0100,1.0,375.0,Завершен
VK56990,2019-01-03,CL00858,Химки,193502,P0108,1.0,375.0,Завершен
VK19547,2019-01-04,CL00549,Москва,abcde,P0095,1.5,562.5,Завершен
VK53989,2019-01-04,CL01036,Люберцы,129215,P0018,5.0,1375.0,Завершен
VK25437,2019-01-04,CL00596,Химки,136739,P0010,2.5,687.5,Завершен
VK48114,2019-01-04,CL00335,Королёв,abcde,P0051,2.0,750.0,Завершен
VK28083,2019-01-04,CL00454,Красногорск,162701,P0036,3.0,825.0,Отказ
VK88921,2019-01-04,CL01193,Люберцы,159517,P0004,2.0,550.0,Завершен
VK22657,2019-01-04,CL00137,Москва,129045,P0014,1.0,275.0,Завершен
VK94538,2019-01-04,CL00483,Реутов,111368,P0091,2.5,937.5,Завершен
VK22045,2019-01-04,CL01193,Люберцы,159517,P0016,2.5,687.5,Завершен
VK62797,2019-01-04,CL00323,Люберцы,186057,P0055,2.5,937.5,Завершен
VK33203,2019-01-04,CL01199,Москва,117009,P0009,1.0,275.0,Завершен
VK72590,2019-01-04,CL00212,Москва,160981,P0025,1.0,275.0,Завершен
VK19758,2019-01-04,CL00650,Подольск,127082,P0010,1.5,412.5,Завершен
VK38777,2019-01-05,CL01040,Химки,120625,P0016,0.5,137.5,Завершен
VK63740,2019-01-05,CL01127,Красногорск,133779,P0026,3.0,825.0,Завершен
VK70208,2019-01-05,CL00652,Подольск,192281,P0066,1.5,562.5,Завершен
VK27827,2019-01-05,CL00671,Мытищи,185054,P0120,1.0,375.0,Завершен
VK71604,2019-01-05,CL00773,Подольск,123260,P0008,1.5,412.5,Завершен
VK10818,2019-01-06,CL00077,Люберцы,125144,P0091,5.0,1875.0,Завершен
VK56062,2019-01-06,CL00148,Мытищи,175243,P0003,2.0,550.0,Отказ
VK17733,2019-01-06,CL00922,Красногорск,184070,P0089,2.5,937.5,Завершен
VK58732,2019-01-06,CL00083,Мытищи,187012,P0071,0.5,187.5,Завершен
VK70794,2019-01-06,CL00856,Москва,138745,P0038,0.5,137.5,Завершен
VK96106,2019-01-06,CL00937,Химки,146548,P0120,5.0,1875.0,Завершен
VK66020,2019-01-06,CL00184,Мытищи,114871,P0100,0.5,187.5,Завершен
VK15717,2019-01-06,CL01158,Химки,180375,P0001,0.5,137.5,Завершен
VK67748,2019-01-06,CL00301,Химки,122037,P0109,3.0,1125.0,Завершен
VK10603,2019-01-07,CL00239,Королёв,136666,P0108,1.5,562.5,Завершен
VK95674,2019-01-07,CL00989,Мытищи,120152,P0040,2.0,550.0,Завершен
VK85235,2019-01-07,CL00665,Королёв,189463,P0096,0.5,187.5,Завершен
VK52890,2019-01-07,CL00275,Красногорск,148176,P0052,5.0,1875.0,Завершен
VK94654,2019-01-07,CL00702,Москва,156948,P0114,3.0,1125.0,Завершен
VK78406,2019-01-07,CL00341,Люберцы,162991,P0095,1.0,375.0,Завершен
VK82788,2019-01-07,CL00734,Реутов,196384,P0011,2.0,550.0,Завершен
VK64018,2019-01-07,CL00751,Москва,106637,P0080,2.5,937.5,Завершен
VK43697,2019-01-07,CL00681,Подольск,173831,P0030,1.5,412.5,Завершен
VK25147,2019-01-07,CL00561,Москва,192123,P0072,1.5,562.5,Завершен
VK80571,2019-01-08,CL00009,Люберцы,179507,P0081,5.0,1875.0,Завершен
VK19269,2019-01-08,CL00539,Королёв,194688,P0077,0.5,187.5,Завершен
VK15951,2019-01-08,CL00705,Москва,145443,P0017,0.5,137.5,Завершен
VK83594,2019-01-08,CL00347,Реутов,130903,P0012,1.0,275.0,Завершен
VK39069,2019-01-08,CL00711,Красногорск,113487,P0113,3.0,1125.0,Завершен
VK71377,2019-01-08,CL00278,Красногорск,123777,P0070,3.0,1125.0,Завершен
VK57178,2019-01-08,CL01005,Химки,184663,P0061,1.5,562.5,Завершен
VK41713,2019-01-08,CL00889,Реутов,133526,P0053,2.0,750.0,Завершен
VK29842,2019-01-08,CL00776,Красногорск,186787,P0014,1.5,412.5,Завершен
VK63166,2019-01-08,CL00644,Москва,157850,P0001,2.0,550.0,Завершен
VK81522,2019-01-08,CL00331,Химки,120308,P0031,5.0,1375.0,Завершен
VK66264,2019-01-08,CL00619,Подольск,143383,P0006,2.0,550.0,Отказ
VK81821,2019-01-08,CL01131,Мытищи,137555,P0055,2.0,750.0,Завершен
VK46267,2019-01-09,CL01165,Люберцы,157464,P0051,2.0,750.0,Завершен
VK57199,2019-01-09,CL00896,Люберцы,113928,P0101,3.0,1125.0,Отказ
VK56194,2019-01-09,CL00097,Мытищи,130735,P0012,2.0,550.0,Завершен
VK62044,2019-01-09,CL00459,Химки,164094,P0046,0.5,137.5,Завершен
VK33956,2019-01-09,CL01200,Москва,163618,P0019,1.0,275.0,Завершен
VK87865,2019-01-09,CL00100,Химки,153424,P0050,3.0,825.0,Завершен
VK53687,2019-01-09,CL00462,Реутов,119198,P0012,0.5,137.5,Завершен
VK15571,2019-01-09,CL00384,Москва,130932,P0095,5.0,1875.0,Завершен
VK50563,2019-01-09,CL00058,Мытищи,173385,P0056,2.0,750.0,Завершен
VK88654,2019-01-09,CL00181,Королёв,163532,P0095,3.0,1125.0,Отказ
VK23071,2019-01-09,CL00432,Люберцы,114089,P0016,0.5,137.5,Завершен
VK70646,2019-01-09,CL00909,Красногорск,157372,P0115,0.5,187.5,Завершен
VK60842,2019-01-09,CL01076,Мытищи,194960,P0088,5.0,1875.0,Завершен
VK12503,2019-01-09,CL00939,Королёв,193959,P0052,0.5,187.5,Завершен
VK67375,2019-01-10,CL01145,Москва,abcde,P0094,3.0,1125.0,Завершен
VK84172,2019-01-10,CL00246,Химки,172641,P0038,1.5,412.5,Завершен
VK17801,2019-01-10,CL00345,Мытищи,129102,P0022,1.5,412.5,Завершен
VK64746,2019-01-10,CL00020,Реутов,195561,P0004,0.5,137.5,Завершен
VK16655,2019-01-10,CL01193,Люберцы,159517,P0112,5.0,1875.0,Завершен
VK54205,2019-01-10,CL01077,Реутов,168289,P0050,0.5,137.5,Завершен
VK47030,2019-01-11,CL00063,Реутов,161694,P0009,1.5,412.5,Отказ
VK74528,2019-01-11,CL00711,Красногорск,113487,P0005,0.5,137.5,Завершен
VK35069,2019-01-11,CL01025,Подольск,166900,P0034,0.5,137.5,Завершен
VK87982,2019-01-11,CL01088,Люберцы,166353,XXX999,5.0,1875.0,Завершен
VK56381,2019-01-11,CL00872,Королёв,123176,P0077,2.5,937.5,Отказ
VK98351,2019-01-11,CL00516,Королёв,192181,P0021,3.0,825.0,Завершен
VK40225,2019-01-11,CL00225,Люберцы,133681,P0060,1.5,562.5,Завершен
VK18619,2019-01-11,CL00615,Мытищи,191326,P0061,3.0,1125.0,Завершен
VK61468,2019-01-11,CL00551,Москава,180980,P0101,0.5,187.5,Отказ
VK91532,2019-01-11,CL00501,Королёв,154450,P0100,1.5,562.5,Завершен
VK54146,2019-01-12,CL00177,Красногорск,152976,P0016,1.0,275.0,Завершен
VK32840,2019-01-12,CL01170,Люберцы,109356,P0117,2.5,937.5,Завершен
VK41933,2019-01-12,CL01013,Подольск,147774,P0114,2.5,937.5,Завершен
VK54625,2019-01-12,CL00481,Москва,138669,P0040,1.5,412.5,Завершен
VK60845,2019-01-12,CL00482,Подольск,183719,P0047,1.0,275.0,Отказ
VK63419,2019-01-12,CL00137,Москва,129045,P0043,0.5,137.5,Отказ
VK85708,2019-01-12,CL00292,Реутов,abcde,P0080,2.0,750.0,Завершен
VK62138,2019-01-12,CL00621,Подольск,156640,P0074,0.5,187.5,Завершен
VK81761,2019-01-12,CL01066,Реутов,180200,P0011,2.5,687.5,Завершен
VK60706,2019-01-12,CL01122,Королёв,182660,P0020,0.5,137.5,Отказ
VK44441,2019-01-12,CL00547,Подольск,164004,P0092,3.0,1125.0,Завершен
VK41671,2019-01-12,CL00152,Подольск,173772,XXX999,0.5,187.5,Завершен
VK99157,2019-01-12,CL00147,Подольск,abcde,P0038,2.0,550.0,Завершен
VK38548,2019-01-12,CL01058,Реутов,163192,P0068,1.0,375.0,Завершен
VK47876,2019-01-12,CL00397,Красногорск,115907,P0024,3.0,825.0,Завершен
VK30601,2019-01-13,CL00366,Королёв,117675,P0036,5.0,1375.0,Завершен
VK38569,2019-01-13,CL00400,Подольск,111300,P0007,1.5,412.5,Завершен
VK11448,2019-01-13,CL00271,Мытищи,187207,P0053,1.0,375.0,Завершен
VK59739,2019-01-13,CL00805,Люберцы,161727,P0090,0.5,187.5,Завершен
VK61270,2019-01-13,CL00269,Реутов,abcde,P0084,1.5,562.5,Завершен
VK70211,2019-01-13,CL00948,Реутов,179450,P0106,1.0,375.0,Завершен
VK86298,2019-01-13,CL00122,Мытищи,abcde,P0073,2.5,937.5,Завершен
VK96703,2019-01-13,CL00596,Химки,136739,P0097,0.5,187.5,Завершен
VK29853,2019-01-14,CL00143,Химки,163464,P0082,1.5,562.5,Завершен
VK61456,2019-01-14,CL00826,Подольск,118855,P0112,0.5,187.5,Отказ
VK27836,2019-01-14,CL00402,Реутов,175353,P0078,2.0,750.0,Завершен
VK46908,2019-01-14,CL01032,Реутов,159591,P0001,2.5,687.5,Завершен
VK69839,2019-01-14,CL00322,Красногорск,112387,P0082,3.0,1125.0,Завершен
VK83737,2019-01-14,CL00002,Люберцы,199871,P0082,1.5,562.5,Завершен
VK81176,2019-01-14,CL00241,Красногорск,189873,P0015,2.5,687.5,Завершен
VK84133,2019-01-14,CL00056,Реутов,140404,P0103,2.0,750.0,Завершен
VK32412,2019-01-14,CL00211,Королёв,160236,P0104,5.0,1875.0,Завершен
VK65508,2019-01-14,CL01067,Реутов,154162,XXX999,2.5,937.5,Завершен
VK88097,2019-01-15,CL00899,Москва,127222,P0066,2.0,750.0,Завершен
VK68316,2019-01-15,CL01197,Люберцы,184004,P0090,1.0,375.0,Отказ
VK55121,2019-01-15,CL00977,Реутов,152876,P0081,0.5,187.5,Отказ
VK82185,2019-01-15,CL01082,Москва,111382,XXX999,5.0,1875.0,Завершен
VK66550,2019-01-15,CL00370,Люберцы,184790,P0009,0.5,137.5,Завершен
VK22972,2019-01-15,CL00409,Мытищи,183238,P0016,3.0,-825.0,Завершен
VK96540,2019-01-15,CL00127,Реутов,168386,P0016,3.0,825.0,Завершен
VK78738,2019-01-15,CL00334,Реутов,123703,P0031,1.0,275.0,Отказ
VK85084,2019-01-15,CL00256,Люберцы,104082,P0099,5.0,1875.0,Завершен
VK71662,2019-01-16,CL01053,Мытищи,168512,P0022,2.5,687.5,Завершен
VK22346,2019-01-16,CL00212,Москва,160981,P0026,1.0,275.0,Завершен
VK15827,2019-01-16,CL00910,Мытищи,144921,P0106,2.0,750.0,Завершен
VK54521,2019-01-16,CL00688,Москва,186298,P0024,3.0,825.0,Отказ
VK89150,2019-01-16,CL00420,Химки,118830,P0062,1.0,375.0,Завершен
VK81760,2019-01-16,CL00945,Королёв,196497,P0093,5.0,1875.0,Завершен
VK30260,2019-01-16,CL00847,Москва,179736,P0012,2.0,550.0,Завершен
VK72861,2019-01-16,CL00193,Королёв,124727,P0041,2.5,687.5,Завершен
VK46190,2019-01-16,CL00710,Москва,174302,P0028,1.0,275.0,Завершен
VK50762,2019-01-16,CL00984,Москва,149146,P0108,1.5,562.5,Завершен
VK22579,2019-01-16,CL00655,Люберцы,116631,P0044,5.0,1375.0,Отказ
VK72491,2019-01-16,CL00118,Москава,198032,P0111,2.5,937.5,Завершен
VK33282,2019-01-16,CL00306,Подольск,182306,P0030,1.0,275.0,Отказ
VK26584,2019-01-17,CL00643,Мытищи,135112,P0039,3.0,825.0,Отказ
VK11709,2019-01-17,CL00449,Подольск,131745,P0116,3.0,1125.0,Завершен
VK37244,2019-01-17,CL00769,Подольск,124672,XXX999,1.0,375.0,Отказ
VK29564,2019-01-17,CL01198,Мытищи,186362,P0076,0.5,187.5,Завершен
VK27115,2019-01-17,CL00418,Люберцы,190257,P0021,1.0,275.0,Завершен
VK57077,2019-01-17,CL00835,Мытищи,166426,P0070,3.0,1125.0,Завершен
VK23531,2019-01-17,CL01179,Мытищи,156906,P0040,5.0,1375.0,Завершен
VK35423,2019-01-17,CL00552,Королёв,169758,P0027,1.0,275.0,Завершен
VK27123,2019-01-17,CL01094,Реутов,128885,P0026,0.5,137.5,Завершен
VK53970,2019-01-17,CL00630,Люберцы,177354,P0050,2.5,687.5,Отказ
VK61887,2019-01-17,CL00904,Королёв,138800,P0029,0.5,137.5,Завершен
VK13823,2019-01-18,CL00393,Москава,109706,P0006,1.0,275.0,Завершен
VK80937,2019-01-18,CL00666,Москва,160238,P0116,1.5,562.5,Завершен
VK91276,2019-01-18,CL01083,Реутов,151792,P0011,5.0,1375.0,Завершен
VK29770,2019-01-18,CL01058,Реутов,163192,P0090,2.0,750.0,Завершен
VK36610,2019-01-18,CL00597,Красногорск,173905,P0053,2.5,937.5,Отказ
VK11833,2019-01-18,CL01193,Люберцы,159517,P0115,0.5,187.5,Завершен
VK63197,2019-01-18,CL00750,Подольск,143456,P0103,2.5,937.5,Отказ
VK64746,2019-01-18,CL01009,Мытищи,125875,P0073,2.5,937.5,Завершен
VK61544,2019-01-18,CL01158,Химки,180375,P0108,5.0,1875.0,Завершен
VK15318,2019-01-18,CL00828,Москва,135203,P0001,2.0,550.0,Завершен
VK61642,2019-01-18,CL00771,Москва,128679,P0086,2.0,750.0,Завершен
VK77127,2019-01-18,CL00377,Красногорск,142981,P0118,1.0,375.0,Отказ
VK57404,2019-01-18,CL00092,Подольск,187500,P0082,5.0,1875.0,Завершен
VK55026,2019-01-19,CL00844,Химки,184853,P0049,3.0,825.0,Завершен
VK52016,2019-01-19,CL00039,Химки,117154,P0045,3.0,825.0,Завершен
VK23292,2019-01-19,CL01028,Подольск,174162,P0068,1.5,562.5,Завершен
VK77271,2019-01-19,CL00617,Москва,184930,P0010,3.0,825.0,Завершен
VK15149,2019-01-19,CL00567,Химки,198599,P0105,3.0,1125.0,Завершен
VK87872,2019-01-19,CL00442,Красногорск,141750,P0093,2.5,937.5,Завершен
VK91628,2019-01-19,CL00912,Реутов,162684,P0001,3.0,825.0,Завершен
VK41470,2019-01-19,CL00225,Люберцы,133681,P0050,2.0,550.0,Завершен
VK21093,2019-01-19,CL01084,Химки,196590,P0007,3.0,825.0,Завершен
VK99482,2019-01-19,CL00824,Красногорск,134620,P0109,3.0,1125.0,Завершен
VK36347,2019-01-19,CL01193,Люберцы,159517,P0079,2.0,750.0,Завершен
VK41381,2019-01-19,CL00538,Люберцы,167215,P0042,2.5,687.5,Завершен
VK46927,2019-01-19,CL01122,Королёв,182660,P0001,1.0,-275.0,Завершен
VK34465,2019-01-19,CL01164,Москва,113405,P0098,2.0,750.0,Завершен
VK57798,2019-01-19,CL00560,Москава,149436,P0108,1.5,562.5,Завершен
VK61171,2019-01-20,CL00835,Мытищи,166426,P0004,1.5,412.5,Завершен
VK45201,2019-01-20,CL00849,Королёв,161171,P0111,3.0,-1125.0,Завершен
VK69445,2019-01-20,CL00875,Мытищи,156847,P0004,2.0,550.0,Завершен
VK45160,2019-01-20,CL00293,Мытищи,197260,P0115,2.0,750.0,Завершен
VK93326,2019-01-20,CL00885,Королёв,124697,P0012,3.0,-825.0,Завершен
VK57250,2019-01-20,CL00603,Москава,178372,P0110,1.5,562.5,Завершен
VK83966,2019-01-20,CL00695,Мытищи,108851,P0009,1.0,275.0,Завершен
VK45501,2019-01-20,CL00433,Подольск,195355,P0006,2.0,550.0,Завершен
VK87941,2019-01-20,CL01098,Красногорск,175197,P0051,2.0,750.0,Завершен
VK18333,2019-01-20,CL00519,Подольск,137914,P0016,5.0,1375.0,Завершен
VK46746,2019-01-20,CL00212,Москва,160981,P0107,2.0,750.0,Завершен
VK54991,2019-01-20,CL00215,Химки,163335,P0016,1.0,275.0,Отказ
VK80187,2019-01-20,CL00827,Москва,143449,P0118,1.5,562.5,Завершен
VK85063,2019-01-20,CL00765,Химки,196607,P0073,3.0,1125.0,Завершен
VK91045,2019-01-20,CL00488,Люберцы,190802,P0097,1.5,562.5,Завершен
VK11775,2019-01-21,CL00045,Москва,172692,P0064,5.0,1875.0,Завершен
VK46199,2019-01-21,CL00965,Красногорск,107051,P0071,2.0,750.0,Завершен
VK87136,2019-01-21,CL00184,Мытищи,114871,P0034,1.0,275.0,Завершен
VK60437,2019-01-21,CL00659,Реутов,136467,XXX999,0.5,137.5,Завершен
VK47475,2019-01-21,CL01032,Реутов,159591,P0068,0.5,187.5,Завершен
VK44704,2019-01-21,CL00739,Химки,160731,P0103,0.5,187.5,Завершен
VK35613,2019-01-21,CL00176,Москва,141224,P0034,3.0,825.0,Завершен
VK30632,2019-01-21,CL00689,Химки,166784,P0079,1.0,375.0,Завершен
VK49452,2019-01-21,CL00768,Красногорск,103697,P0061,2.0,750.0,Завершен
VK50494,2019-01-21,CL00342,Мытищи,167621,P0014,5.0,1375.0,Завершен
VK94622,2019-01-22,CL00009,Люберцы,179507,P0043,0.5,137.5,Отказ
VK74970,2019-01-22,CL00773,Подольск,123260,P0035,3.0,825.0,Завершен
VK31890,2019-01-22,CL00891,Москва,154627,P0061,2.5,937.5,Завершен
VK20407,2019-01-22,CL00372,Москава,148237,P0052,1.0,375.0,Завершен
VK68541,2019-01-22,CL00192,Красногорск,199991,P0018,1.5,412.5,Завершен
VK83004,2019-01-22,CL00322,Красногорск,112387,P0018,0.5,137.5,Завершен
VK37409,2019-01-22,CL00118,Подольск,198032,P0057,1.5,562.5,Завершен
VK96237,2019-01-22,CL00304,Химки,133550,P0051,1.5,562.5,Завершен
VK33097,2019-01-22,CL01005,Химки,184663,P0055,1.5,562.5,Завершен
VK76255,2019-01-22,CL01134,Мытищи,145039,P0038,2.0,550.0,Завершен
VK29344,2019-01-23,CL01014,Реутов,abcde,P0093,5.0,1875.0,Завершен
VK70660,2019-01-23,CL00037,Москва,154948,P0016,1.0,275.0,Завершен
VK66357,2019-01-23,CL00450,Мытищи,157807,P0001,2.0,550.0,Завершен
VK63311,2019-01-23,CL01171,Подольск,132778,P0064,2.0,750.0,Завершен
VK10446,2019-01-23,CL00300,Реутов,197754,P0040,1.0,275.0,Завершен
VK18119,2019-01-23,CL01005,Химки,184663,P0105,0.5,187.5,Завершен
VK92483,2019-01-23,CL00870,Реутов,159974,P0024,3.0,825.0,Завершен
VK25717,2019-01-24,CL00499,Мытищи,193967,P0019,5.0,1375.0,Завершен
VK49468,2019-01-24,CL00493,Подольск,179395,P0113,2.0,750.0,Отказ
VK26176,2019-01-24,CL00951,Королёв,118111,P0069,1.0,375.0,Завершен
VK62166,2019-01-24,CL00869,Подольск,126253,P0068,5.0,1875.0,Завершен
VK21382,2019-01-24,CL00298,Красногорск,abcde,P0062,2.5,937.5,Завершен
VK14598,2019-01-24,CL00799,Люберцы,112571,P0107,2.0,750.0,Завершен
VK59556,2019-01-24,CL00244,Химки,178269,P0028,1.0,275.0,Завершен
VK30207,2019-01-24,CL01020,Люберцы,182132,P0104,2.5,937.5,Завершен
VK33070,2019-01-24,CL00086,Москва,162277,XXX999,2.5,687.5,Завершен
VK94525,2019-01-24,CL01039,Королёв,110104,P0041,3.0,825.0,Отказ
VK92728,2019-01-24,CL00322,Красногорск,112387,P0040,1.0,275.0,Завершен
VK93877,2019-01-25,CL00874,Подольск,120766,P0092,1.0,375.0,Завершен
VK68024,2019-01-25,CL00078,Реутов,122810,P0017,3.0,825.0,Завершен
VK34917,2019-01-25,CL00808,Подольск,134510,P0091,1.0,-375.0,Завершен
VK32846,2019-01-25,CL00375,Люберцы,195300,P0100,2.5,937.5,Завершен
VK72086,2019-01-25,CL00033,Королёв,169615,P0034,0.5,137.5,Завершен
VK39105,2019-01-25,CL00093,Королёв,194276,P0063,3.0,1125.0,Завершен
VK26934,2019-01-25,CL00391,Люберцы,192279,P0045,5.0,1375.0,Завершен
VK21417,2019-01-25,CL00782,Подольск,192013,P0011,1.0,275.0,Завершен
VK14555,2019-01-25,CL00426,Химки,120932,P0021,2.5,687.5,Завершен
VK16416,2019-01-25,CL00240,Красногорск,158287,P0092,2.0,750.0,Завершен
VK15971,2019-01-25,CL00336,Королёв,198617,P0031,2.5,687.5,Завершен
VK89578,2019-01-25,CL00003,Мытищи,139117,P0076,2.5,-937.5,Завершен
VK25832,2019-01-25,CL00307,Королёв,199598,P0049,2.0,550.0,Завершен
VK30761,2019-01-25,CL00893,Подольск,189881,P0099,5.0,1875.0,Завершен
VK59955,2019-01-25,CL00180,Химки,117172,P0092,5.0,1875.0,Завершен
VK74407,2019-01-25,CL01198,Мытищи,186362,P0017,0.5,137.5,Отказ
VK74617,2019-01-26,CL00515,Химки,113224,P0093,3.0,1125.0,Отказ
VK92610,2019-01-26,CL00659,Реутов,136467,P0064,3.0,1125.0,Завершен
VK44359,2019-01-26,CL00304,Химки,133550,P0018,2.0,550.0,Завершен
VK62761,2019-01-26,CL00504,Мытищи,145158,P0089,2.5,937.5,Завершен
VK68014,2019-01-26,CL01193,Люберцы,159517,P0078,2.0,750.0,Завершен
VK29024,2019-01-26,CL01178,Химки,106827,P0108,5.0,1875.0,Завершен
VK38402,2019-01-26,CL01145,Москва,146771,P0023,1.0,275.0,Завершен
VK28564,2019-01-26,CL00388,Красногорск,185139,P0056,3.0,1125.0,Завершен
VK76631,2019-01-26,CL01003,Мытищи,175067,P0064,1.0,375.0,Завершен
VK89616,2019-01-26,CL00221,Подольск,182242,P0075,0.5,187.5,Завершен
VK30180,2019-01-26,CL01137,Королёв,124102,P0087,1.5,562.5,Завершен
VK97864,2019-01-26,CL00941,Мытищи,151497,P0039,1.5,412.5,Завершен
VK30222,2019-01-26,CL01004,Мытищи,198080,P0050,5.0,1375.0,Завершен
VK99827,2019-01-26,CL00574,Королёв,172487,P0074,3.0,1125.0,Завершен
VK72755,2019-01-27,CL00047,Мытищи,197310,P0086,5.0,1875.0,Завершен
VK18738,2019-01-27,CL01028,Подольск,174162,P0001,5.0,1375.0,Завершен
VK79674,2019-01-27,CL00895,Подольск,113751,P0096,5.0,1875.0,Завершен
VK99610,2019-01-27,CL00023,Подольск,136509,XXX999,0.5,187.5,Завершен
VK23702,2019-01-27,CL00291,Королёв,123028,P0060,5.0,1875.0,Завершен
VK18291,2019-01-28,CL00610,Королёв,160694,P0069,3.0,1125.0,Завершен
VK72409,2019-01-28,CL00345,Мытищи,129102,P0065,1.5,562.5,Завершен
VK42955,2019-01-28,CL00142,Красногорск,170236,P0041,0.5,137.5,Завершен
VK32843,2019-01-28,CL00768,Красногорск,103697,P0069,2.5,937.5,Отказ
VK58272,2019-01-28,CL00213,Подольск,145293,P0117,3.0,1125.0,Завершен
VK45083,2019-01-28,CL01134,Мытищи,145039,P0116,0.5,187.5,Завершен
VK17890,2019-01-29,CL00178,Королёв,124586,P0045,1.5,412.5,Завершен
VK27968,2019-01-29,CL00663,Реутов,164843,P0055,2.0,750.0,Завершен
VK66963,2019-01-29,CL01130,Красногорск,163896,P0102,0.5,187.5,Завершен
VK19321,2019-01-29,CL00098,Красногорск,170798,P0057,1.0,375.0,Завершен
VK75028,2019-01-29,CL00327,Реутов,143054,P0077,2.5,937.5,Завершен
VK96721,2019-01-29,CL01127,Красногорск,133779,P0108,0.5,187.5,Завершен
VK19606,2019-01-29,CL00372,Москава,148237,P0088,0.5,-187.5,Завершен
VK66360,2019-01-29,CL00623,Реутов,192371,P0095,1.0,375.0,Завершен
VK88897,2019-01-30,CL00872,Королёв,123176,P0047,1.0,275.0,Отказ
VK67389,2019-01-30,CL00975,Мытищи,141662,XXX999,5.0,1375.0,Завершен
VK13711,2019-01-30,CL00284,Мытищи,186761,P0061,3.0,1125.0,Завершен
VK85599,2019-01-30,CL00676,Москва,115806,P0013,2.0,550.0,Завершен
VK72279,2019-01-30,CL00641,Химки,136025,P0109,2.5,937.5,Завершен
VK56191,2019-01-30,CL00989,Мытищи,120152,P0078,3.0,1125.0,Завершен
VK37263,2019-01-30,CL00951,Королёв,118111,P0115,1.0,375.0,Завершен
VK50470,2019-01-30,CL00689,Химки,166784,P0001,3.0,825.0,Завершен
VK22018,2019-01-30,CL01092,Химки,160142,P0095,1.0,375.0,Завершен
VK53098,2019-01-30,CL00085,Люберцы,126100,P0090,3.0,1125.0,Завершен
VK77173,2019-01-30,CL00299,Реутов,168676,P0106,1.5,562.5,Завершен
VK85788,2019-01-30,CL00577,Мытищи,120214,XXX999,3.0,825.0,Завершен
VK40562,2019-01-30,CL00571,Красногорск,157290,P0004,3.0,825.0,Завершен
VK30780,2019-01-30,CL00487,Красногорск,194749,P0046,0.5,137.5,Завершен
VK69781,2019-01-31,CL00364,Красногорск,146176,P0017,1.5,412.5,Завершен
VK72906,2019-01-31,CL00660,Королёв,142898,P0101,5.0,1875.0,Завершен
VK10156,2019-01-31,CL00068,Реутов,170282,P0033,0.5,137.5,Завершен
VK83565,2019-01-31,CL00187,Королёв,131946,P0051,1.0,375.0,Завершен
VK50525,2019-01-31,CL00875,Мытищи,156847,P0037,2.0,550.0,Завершен
VK67050,2019-01-31,CL00298,Красногорск,113875,P0016,2.5,687.5,Завершен
VK85025,2019-01-31,CL00063,Реутов,161694,P0078,2.0,750.0,Завершен
VK50568,2019-01-31,CL00726,Красногорск,186154,P0076,2.0,750.0,Завершен
VK36385,2019-01-31,CL01193,Люберцы,159517,P0010,0.5,137.5,Завершен
VK65919,2019-01-31,CL01186,Подольск,141515,P0080,2.0,750.0,Завершен
VK43676,2019-01-31,CL00150,Москва,162616,P0046,3.0,825.0,Завершен
VK93229,2019-02-01,CL00681,Подольск,173831,P0098,0.5,187.5,Завершен
VK28003,2019-02-01,CL01016,Люберцы,117603,P0003,2.5,687.5,Завершен
VK39194,2019-02-01,CL00157,Химки,134687,P0087,2.5,937.5,Завершен
VK58622,2019-02-01,CL00179,Королёв,199613,P0048,1.5,412.5,Завершен
VK11042,2019-02-01,CL00157,Химки,134687,P0046,2.5,687.5,Завершен
VK24433,2019-02-01,CL00584,Реутов,111101,P0090,1.0,375.0,Завершен
VK70643,2019-02-01,CL00940,Мытищи,125679,P0021,1.0,275.0,Завершен
VK65910,2019-02-01,CL00624,Химки,192243,P0022,2.0,550.0,Завершен
VK20271,2019-02-01,CL00159,Подольск,159048,P0003,1.5,412.5,Завершен
VK48008,2019-02-01,CL00186,Люберцы,135838,P0033,5.0,1375.0,Завершен
VK83346,2019-02-01,CL01042,Мытищи,162759,P0092,2.5,937.5,Завершен
VK53961,2019-02-01,CL01055,Москва,169655,P0111,5.0,1875.0,Завершен
VK46922,2019-02-01,CL00536,Реутов,172362,P0117,2.5,937.5,Завершен
VK47367,2019-02-02,CL00341,Люберцы,162991,P0023,1.5,412.5,Завершен
VK45342,2019-02-02,CL00358,Москва,131531,P0008,1.0,275.0,Завершен
VK78920,2019-02-02,CL00160,Люберцы,137762,P0045,2.0,550.0,Завершен
VK96164,2019-02-02,CL00046,Мытищи,117601,P0005,5.0,1375.0,Завершен
VK29150,2019-02-02,CL01165,Люберцы,157464,P0096,3.0,1125.0,Завершен
VK53016,2019-02-02,CL00568,Мытищи,173919,P0114,1.0,375.0,Отказ
VK86756,2019-02-03,CL00548,Москва,109742,P0116,1.5,562.5,Завершен
VK26470,2019-02-03,CL00333,Красногорск,181006,P0012,1.0,275.0,Завершен
VK15624,2019-02-03,CL01127,Красногорск,133779,P0101,0.5,187.5,Завершен
VK66732,2019-02-03,CL00009,Люберцы,179507,P0060,1.5,562.5,Завершен
VK18400,2019-02-03,CL00604,Реутов,190663,P0060,5.0,1875.0,Завершен
VK39287,2019-02-03,CL00580,Красногорск,113399,P0094,1.0,375.0,Завершен
VK13589,2019-02-03,CL01073,Москва,183345,P0068,2.5,937.5,Отказ
VK56631,2019-02-03,CL00926,Красногорск,136458,P0081,1.0,375.0,Завершен
VK25046,2019-02-03,CL01033,Москва,142476,P0018,0.5,137.5,Завершен
VK70485,2019-02-03,CL00494,Реутов,161712,P0052,1.0,375.0,Завершен
VK56692,2019-02-03,CL00296,Москава,102733,P0077,1.5,562.5,Завершен
VK61328,2019-02-03,CL01124,Реутов,121409,P0046,2.5,-687.5,Завершен
VK54221,2019-02-03,CL00213,Подольск,145293,P0082,1.0,375.0,Завершен
VK71781,2019-02-03,CL00258,Королёв,158138,P0105,3.0,1125.0,Завершен
VK34968,2019-02-04,CL00988,Реутов,126945,P0041,1.5,412.5,Завершен
VK97916,2019-02-04,CL01086,Красногорск,136242,P0054,5.0,1875.0,Завершен
VK42592,2019-02-04,CL00092,Подольск,187500,P0090,3.0,-1125.0,Завершен
VK48371,2019-02-04,CL00607,Подольск,105806,P0080,1.0,375.0,Завершен
VK37251,2019-02-04,CL00167,Королёв,105224,P0031,1.0,275.0,Завершен
VK49486,2019-02-04,CL00211,Королёв,160236,P0014,3.0,825.0,Завершен
VK85949,2019-02-04,CL00240,Красногорск,158287,P0001,1.0,275.0,Завершен
VK14920,2019-02-05,CL00357,Химки,138177,P0112,2.0,750.0,Завершен
VK51751,2019-02-05,CL00533,Королёв,143642,P0109,1.5,562.5,Завершен
VK80328,2019-02-05,CL00939,Королёв,193959,P0089,0.5,187.5,Завершен
VK58052,2019-02-05,CL00760,Королёв,163527,P0117,5.0,-1875.0,Завершен
VK83280,2019-02-05,CL00977,Реутов,152876,P0080,0.5,187.5,Завершен
VK65328,2019-02-05,CL00517,Химки,abcde,P0109,2.5,937.5,Завершен
VK68779,2019-02-05,CL00318,Подольск,192749,P0079,2.0,750.0,Завершен
VK30903,2019-02-05,CL00926,Красногорск,136458,P0031,5.0,1375.0,Завершен
VK78198,2019-02-05,CL00439,Подольск,166731,P0040,1.0,275.0,Завершен
VK67799,2019-02-06,CL00552,Королёв,169758,P0097,1.5,-562.5,Завершен
VK26102,2019-02-06,CL00637,Красногорск,163518,P0066,0.5,187.5,Завершен
VK69807,2019-02-06,CL00179,Королёв,199613,P0095,3.0,1125.0,Завершен
VK11403,2019-02-06,CL01170,Люберцы,109356,P0118,1.5,562.5,Завершен
VK28611,2019-02-06,CL00051,Реутов,105778,P0007,2.0,550.0,Завершен
VK89948,2019-02-06,CL00952,Люберцы,171802,P0003,5.0,1375.0,Завершен
VK51312,2019-02-06,CL00176,Москва,141224,P0040,1.5,412.5,Завершен
VK17427,2019-02-06,CL00206,Москва,107355,P0097,1.0,375.0,Завершен
VK58522,2019-02-06,CL00364,Красногорск,146176,P0081,1.0,375.0,Завершен
VK32680,2019-02-06,CL00781,Люберцы,138602,P0021,1.0,275.0,Отказ
VK48797,2019-02-07,CL00220,Красногорск,124920,P0074,0.5,187.5,Завершен
VK86221,2019-02-07,CL00037,Москва,154948,P0055,2.0,750.0,Отказ
VK12147,2019-02-07,CL00593,Люберцы,191133,P0102,5.0,1875.0,Завершен
VK31370,2019-02-07,CL01062,Люберцы,192949,P0071,0.5,187.5,Завершен
VK27354,2019-02-07,CL00001,Люберцы,159470,P0091,1.0,375.0,Завершен
VK58929,2019-02-07,CL00903,Мытищи,184454,P0042,1.5,412.5,Отказ
VK64209,2019-02-07,CL00425,Люберцы,180658,P0011,0.5,137.5,Завершен
VK81626,2019-02-07,CL00196,Реутов,185461,P0079,5.0,1875.0,Завершен
VK23876,2019-02-08,CL00534,Москва,124906,P0041,5.0,1375.0,Завершен
VK88737,2019-02-08,CL01049,Королёв,153840,P0088,2.5,937.5,Завершен
VK44564,2019-02-08,CL00125,Реутов,113833,P0011,5.0,1375.0,Завершен
VK93862,2019-02-08,CL01125,Химки,162460,P0120,0.5,187.5,Завершен
VK67764,2019-02-08,CL00206,Москва,107355,P0006,2.5,687.5,Завершен
VK71493,2019-02-08,CL00593,Люберцы,191133,P0090,1.0,375.0,Завершен
VK76294,2019-02-08,CL00063,Реутов,161694,P0028,3.0,-825.0,Завершен
VK33577,2019-02-08,CL00001,Люберцы,159470,P0071,5.0,1875.0,Завершен
VK15256,2019-02-08,CL00790,Подольск,164629,P0050,1.0,275.0,Завершен
VK54989,2019-02-08,CL00329,Москва,123627,P0024,5.0,1375.0,Завершен
VK79963,2019-02-08,CL01175,Химки,189318,P0049,2.0,550.0,Завершен
VK76470,2019-02-08,CL01026,Реутов,101388,P0022,1.5,412.5,Завершен
VK42427,2019-02-08,CL00003,Мытищи,139117,P0060,3.0,1125.0,Завершен
VK34592,2019-02-08,CL00022,Мытищи,124931,P0033,2.0,550.0,Завершен
VK20001,2019-02-08,CL00276,Люберцы,156244,P0036,2.0,550.0,Завершен
VK91189,2019-02-09,CL00702,Москва,156948,P0039,0.5,137.5,Завершен
VK56525,2019-02-09,CL00428,Королёв,140441,P0086,2.5,937.5,Завершен
VK24338,2019-02-09,CL01085,Мытищи,195176,P0104,1.0,375.0,Завершен
VK33003,2019-02-09,CL01162,Королёв,181625,P0006,2.0,550.0,Завершен
VK60831,2019-02-09,CL00261,Реутов,169541,P0107,1.0,375.0,Завершен
VK38876,2019-02-09,CL01070,Реутов,186413,P0069,3.0,1125.0,Завершен
VK31436,2019-02-09,CL00105,Королёв,157125,P0011,2.5,-687.5,Завершен
VK47914,2019-02-09,CL00045,Москва,172692,P0018,0.5,137.5,Завершен
VK59241,2019-02-09,CL00798,Химки,153645,P0005,1.0,275.0,Завершен
VK52008,2019-02-09,CL00490,Подольск,165866,P0007,1.0,275.0,Завершен
VK87477,2019-02-09,CL01084,Химки,196590,P0009,3.0,825.0,Завершен
VK35212,2019-02-09,CL00262,Королёв,156387,P0022,3.0,825.0,Завершен
VK10197,2019-02-09,CL00156,Люберцы,107894,P0025,1.0,275.0,Завершен
VK35624,2019-02-09,CL01153,Королёв,162530,P0034,3.0,825.0,Завершен
VK99699,2019-02-10,CL00861,Люберцы,116769,P0092,2.0,750.0,Завершен
VK51054,2019-02-10,CL00224,Реутов,117322,P0104,1.5,562.5,Отказ
VK68745,2019-02-10,CL01192,Мытищи,158901,P0012,1.0,275.0,Завершен
VK33810,2019-02-10,CL00268,Мытищи,111188,P0061,2.0,750.0,Завершен
VK96236,2019-02-10,CL00532,Мытищи,199837,P0009,2.0,550.0,Завершен
VK88346,2019-02-10,CL00379,Подольск,146077,P0042,1.0,275.0,Завершен
VK40562,2019-02-10,CL01071,Химки,191660,P0084,3.0,1125.0,Завершен
VK75274,2019-02-10,CL00815,Подольск,199246,P0041,1.5,412.5,Завершен
VK32347,2019-02-10,CL00334,Реутов,123703,P0008,2.0,550.0,Завершен
VK84349,2019-02-10,CL00346,Красногорск,154381,P0027,1.0,275.0,Завершен
VK20558,2019-02-10,CL00717,Москава,106903,P0087,1.0,375.0,Отказ
VK20972,2019-02-10,CL00447,Москва,134803,P0110,2.0,750.0,Завершен
VK27540,2019-02-10,CL00118,Подольск,198032,P0064,1.0,375.0,Завершен
VK85065,2019-02-10,CL00381,Люберцы,107518,P0083,0.5,-187.5,Завершен
VK91582,2019-02-11,CL00886,Реутов,129402,P0094,2.0,750.0,Завершен
VK33577,2019-02-11,CL01103,Мытищи,186956,P0103,3.0,1125.0,Завершен
VK19961,2019-02-11,CL00647,Люберцы,111401,P0044,0.5,137.5,Завершен
VK91723,2019-02-11,CL00869,Подольск,126253,P0080,1.5,562.5,Завершен
VK97663,2019-02-11,CL00404,Королёв,167811,P0114,2.5,937.5,Отказ
VK35497,2019-02-11,CL01118,Химки,194478,P0011,2.5,687.5,Завершен
VK39233,2019-02-11,CL00239,Королёв,136666,P0034,1.0,275.0,Завершен
VK15301,2019-02-11,CL00851,Люберцы,114169,XXX999,3.0,1125.0,Завершен
VK22368,2019-02-12,CL00086,Москва,162277,P0050,1.0,275.0,Завершен
VK19996,2019-02-12,CL00197,Королёв,116547,P0086,5.0,1875.0,Завершен
VK77025,2019-02-12,CL00274,Подольск,129392,P0024,1.5,412.5,Завершен
VK24765,2019-02-12,CL00179,Москава,199613,P0066,3.0,1125.0,Завершен
VK30139,2019-02-12,CL00572,Мытищи,180460,P0008,3.0,825.0,Завершен
VK64677,2019-02-12,CL00648,Мытищи,131056,P0055,5.0,1875.0,Завершен
VK62620,2019-02-12,CL00682,Подольск,194690,P0006,2.5,687.5,Завершен
VK23629,2019-02-12,CL00336,Королёв,198617,P0012,1.5,412.5,Завершен
VK79578,2019-02-12,CL00073,Люберцы,157154,P0117,5.0,1875.0,Завершен
VK80416,2019-02-12,CL00283,Москва,198885,P0018,1.5,412.5,Завершен
VK50054,2019-02-12,CL00813,Королёв,130886,P0006,0.5,137.5,Завершен
VK98305,2019-02-12,CL00540,Красногорск,148589,P0056,5.0,1875.0,Завершен
VK60890,2019-02-12,CL00384,Москва,130932,P0091,0.5,187.5,Отказ
VK75860,2019-02-12,CL00038,Люберцы,193872,P0012,1.0,275.0,Завершен
VK78736,2019-02-12,CL00580,Красногорск,113399,P0056,2.0,750.0,Завершен
VK51114,2019-02-12,CL00109,Мытищи,117786,P0011,2.0,550.0,Завершен
VK19843,2019-02-13,CL00080,Люберцы,176019,P0069,5.0,1875.0,Завершен
VK50060,2019-02-13,CL00377,Красногорск,142981,P0115,1.0,375.0,Завершен
VK47266,2019-02-13,CL00705,Москва,145443,P0029,3.0,825.0,Отказ
VK79716,2019-02-13,CL00966,Люберцы,158073,P0094,1.0,375.0,Завершен
VK24780,2019-02-13,CL00089,Москва,113970,P0093,1.0,375.0,Завершен
VK76988,2019-02-13,CL00737,Подольск,158925,P0077,1.5,562.5,Завершен
VK24669,2019-02-13,CL00657,Реутов,175684,P0120,2.5,937.5,Завершен
VK66621,2019-02-14,CL01018,Королёв,123038,P0104,0.5,187.5,Отказ
VK32032,2019-02-14,CL00511,Москва,160686,P0033,2.0,550.0,Завершен
VK10705,2019-02-14,CL00033,Королёв,169615,P0010,3.0,825.0,Отказ
VK31141,2019-02-14,CL00547,Подольск,164004,P0090,1.5,562.5,Завершен
VK81299,2019-02-14,CL01162,Королёв,181625,P0024,2.5,687.5,Завершен
VK22630,2019-02-14,CL00513,Красногорск,124704,P0028,2.0,550.0,Завершен
VK16083,2019-02-14,CL00129,Красногорск,111359,P0093,0.5,187.5,Завершен
VK45409,2019-02-14,CL00983,Мытищи,170809,P0117,1.5,562.5,Завершен
VK40794,2019-02-14,CL01182,Королёв,120315,P0049,1.0,275.0,Завершен
VK56567,2019-02-14,CL00210,Королёв,118758,P0029,2.5,687.5,Завершен
VK64778,2019-02-14,CL00167,Королёв,105224,P0099,2.5,-937.5,Завершен
VK32402,2019-02-14,CL00618,Подольск,197057,P0117,5.0,1875.0,Завершен
VK90145,2019-02-14,CL01095,Красногорск,146281,P0065,3.0,1125.0,Завершен
VK62180,2019-02-14,CL00294,Реутов,110205,P0090,0.5,187.5,Отказ
VK31497,2019-02-14,CL00897,Химки,134471,XXX999,2.5,687.5,Завершен
VK67166,2019-02-14,CL00133,Люберцы,191905,P0094,5.0,1875.0,Завершен
VK60510,2019-02-15,CL00031,Подольск,128534,P0023,5.0,1375.0,Завершен
VK36718,2019-02-15,CL00214,Реутов,159878,P0031,3.0,825.0,Завершен
VK63413,2019-02-15,CL00996,Мытищи,165907,P0099,1.0,375.0,Завершен
VK39571,2019-02-16,CL00213,Подольск,145293,P0105,5.0,1875.0,Завершен
VK22995,2019-02-16,CL00239,Москава,136666,P0001,3.0,825.0,Завершен
VK76597,2019-02-16,CL00400,Подольск,111300,P0005,3.0,825.0,Завершен
VK55787,2019-02-16,CL00932,Мытищи,181142,P0102,3.0,1125.0,Завершен
VK88654,2019-02-16,CL00457,Королёв,132311,P0117,1.0,375.0,Завершен
VK79252,2019-02-16,CL00390,Королёв,173619,P0011,3.0,825.0,Завершен
VK12593,2019-02-16,CL00879,Москва,182141,P0118,2.0,750.0,Завершен
VK73213,2019-02-16,CL00089,Москва,113970,P0115,2.0,750.0,Завершен
VK95281,2019-02-16,CL00138,Химки,176225,P0039,2.0,550.0,Завершен
VK92463,2019-02-16,CL00616,Красногорск,105856,P0068,0.5,187.5,Завершен
VK86284,2019-02-16,CL00489,Москва,161000,P0037,3.0,825.0,Завершен
VK64919,2019-02-17,CL00481,Москва,138669,P0090,1.5,562.5,Завершен
VK94312,2019-02-17,CL00809,Королёв,135200,P0019,2.5,687.5,Завершен
VK49178,2019-02-17,CL00313,Мытищи,111835,P0062,1.0,375.0,Завершен
VK33356,2019-02-17,CL00990,Королёв,104965,P0046,1.5,412.5,Завершен
VK29749,2019-02-17,CL01072,Мытищи,152502,P0026,3.0,825.0,Завершен
VK58318,2019-02-17,CL00167,Королёв,105224,P0101,3.0,1125.0,Завершен
VK62330,2019-02-17,CL00451,Реутов,190505,P0094,3.0,1125.0,Завершен
VK32389,2019-02-17,CL00320,Красногорск,137079,P0077,2.5,937.5,Завершен
VK85333,2019-02-17,CL00897,Химки,134471,P0016,2.5,687.5,Завершен
VK52424,2019-02-17,CL00035,Мытищи,188501,P0071,5.0,-1875.0,Отказ
VK90837,2019-02-17,CL00061,Красногорск,153964,P0034,2.0,550.0,Завершен
VK31300,2019-02-18,CL00855,Реутов,189228,P0047,2.5,687.5,Завершен
VK88950,2019-02-18,CL00192,Красногорск,199991,P0039,1.5,412.5,Завершен
VK92349,2019-02-18,CL00215,Москава,163335,P0094,1.5,562.5,Завершен
VK68240,2019-02-18,CL00714,Реутов,123456,P0109,3.0,1125.0,Отказ
VK27891,2019-02-18,CL00540,Красногорск,148589,P0071,3.0,1125.0,Завершен
VK12945,2019-02-18,CL01191,Красногорск,136087,P0078,2.5,937.5,Завершен
VK72282,2019-02-18,CL00108,Реутов,186900,P0089,2.0,750.0,Завершен
VK64002,2019-02-18,CL00717,Мытищи,106903,P0119,1.0,375.0,Завершен
VK49913,2019-02-18,CL00733,Подольск,134208,P0092,2.0,750.0,Завершен
VK85247,2019-02-18,CL00178,Королёв,124586,P0056,0.5,187.5,Завершен
VK12830,2019-02-18,CL00637,Красногорск,163518,P0066,2.5,937.5,Завершен
VK88025,2019-02-18,CL00401,Люберцы,193969,P0062,2.5,937.5,Отказ
VK99091,2019-02-18,CL01014,Реутов,141053,P0086,2.0,750.0,Завершен
VK56129,2019-02-18,CL01057,Реутов,148546,P0115,2.0,750.0,Завершен
VK11294,2019-02-19,CL00665,Королёв,189463,P0078,1.5,562.5,Завершен
VK96885,2019-02-19,CL00148,Мытищи,175243,P0082,5.0,1875.0,Завершен
VK61707,2019-02-19,CL00271,Мытищи,187207,P0098,3.0,1125.0,Завершен
VK32400,2019-02-19,CL00956,Королёв,187445,P0095,0.5,187.5,Завершен
VK14115,2019-02-19,CL00276,Люберцы,156244,P0034,0.5,137.5,Завершен
VK70120,2019-02-19,CL00601,Королёв,139692,P0063,1.0,375.0,Завершен
VK47994,2019-02-19,CL01158,Химки,180375,P0094,0.5,187.5,Завершен
VK18022,2019-02-19,CL01146,Королёв,170855,P0120,2.5,937.5,Завершен
VK33480,2019-02-19,CL00120,Люберцы,149192,P0080,0.5,187.5,Завершен
VK43117,2019-02-19,CL00099,Подольск,150205,P0023,1.5,412.5,Завершен
VK39024,2019-02-19,CL01197,Люберцы,184004,P0095,1.5,562.5,Завершен
VK80729,2019-02-19,CL00842,Красногорск,133903,P0098,0.5,187.5,Завершен
VK97257,2019-02-19,CL00966,Люберцы,158073,P0015,2.5,687.5,Завершен
VK73237,2019-02-19,CL00419,Подольск,163471,P0036,5.0,1375.0,Отказ
VK23891,2019-02-20,CL00165,Королёв,190266,P0117,3.0,1125.0,Завершен
VK41006,2019-02-20,CL00827,Москва,143449,P0100,2.5,937.5,Завершен
VK68599,2019-02-20,CL00688,Москва,186298,P0008,0.5,137.5,Завершен
VK11667,2019-02-20,CL00062,Москава,191917,P0067,5.0,1875.0,Завершен
VK16019,2019-02-20,CL00033,Королёв,169615,P0009,0.5,137.5,Отказ
VK61167,2019-02-20,CL00991,Мытищи,133018,P0094,3.0,1125.0,Завершен
VK23346,2019-02-20,CL00328,Мытищи,155496,P0034,5.0,1375.0,Завершен
VK88176,2019-02-20,CL00790,Подольск,164629,P0068,2.5,937.5,Завершен
VK12265,2019-02-20,CL00373,Реутов,150678,P0038,1.5,412.5,Завершен
VK22725,2019-02-20,CL00975,Мытищи,141662,P0060,1.5,562.5,Завершен
VK84099,2019-02-20,CL00839,Химки,160846,P0005,2.5,687.5,Завершен
VK80957,2019-02-20,CL01133,Реутов,174925,P0019,1.0,275.0,Завершен
VK12556,2019-02-21,CL00085,Люберцы,126100,P0049,2.5,687.5,Завершен
VK71879,2019-02-21,CL00019,Мытищи,156498,P0054,3.0,1125.0,Завершен
VK94245,2019-02-21,CL00801,Москва,156047,P0087,1.0,375.0,Завершен
VK24810,2019-02-21,CL00136,Королёв,164332,P0079,5.0,1875.0,Отказ
VK66063,2019-02-21,CL00640,Королёв,174107,P0096,3.0,-1125.0,Завершен
VK26105,2019-02-21,CL00391,Люберцы,192279,P0080,1.5,562.5,Завершен
VK48748,2019-02-21,CL00822,Мытищи,119424,P0008,0.5,137.5,Завершен
VK43038,2019-02-21,CL00161,Москава,130595,P0022,1.5,412.5,Завершен
VK93257,2019-02-22,CL01105,Королёв,141342,P0047,1.0,275.0,Завершен
VK67616,2019-02-22,CL00477,Красногорск,184058,P0101,3.0,1125.0,Завершен
VK75392,2019-02-22,CL00676,Москва,115806,P0076,5.0,1875.0,Отказ
VK60960,2019-02-22,CL00703,Королёв,107212,P0030,1.5,412.5,Завершен
VK99749,2019-02-22,CL01004,Мытищи,198080,P0095,1.5,562.5,Завершен
VK88287,2019-02-22,CL00404,Королёв,167811,P0087,5.0,1875.0,Завершен
VK10800,2019-02-23,CL00922,Красногорск,184070,P0054,2.5,937.5,Завершен
VK27980,2019-02-23,CL00479,Москава,143343,P0019,2.0,550.0,Завершен
VK55573,2019-02-23,CL00215,Химки,163335,P0107,1.5,562.5,Завершен
VK88110,2019-02-23,CL00776,Красногорск,186787,P0050,1.0,275.0,Завершен
VK42654,2019-02-23,CL00487,Красногорск,194749,P0016,0.5,137.5,Отказ
VK34226,2019-02-23,CL00769,Подольск,124672,P0045,2.0,550.0,Завершен
VK18911,2019-02-23,CL00198,Мытищи,157711,P0027,0.5,137.5,Завершен
VK41041,2019-02-23,CL00916,Москва,195325,P0038,3.0,825.0,Завершен
VK93008,2019-02-23,CL00684,Химки,113168,P0083,5.0,1875.0,Завершен
VK65784,2019-02-23,CL00548,Москва,109742,P0066,2.0,750.0,Завершен
VK75844,2019-02-24,CL00507,Реутов,150132,P0094,0.5,187.5,Завершен
VK90602,2019-02-24,CL00228,Реутов,173048,P0024,1.5,412.5,Завершен
VK17174,2019-02-24,CL00901,Мытищи,187690,P0117,0.5,187.5,Завершен
VK79349,2019-02-24,CL00687,Люберцы,132527,P0095,1.5,562.5,Завершен
VK57614,2019-02-24,CL00346,Красногорск,154381,P0047,5.0,1375.0,Завершен
VK43859,2019-02-24,CL00867,Королёв,165598,P0007,1.5,412.5,Завершен
VK45290,2019-02-24,CL00349,Мытищи,abcde,P0083,2.0,750.0,Завершен
VK57988,2019-02-24,CL00566,Москва,141220,P0116,2.0,750.0,Завершен
VK28500,2019-02-24,CL01100,Королёв,130783,P0002,3.0,825.0,Завершен
VK79327,2019-02-24,CL00119,Подольск,114168,P0030,1.5,412.5,Завершен
VK48770,2019-02-24,CL00191,Королёв,158529,P0054,3.0,1125.0,Завершен
VK36630,2019-02-25,CL00632,Мытищи,190890,P0029,5.0,1375.0,Завершен
VK74006,2019-02-25,CL00855,Реутов,189228,P0079,0.5,187.5,Завершен
VK39130,2019-02-25,CL00184,Мытищи,114871,P0058,2.5,937.5,Завершен
VK38543,2019-02-25,CL00418,Люберцы,190257,P0016,1.0,275.0,Завершен
VK18997,2019-02-25,CL00976,Подольск,166209,P0093,2.0,750.0,Отказ
VK94450,2019-02-25,CL00793,Люберцы,134226,P0034,3.0,825.0,Завершен
VK33883,2019-02-25,CL00045,Москва,172692,P0111,2.5,937.5,Завершен
VK18204,2019-02-26,CL00755,Люберцы,119481,P0079,1.0,375.0,Завершен
VK68349,2019-02-26,CL00967,Красногорск,171645,P0045,1.5,412.5,Завершен
VK52823,2019-02-26,CL00272,Москва,178696,P0118,3.0,1125.0,Завершен
VK52917,2019-02-26,CL00940,Мытищи,125679,P0107,5.0,1875.0,Завершен
VK77090,2019-02-26,CL01024,Подольск,129269,P0087,3.0,1125.0,Завершен
VK83993,2019-02-26,CL00205,Мытищи,190964,P0117,0.5,187.5,Завершен
VK65686,2019-02-26,CL01083,Реутов,151792,P0021,5.0,1375.0,Завершен
VK48343,2019-02-26,CL00671,Мытищи,185054,P0049,3.0,825.0,Завершен
VK75085,2019-02-26,CL00256,Люберцы,104082,P0030,1.5,412.5,Завершен
VK68024,2019-02-26,CL00295,Реутов,192995,P0078,0.5,187.5,Завершен
VK66362,2019-02-27,CL00070,Люберцы,178193,P0033,2.0,550.0,Завершен
VK54755,2019-02-27,CL00578,Подольск,141507,P0093,1.5,562.5,Завершен
VK85381,2019-02-27,CL00350,Подольск,137601,P0020,0.5,137.5,Завершен
VK54614,2019-02-28,CL00443,Реутов,196904,P0118,5.0,1875.0,Завершен
VK21139,2019-02-28,CL00900,Красногорск,101671,P0088,1.0,375.0,Отказ
VK96975,2019-02-28,CL00238,Подольск,abcde,P0039,2.5,687.5,Завершен
VK47681,2019-02-28,CL01060,Реутов,162539,P0037,2.5,687.5,Завершен
VK61100,2019-02-28,CL00662,Мытищи,152129,P0116,1.0,375.0,Завершен
VK77449,2019-02-28,CL00800,Реутов,164349,P0036,1.5,412.5,Завершен
VK91166,2019-02-28,CL00049,Химки,134600,P0117,5.0,1875.0,Завершен
VK74261,2019-03-01,CL00652,Подольск,192281,P0072,1.5,562.5,Завершен
VK84844,2019-03-01,CL00513,Красногорск,abcde,P0083,1.5,562.5,Завершен
VK26569,2019-03-01,CL01161,Подольск,183478,P0051,1.5,562.5,Завершен
VK87638,2019-03-01,CL00702,Москва,156948,P0015,2.5,687.5,Завершен
VK19366,2019-03-01,CL00855,Реутов,189228,P0104,0.5,187.5,Завершен
VK70654,2019-03-01,CL01132,Подольск,183962,P0016,2.0,550.0,Завершен
VK96551,2019-03-01,CL00745,Мытищи,118322,P0099,3.0,1125.0,Завершен
VK19696,2019-03-01,CL00620,Королёв,153090,P0008,3.0,825.0,Завершен
VK79313,2019-03-01,CL00984,Москва,149146,P0044,5.0,1375.0,Завершен
VK89748,2019-03-01,CL01086,Красногорск,136242,P0065,2.5,937.5,Завершен
VK20741,2019-03-01,CL00927,Химки,149628,P0003,5.0,1375.0,Завершен
VK53013,2019-03-01,CL00113,Мытищи,198176,P0081,2.0,750.0,Отказ
VK38526,2019-03-02,CL00524,Реутов,141777,P0099,0.5,187.5,Отказ
VK79227,2019-03-02,CL01012,Красногорск,143036,P0062,3.0,1125.0,Отказ
VK66939,2019-03-02,CL00637,Красногорск,163518,P0120,2.5,937.5,Завершен
VK20736,2019-03-02,CL00758,Подольск,184233,P0097,5.0,1875.0,Завершен
VK74446,2019-03-02,CL00218,Люберцы,189889,P0002,2.5,687.5,Завершен
VK46058,2019-03-02,CL01025,Подольск,166900,P0081,5.0,1875.0,Завершен
VK12970,2019-03-02,CL00993,Королёв,156757,P0078,1.5,562.5,Завершен
VK96073,2019-03-02,CL00052,Красногорск,183507,P0083,3.0,1125.0,Завершен
VK85085,2019-03-02,CL00087,Королёв,182544,P0047,5.0,1375.0,Завершен
VK23810,2019-03-02,CL00605,Москва,147124,P0048,3.0,825.0,Завершен
VK79813,2019-03-03,CL00696,Люберцы,107925,P0060,0.5,187.5,Отказ
VK72168,2019-03-03,CL00584,Реутов,111101,P0096,1.0,375.0,Завершен
VK51307,2019-03-03,CL01200,Москва,163618,P0017,1.5,412.5,Завершен
VK65914,2019-03-03,CL01013,Подольск,147774,P0092,1.5,562.5,Завершен
VK79614,2019-03-03,CL00940,Мытищи,125679,P0029,0.5,-137.5,Завершен
VK23246,2019-03-03,CL00261,Реутов,169541,P0076,1.5,562.5,Завершен
VK26124,2019-03-03,CL00409,Мытищи,183238,P0016,5.0,1375.0,Завершен
VK17994,2019-03-03,CL00138,Химки,176225,P0073,0.5,187.5,Завершен
VK70429,2019-03-03,CL00120,Люберцы,149192,P0111,1.0,375.0,Завершен
VK54990,2019-03-03,CL00253,Реутов,abcde,P0017,1.0,275.0,Завершен
VK76801,2019-03-04,CL00906,Люберцы,188705,P0107,1.0,375.0,Завершен
VK84494,2019-03-04,CL01024,Подольск,129269,P0026,3.0,825.0,Завершен
VK41718,2019-03-04,CL00297,Подольск,181018,P0107,1.0,375.0,Завершен
VK10932,2019-03-04,CL01087,Химки,152947,P0113,5.0,1875.0,Завершен
VK52173,2019-03-04,CL00197,Королёв,116547,P0104,3.0,1125.0,Завершен
VK66387,2019-03-04,CL00525,Реутов,149343,XXX999,5.0,1375.0,Завершен
VK48259,2019-03-04,CL01005,Химки,184663,P0086,0.5,187.5,Завершен
VK21265,2019-03-04,CL00815,Подольск,199246,P0049,2.0,550.0,Завершен
VK60572,2019-03-04,CL00925,Королёв,109812,P0061,3.0,1125.0,Завершен
VK86648,2019-03-04,CL00257,Королёв,155872,P0002,5.0,1375.0,Завершен
VK56801,2019-03-04,CL01180,Москва,136188,P0077,2.0,750.0,Завершен
VK25163,2019-03-04,CL00767,Подольск,177662,P0047,1.5,412.5,Завершен
VK42256,2019-03-04,CL00670,Люберцы,147242,P0095,0.5,187.5,Завершен
VK90405,2019-03-04,CL01194,Реутов,102453,P0031,2.0,550.0,Завершен
VK76592,2019-03-04,CL01179,Мытищи,156906,P0028,0.5,137.5,Завершен
VK33817,2019-03-04,CL00866,Королёв,183151,P0090,1.0,375.0,Завершен
VK30762,2019-03-04,CL00703,Москава,107212,P0020,2.0,550.0,Отказ
VK44812,2019-03-05,CL00901,Мытищи,187690,P0027,1.5,412.5,Завершен
VK26310,2019-03-05,CL00051,Реутов,105778,P0042,0.5,137.5,Завершен
VK83428,2019-03-05,CL00987,Москва,127627,P0083,0.5,187.5,Завершен
VK74279,2019-03-05,CL00431,Москва,178317,P0071,2.5,937.5,Отказ
VK28705,2019-03-05,CL00717,Мытищи,106903,P0051,1.0,375.0,Отказ
VK65341,2019-03-05,CL00500,Мытищи,158390,P0051,2.0,750.0,Завершен
VK76730,2019-03-05,CL00993,Королёв,156757,P0052,1.0,375.0,Завершен
VK93068,2019-03-05,CL00497,Мытищи,171781,P0104,5.0,1875.0,Завершен
VK69413,2019-03-05,CL00459,Химки,164094,P0055,1.5,562.5,Завершен
VK85892,2019-03-05,CL00842,Красногорск,133903,P0061,0.5,187.5,Завершен
VK37710,2019-03-05,CL00873,Москва,135851,P0087,1.0,375.0,Завершен
VK85383,2019-03-05,CL01156,Реутов,121400,P0116,0.5,187.5,Завершен
VK74919,2019-03-05,CL00033,Королёв,169615,P0016,5.0,1375.0,Отказ
VK53076,2019-03-06,CL00670,Люберцы,147242,P0011,5.0,1375.0,Завершен
VK69464,2019-03-06,CL00149,Королёв,144657,P0120,2.5,937.5,Завершен
VK26159,2019-03-06,CL00922,Красногорск,184070,P0061,1.0,375.0,Завершен
VK35761,2019-03-06,CL00582,Мытищи,146388,P0043,2.0,550.0,Завершен
VK65681,2019-03-06,CL00126,Красногорск,160258,XXX999,0.5,187.5,Завершен
VK83393,2019-03-06,CL00428,Королёв,140441,P0022,5.0,1375.0,Завершен
VK60298,2019-03-06,CL00509,Красногорск,170419,P0118,0.5,-187.5,Завершен
VK45519,2019-03-06,CL00251,Подольск,131186,P0052,5.0,1875.0,Завершен
VK14602,2019-03-06,CL00738,Красногорск,170244,P0018,5.0,1375.0,Завершен
VK37297,2019-03-06,CL00428,Королёв,140441,P0057,1.0,375.0,Завершен
VK78513,2019-03-06,CL00803,Химки,127125,P0048,2.5,687.5,Завершен
VK36941,2019-03-06,CL00490,Подольск,165866,P0025,0.5,137.5,Завершен
VK93481,2019-03-07,CL00803,Химки,127125,P0007,1.5,412.5,Завершен
VK13039,2019-03-07,CL00824,Красногорск,134620,P0039,5.0,1375.0,Завершен
VK61891,2019-03-07,CL00233,Химки,183283,P0031,1.0,275.0,Завершен
VK31870,2019-03-07,CL00295,Реутов,192995,P0035,1.0,275.0,Завершен
VK18889,2019-03-07,CL00278,Красногорск,123777,P0093,0.5,187.5,Завершен
VK40493,2019-03-07,CL00567,Химки,198599,P0115,3.0,1125.0,Завершен
VK95507,2019-03-07,CL00827,Москва,143449,P0099,0.5,187.5,Завершен
VK27557,2019-03-07,CL00034,Москва,abcde,P0098,1.5,562.5,Завершен
VK46634,2019-03-07,CL00281,Реутов,120631,XXX999,0.5,137.5,Завершен
VK74847,2019-03-07,CL00486,Реутов,198796,P0048,0.5,137.5,Отказ
VK46313,2019-03-08,CL00178,Королёв,124586,P0050,1.0,275.0,Завершен
VK13691,2019-03-08,CL00234,Люберцы,115292,P0044,2.5,687.5,Завершен
VK83140,2019-03-08,CL01117,Реутов,123578,P0053,2.5,937.5,Завершен
VK61088,2019-03-08,CL00028,Москва,100282,P0034,2.0,550.0,Завершен
VK85279,2019-03-08,CL01025,Подольск,166900,P0004,1.5,412.5,Завершен
VK33259,2019-03-08,CL00293,Мытищи,197260,P0011,2.0,550.0,Завершен
VK75012,2019-03-08,CL00120,Люберцы,149192,P0101,1.5,562.5,Отказ
VK28894,2019-03-08,CL00262,Королёв,156387,XXX999,5.0,1875.0,Завершен
VK50039,2019-03-09,CL00509,Красногорск,170419,P0011,0.5,137.5,Отказ
VK23004,2019-03-09,CL00875,Мытищи,156847,P0008,2.0,550.0,Завершен
VK16587,2019-03-09,CL00154,Химки,149856,P0001,3.0,825.0,Завершен
VK81585,2019-03-09,CL00577,Мытищи,120214,P0050,2.0,550.0,Отказ
VK95563,2019-03-09,CL00865,Люберцы,abcde,P0118,2.0,750.0,Завершен
VK29850,2019-03-09,CL00811,Москава,170968,P0068,1.0,375.0,Отказ
VK87929,2019-03-09,CL00658,Реутов,109898,P0008,5.0,1375.0,Отказ
VK40991,2019-03-09,CL00216,Химки,147049,P0112,1.5,562.5,Завершен
VK21727,2019-03-10,CL00019,Мытищи,156498,P0013,1.0,275.0,Завершен
VK14536,2019-03-10,CL01172,Москва,193674,P0118,1.0,375.0,Завершен
VK31003,2019-03-10,CL00951,Королёв,118111,P0066,3.0,1125.0,Завершен
VK80849,2019-03-10,CL00542,Москва,176550,P0058,0.5,187.5,Завершен
VK15407,2019-03-10,CL00144,Люберцы,125443,P0036,5.0,1375.0,Завершен
VK19905,2019-03-10,CL00790,Подольск,164629,P0034,3.0,825.0,Завершен
VK28682,2019-03-10,CL00299,Реутов,168676,P0057,3.0,1125.0,Завершен
VK43277,2019-03-10,CL00785,Мытищи,abcde,P0046,1.0,275.0,Завершен
VK46612,2019-03-10,CL00507,Реутов,150132,P0105,1.5,562.5,Завершен
VK24663,2019-03-10,CL01047,Москва,195417,P0063,3.0,1125.0,Завершен
VK31913,2019-03-10,CL01169,Мытищи,119148,P0064,2.0,750.0,Завершен
VK18965,2019-03-10,CL00707,Мытищи,103847,P0082,2.5,937.5,Завершен
VK69609,2019-03-10,CL00198,Мытищи,157711,P0061,2.0,750.0,Завершен
VK63354,2019-03-10,CL00473,Москва,122946,P0064,1.5,562.5,Завершен
VK28966,2019-03-10,CL00226,Люберцы,144396,P0112,0.5,187.5,Завершен
VK49522,2019-03-10,CL01080,Химки,178579,P0084,5.0,1875.0,Завершен
VK28601,2019-03-11,CL00572,Мытищи,180460,P0081,1.5,562.5,Завершен
VK97073,2019-03-11,CL00986,Красногорск,112577,P0083,3.0,1125.0,Завершен
VK45598,2019-03-11,CL00498,Подольск,168202,P0047,3.0,825.0,Отказ
VK68468,2019-03-11,CL00014,Химки,100942,P0067,1.5,562.5,Завершен
VK33631,2019-03-11,CL01158,Химки,180375,P0013,5.0,1375.0,Завершен
VK37294,2019-03-11,CL00751,Москва,106637,P0018,2.0,550.0,Завершен
VK94089,2019-03-11,CL00824,Красногорск,134620,P0118,3.0,1125.0,Завершен
VK22369,2019-03-11,CL00396,Люберцы,120644,P0102,3.0,1125.0,Завершен
VK71646,2019-03-11,CL00923,Подольск,173183,P0048,1.0,275.0,Завершен
VK71029,2019-03-11,CL00527,Подольск,107552,P0060,2.0,750.0,Отказ
VK83032,2019-03-11,CL00076,Люберцы,142753,P0119,2.5,937.5,Завершен
VK23933,2019-03-12,CL00284,Мытищи,186761,P0084,0.5,-187.5,Завершен
VK51899,2019-03-12,CL00113,Мытищи,198176,P0017,2.5,687.5,Завершен
VK21916,2019-03-12,CL00533,Королёв,abcde,P0117,2.5,937.5,Завершен
VK80843,2019-03-12,CL00235,Москва,139893,P0066,1.0,375.0,Завершен
VK47425,2019-03-12,CL01032,Реутов,159591,P0073,2.0,750.0,Завершен
VK80236,2019-03-12,CL00646,Люберцы,104224,P0046,3.0,825.0,Завершен
VK82876,2019-03-12,CL00591,Москва,143544,P0001,2.0,550.0,Завершен
VK77331,2019-03-12,CL00864,Реутов,143426,P0093,2.0,750.0,Завершен
VK38035,2019-03-12,CL01133,Реутов,174925,P0089,3.0,1125.0,Завершен
VK36424,2019-03-13,CL00213,Подольск,145293,P0116,5.0,1875.0,Завершен
VK91962,2019-03-13,CL00051,Реутов,105778,P0031,2.0,550.0,Завершен
VK52734,2019-03-13,CL00776,Красногорск,186787,P0107,1.0,375.0,Завершен
VK45260,2019-03-13,CL00027,Реутов,128016,P0111,1.0,375.0,Завершен
VK68857,2019-03-13,CL00646,Люберцы,104224,P0093,2.5,937.5,Завершен
VK25370,2019-03-13,CL00638,Химки,173607,P0090,0.5,187.5,Завершен
VK79177,2019-03-13,CL00631,Подольск,131270,P0113,1.0,375.0,Завершен
VK66582,2019-03-13,CL00856,Москва,138745,P0035,2.0,550.0,Завершен
VK11275,2019-03-13,CL00762,Москава,103840,P0049,1.0,275.0,Завершен
VK31823,2019-03-13,CL00176,Москва,141224,P0059,1.0,375.0,Отказ
VK74443,2019-03-13,CL00178,Королёв,124586,P0098,1.0,375.0,Завершен
VK84465,2019-03-14,CL00573,Красногорск,135825,P0002,2.5,687.5,Завершен
VK25612,2019-03-14,CL00309,Подольск,161462,P0065,0.5,187.5,Завершен
VK13033,2019-03-14,CL00951,Королёв,118111,P0104,2.0,750.0,Завершен
VK22103,2019-03-14,CL00539,Королёв,194688,P0109,2.5,937.5,Завершен
VK92283,2019-03-14,CL00895,Подольск,113751,P0080,2.0,750.0,Завершен
VK28201,2019-03-14,CL01126,Королёв,134048,P0104,1.0,375.0,Завершен
VK69866,2019-03-14,CL00725,Химки,183354,P0081,3.0,1125.0,Завершен
VK98244,2019-03-14,CL00573,Красногорск,135825,P0080,3.0,1125.0,Завершен
VK85650,2019-03-14,CL00070,Люберцы,178193,P0082,2.5,937.5,Завершен
VK90973,2019-03-14,CL00763,Москва,161824,P0099,3.0,1125.0,Завершен
VK81011,2019-03-14,CL00933,Химки,abcde,P0051,0.5,187.5,Завершен
VK16640,2019-03-15,CL00096,Королёв,135992,P0060,2.0,750.0,Завершен
VK87265,2019-03-15,CL00085,Люберцы,126100,P0036,0.5,137.5,Завершен
VK38720,2019-03-15,CL01124,Реутов,121409,P0003,2.5,687.5,Завершен
VK22685,2019-03-15,CL00046,Мытищи,117601,P0073,1.0,-375.0,Завершен
VK68414,2019-03-15,CL00295,Реутов,192995,P0031,3.0,825.0,Завершен
VK78601,2019-03-15,CL00815,Подольск,199246,P0014,0.5,137.5,Завершен
VK96789,2019-03-15,CL01076,Мытищи,194960,P0051,0.5,187.5,Завершен
VK58415,2019-03-15,CL00682,Подольск,194690,P0037,2.5,687.5,Завершен
VK75699,2019-03-15,CL00316,Красногорск,165715,XXX999,3.0,1125.0,Завершен
VK50507,2019-03-15,CL00325,Красногорск,185990,XXX999,1.0,275.0,Завершен
VK34787,2019-03-15,CL00230,Мытищи,188188,P0024,1.0,275.0,Завершен
VK45826,2019-03-16,CL00481,Москва,138669,P0008,2.5,687.5,Завершен
VK67883,2019-03-16,CL00379,Подольск,146077,P0085,5.0,1875.0,Завершен
VK22516,2019-03-16,CL00970,Реутов,136583,P0068,1.0,375.0,Завершен
VK44995,2019-03-16,CL00851,Люберцы,114169,P0085,0.5,187.5,Завершен
VK28255,2019-03-16,CL01028,Подольск,174162,P0119,3.0,1125.0,Завершен
VK22006,2019-03-16,CL01038,Королёв,100864,P0095,3.0,1125.0,Завершен
VK28058,2019-03-16,CL00493,Подольск,179395,P0094,3.0,1125.0,Завершен
VK68554,2019-03-16,CL00071,Красногорск,141114,P0033,3.0,825.0,Завершен
VK47877,2019-03-16,CL00787,Королёв,127483,P0083,2.5,937.5,Завершен
VK12280,2019-03-17,CL00064,Химки,160332,P0041,1.5,412.5,Завершен
VK30902,2019-03-17,CL00086,Москва,162277,P0049,0.5,137.5,Завершен
VK83402,2019-03-17,CL00708,Реутов,108371,P0112,2.5,937.5,Отказ
VK53517,2019-03-17,CL01021,Мытищи,166476,P0067,1.0,375.0,Завершен
VK99996,2019-03-17,CL00654,Подольск,153948,P0097,0.5,187.5,Завершен
VK92358,2019-03-17,CL00001,Люберцы,159470,P0107,2.0,750.0,Завершен
VK38713,2019-03-18,CL00012,Королёв,159177,P0022,2.0,550.0,Завершен
VK63529,2019-03-18,CL00007,Мытищи,109071,P0069,0.5,187.5,Завершен
VK26749,2019-03-18,CL00883,Люберцы,168195,P0031,0.5,137.5,Отказ
VK28785,2019-03-18,CL00944,Королёв,177242,P0014,2.5,687.5,Завершен
VK21761,2019-03-18,CL00168,Красногорск,103390,P0076,2.0,750.0,Отказ
VK33039,2019-03-18,CL00247,Химки,130539,P0120,3.0,1125.0,Завершен
VK26666,2019-03-18,CL00046,Мытищи,abcde,P0031,1.0,275.0,Завершен
VK92201,2019-03-18,CL00455,Красногорск,160249,P0049,2.5,687.5,Завершен
VK21740,2019-03-18,CL00873,Москва,135851,P0118,2.0,750.0,Отказ
VK44667,2019-03-18,CL00147,Подольск,198669,P0023,1.0,275.0,Отказ
VK11511,2019-03-18,CL00488,Люберцы,190802,P0050,2.5,687.5,Завершен
VK67045,2019-03-18,CL00402,Реутов,175353,P0004,2.0,550.0,Завершен
VK60176,2019-03-19,CL00783,Москва,141709,P0077,5.0,1875.0,Завершен
VK24034,2019-03-19,CL01152,Подольск,161498,P0099,5.0,1875.0,Завершен
VK41011,2019-03-19,CL00695,Мытищи,108851,P0102,2.5,937.5,Отказ
VK92040,2019-03-19,CL00496,Королёв,147419,P0111,0.5,187.5,Завершен
VK50517,2019-03-19,CL01086,Красногорск,abcde,P0013,1.0,275.0,Завершен
VK44009,2019-03-19,CL00256,Люберцы,104082,P0099,2.0,750.0,Завершен
VK65293,2019-03-19,CL00768,Красногорск,103697,P0096,1.0,375.0,Завершен
VK63717,2019-03-19,CL00339,Королёв,150052,P0051,0.5,187.5,Завершен
VK51661,2019-03-19,CL00906,Люберцы,188705,P0068,2.5,937.5,Завершен
VK56017,2019-03-20,CL01053,Москава,168512,P0054,3.0,1125.0,Завершен
VK30007,2019-03-20,CL00747,Химки,148790,P0106,3.0,1125.0,Завершен
VK20038,2019-03-20,CL01157,Реутов,110382,P0016,5.0,1375.0,Завершен
VK63578,2019-03-20,CL00306,Подольск,182306,P0008,2.5,687.5,Завершен
VK76930,2019-03-20,CL00072,Мытищи,175574,P0118,5.0,1875.0,Завершен
VK91729,2019-03-20,CL00218,Люберцы,189889,P0075,5.0,1875.0,Завершен
VK20553,2019-03-20,CL00460,Королёв,194589,P0009,1.5,412.5,Завершен
VK17876,2019-03-20,CL00656,Химки,142217,P0099,3.0,1125.0,Завершен
VK11971,2019-03-20,CL00958,Мытищи,119048,P0066,3.0,1125.0,Завершен
VK24267,2019-03-20,CL00672,Москва,140043,P0081,0.5,-187.5,Завершен
VK75614,2019-03-20,CL00470,Подольск,162350,P0068,5.0,-1875.0,Завершен
VK32553,2019-03-21,CL00225,Люберцы,133681,P0043,1.5,412.5,Завершен
VK96497,2019-03-21,CL00399,Красногорск,148353,P0024,0.5,137.5,Завершен
VK47100,2019-03-21,CL01181,Реутов,101170,P0059,3.0,1125.0,Завершен
VK26216,2019-03-21,CL00106,Москва,187670,P0006,3.0,825.0,Завершен
VK90276,2019-03-21,CL00715,Реутов,132540,P0100,0.5,187.5,Завершен
VK81657,2019-03-21,CL00757,Королёв,136670,P0108,2.0,750.0,Завершен
VK29235,2019-03-21,CL00688,Москва,186298,P0036,2.5,687.5,Отказ
VK97646,2019-03-21,CL00249,Люберцы,118964,XXX999,2.0,750.0,Завершен
VK39536,2019-03-21,CL00284,Мытищи,186761,P0047,2.0,550.0,Завершен
VK50757,2019-03-22,CL00054,Москва,190573,P0028,3.0,825.0,Завершен
VK79191,2019-03-22,CL00235,Москва,139893,P0072,2.5,937.5,Завершен
VK41420,2019-03-22,CL00828,Москва,135203,P0032,2.0,550.0,Отказ
VK94129,2019-03-22,CL00659,Реутов,136467,P0075,2.0,750.0,Завершен
VK16929,2019-03-22,CL00869,Подольск,126253,P0069,5.0,1875.0,Завершен
VK18189,2019-03-22,CL00736,Химки,176638,P0099,0.5,187.5,Завершен
VK87945,2019-03-22,CL00819,Люберцы,195302,P0111,3.0,1125.0,Завершен
VK87624,2019-03-22,CL01145,Москва,146771,P0058,2.0,750.0,Завершен
VK16487,2019-03-22,CL00333,Москава,181006,P0059,2.5,937.5,Завершен
VK46178,2019-03-22,CL00672,Москва,140043,P0067,0.5,187.5,Отказ
VK37506,2019-03-22,CL00691,Королёв,131599,P0019,0.5,137.5,Завершен
VK72238,2019-03-22,CL00684,Химки,113168,P0057,1.5,562.5,Завершен
VK24016,2019-03-22,CL01080,Химки,178579,P0100,5.0,1875.0,Завершен
VK22963,2019-03-22,CL00833,Химки,153368,P0104,5.0,1875.0,Завершен
VK95489,2019-03-22,CL00049,Химки,134600,P0071,2.5,937.5,Завершен
VK16675,2019-03-23,CL00874,Подольск,120766,P0090,3.0,1125.0,Завершен
VK22913,2019-03-23,CL00563,Мытищи,105577,P0029,3.0,825.0,Завершен
VK93379,2019-03-23,CL00695,Мытищи,108851,P0088,2.5,937.5,Завершен
VK53077,2019-03-23,CL00347,Реутов,130903,P0051,2.0,750.0,Завершен
VK11235,2019-03-23,CL00124,Мытищи,144725,P0093,5.0,1875.0,Завершен
VK37005,2019-03-23,CL00942,Королёв,124979,P0113,3.0,1125.0,Завершен
VK54262,2019-03-23,CL00032,Москва,abcde,P0092,2.0,750.0,Завершен
VK25647,2019-03-23,CL00679,Красногорск,139223,P0052,2.5,937.5,Завершен
VK39713,2019-03-24,CL00681,Подольск,173831,P0061,5.0,1875.0,Отказ
VK64460,2019-03-24,CL00535,Королёв,191177,XXX999,2.0,550.0,Завершен
VK82420,2019-03-24,CL01088,Люберцы,166353,P0045,0.5,137.5,Завершен
VK90683,2019-03-24,CL00246,Химки,172641,P0020,3.0,825.0,Завершен
VK30267,2019-03-24,CL00816,Подольск,121910,P0018,2.0,550.0,Завершен
VK54413,2019-03-25,CL01114,Люберцы,180358,P0064,2.5,937.5,Завершен
VK68642,2019-03-25,CL00061,Красногорск,153964,P0011,5.0,1375.0,Завершен
VK23899,2019-03-25,CL00726,Красногорск,186154,P0054,2.0,750.0,Завершен
VK47590,2019-03-25,CL00053,Подольск,172309,P0035,0.5,137.5,Завершен
VK81963,2019-03-25,CL00233,Химки,183283,P0036,2.5,687.5,Отказ
VK71016,2019-03-25,CL00587,Мытищи,136170,XXX999,1.5,412.5,Завершен
VK14125,2019-03-25,CL00672,Москава,140043,P0089,5.0,1875.0,Завершен
VK67997,2019-03-26,CL00766,Химки,150911,P0070,0.5,187.5,Завершен
VK18689,2019-03-26,CL00905,Королёв,122898,P0040,3.0,825.0,Завершен
VK25518,2019-03-26,CL00195,Красногорск,192435,P0078,2.0,750.0,Завершен
VK57798,2019-03-26,CL00429,Москва,151543,P0019,1.0,275.0,Завершен
VK28617,2019-03-26,CL00311,Москава,140685,P0053,3.0,1125.0,Завершен
VK25130,2019-03-26,CL00676,Москва,115806,P0071,0.5,187.5,Завершен
VK49084,2019-03-26,CL01173,Реутов,158059,P0010,5.0,1375.0,Завершен
VK19528,2019-03-26,CL00077,Люберцы,125144,P0047,5.0,1375.0,Завершен
VK11264,2019-03-26,CL01090,Люберцы,175352,P0067,0.5,187.5,Завершен
VK16084,2019-03-26,CL00476,Москва,174443,P0001,1.0,275.0,Завершен
VK43820,2019-03-26,CL00962,Красногорск,113432,P0046,5.0,1375.0,Завершен
VK16140,2019-03-27,CL00881,Подольск,165973,P0087,1.5,562.5,Завершен
VK19341,2019-03-27,CL00343,Люберцы,121012,P0056,1.0,375.0,Завершен
VK57805,2019-03-27,CL00513,Красногорск,124704,P0067,2.0,750.0,Завершен
VK82096,2019-03-27,CL00628,Реутов,176939,P0009,5.0,-1375.0,Завершен
VK62989,2019-03-27,CL00991,Мытищи,133018,P0080,2.0,750.0,Завершен
VK40289,2019-03-27,CL01184,Красногорск,199557,P0035,3.0,825.0,Завершен
VK90539,2019-03-27,CL00966,Люберцы,158073,P0058,3.0,1125.0,Завершен
VK50613,2019-03-27,CL00922,Красногорск,184070,P0112,5.0,1875.0,Завершен
VK10411,2019-03-27,CL00388,Красногорск,185139,P0100,2.5,937.5,Отказ
VK25530,2019-03-27,CL01046,Москва,123597,P0112,1.5,562.5,Отказ
VK59332,2019-03-28,CL01128,Москва,146018,P0037,1.5,412.5,Завершен
VK15978,2019-03-28,CL01143,Реутов,132426,P0061,5.0,1875.0,Завершен
VK88454,2019-03-28,CL00206,Москва,107355,P0030,5.0,1375.0,Завершен
VK60246,2019-03-28,CL01195,Химки,108302,P0094,2.0,750.0,Завершен
VK48367,2019-03-28,CL00029,Люберцы,159638,P0034,0.5,137.5,Завершен
VK58471,2019-03-28,CL00020,Реутов,195561,P0031,2.0,550.0,Завершен
VK60367,2019-03-29,CL00771,Москва,128679,P0116,2.0,750.0,Завершен
VK95503,2019-03-29,CL00671,Мытищи,185054,XXX999,5.0,1375.0,Завершен
VK94045,2019-03-29,CL00079,Реутов,100053,XXX999,2.0,750.0,Завершен
VK97107,2019-03-29,CL00183,Подольск,101792,P0087,5.0,1875.0,Завершен
VK22806,2019-03-29,CL00717,Мытищи,106903,P0017,3.0,825.0,Отказ
VK39919,2019-03-29,CL00322,Красногорск,112387,P0001,2.0,550.0,Завершен
VK34341,2019-03-29,CL00669,Подольск,139566,P0018,2.5,687.5,Отказ
VK19554,2019-03-29,CL00611,Красногорск,163277,P0094,2.0,750.0,Завершен
VK52508,2019-03-29,CL00910,Мытищи,144921,P0030,5.0,1375.0,Завершен
VK33732,2019-03-29,CL00697,Люберцы,165673,P0028,3.0,825.0,Завершен
VK28135,2019-03-30,CL00627,Люберцы,164157,P0080,2.0,750.0,Завершен
VK38559,2019-03-30,CL00229,Мытищи,101824,P0018,1.5,412.5,Завершен
VK76053,2019-03-30,CL00360,Мытищи,171313,P0062,2.5,937.5,Завершен
VK16831,2019-03-30,CL00117,Химки,133586,P0033,5.0,1375.0,Завершен
VK13959,2019-03-30,CL01182,Королёв,120315,P0065,2.0,750.0,Завершен
VK78592,2019-03-30,CL00981,Химки,180439,P0062,5.0,1875.0,Завершен
VK40638,2019-03-30,CL00158,Подольск,abcde,P0044,2.0,550.0,Завершен
VK53857,2019-03-30,CL01006,Подольск,180856,P0020,1.0,275.0,Отказ
VK40843,2019-03-30,CL00036,Реутов,174668,P0020,5.0,1375.0,Завершен
VK13329,2019-03-30,CL00882,Подольск,105992,P0054,1.5,562.5,Отказ
VK96014,2019-03-31,CL00893,Подольск,189881,P0025,1.5,412.5,Завершен
VK69012,2019-03-31,CL00273,Красногорск,166507,P0082,3.0,1125.0,Завершен
VK75561,2019-03-31,CL00817,Химки,155492,P0034,0.5,137.5,Завершен
VK75511,2019-03-31,CL01162,Королёв,181625,P0005,2.5,687.5,Завершен
VK43382,2019-03-31,CL00484,Мытищи,118430,P0064,3.0,1125.0,Завершен
VK20089,2019-03-31,CL00218,Люберцы,189889,P0118,1.0,375.0,Завершен
VK13620,2019-03-31,CL01155,Москва,124716,P0042,2.5,687.5,Завершен
VK79070,2019-03-31,CL00535,Королёв,191177,P0069,1.0,375.0,Завершен
VK33714,2019-03-31,CL01019,Люберцы,118350,P0034,1.5,412.5,Завершен
VK62748,2019-03-31,CL00428,Королёв,140441,P0077,2.0,750.0,Завершен
VK69695,2019-03-31,CL00505,Москва,109046,P0092,3.0,1125.0,Завершен
VK17816,2019-03-31,CL00868,Реутов,154146,P0025,3.0,825.0,Завершен
VK33616,2019-04-01,CL00380,Москва,146210,P0045,1.0,275.0,Отказ
VK84532,2019-04-01,CL00567,Химки,198599,P0080,3.0,1125.0,Завершен
VK22537,2019-04-01,CL00610,Королёв,160694,P0072,5.0,1875.0,Завершен
VK62103,2019-04-01,CL01130,Красногорск,163896,P0112,1.5,562.5,Завершен
VK20149,2019-04-01,CL00532,Мытищи,199837,P0027,1.5,412.5,Завершен
VK13312,2019-04-01,CL01015,Химки,183995,P0035,0.5,137.5,Завершен
VK70889,2019-04-01,CL00807,Подольск,149996,P0110,5.0,1875.0,Отказ
VK38316,2019-04-01,CL00434,Реутов,152505,P0070,5.0,1875.0,Отказ
VK62436,2019-04-01,CL00916,Москва,195325,P0070,5.0,1875.0,Завершен
VK15156,2019-04-01,CL00577,Мытищи,120214,P0015,1.0,275.0,Завершен
VK14312,2019-04-01,CL00765,Химки,196607,P0045,1.5,412.5,Завершен
VK37351,2019-04-01,CL00867,Королёв,165598,P0029,1.5,412.5,Завершен
VK70140,2019-04-01,CL00598,Подольск,172102,P0092,1.0,375.0,Завершен
VK82095,2019-04-02,CL00483,Реутов,111368,P0094,2.5,937.5,Завершен
VK89118,2019-04-02,CL00111,Химки,144236,P0027,1.5,412.5,Завершен
VK39473,2019-04-02,CL00920,Красногорск,190209,P0091,1.0,375.0,Завершен
VK30709,2019-04-02,CL00889,Реутов,133526,P0041,1.0,275.0,Завершен
VK80899,2019-04-02,CL00034,Москва,110500,P0097,5.0,1875.0,Завершен
VK85050,2019-04-02,CL00173,Мытищи,153523,P0034,5.0,1375.0,Отказ
VK39125,2019-04-02,CL00664,Красногорск,144270,P0061,0.5,187.5,Завершен
VK49120,2019-04-02,CL00388,Красногорск,185139,P0076,1.5,562.5,Завершен
VK66261,2019-04-02,CL00197,Королёв,116547,P0056,5.0,1875.0,Завершен
VK66419,2019-04-02,CL00956,Королёв,187445,P0045,0.5,137.5,Завершен
VK61790,2019-04-02,CL00952,Люберцы,171802,P0078,3.0,1125.0,Завершен
VK32497,2019-04-02,CL00997,Люберцы,139498,P0050,3.0,825.0,Завершен
VK82478,2019-04-02,CL00141,Люберцы,115814,P0020,2.0,550.0,Завершен
VK36923,2019-04-02,CL00356,Мытищи,165513,P0083,3.0,1125.0,Завершен
VK91714,2019-04-02,CL00554,Люберцы,191469,P0018,2.5,687.5,Завершен
VK23537,2019-04-03,CL00351,Подольск,161487,P0067,3.0,1125.0,Завершен
VK32512,2019-04-03,CL00828,Москва,135203,P0017,2.5,687.5,Завершен
VK34401,2019-04-03,CL01093,Москва,133792,P0031,2.5,687.5,Отказ
VK58680,2019-04-03,CL01168,Красногорск,104159,P0020,5.0,1375.0,Отказ
VK49228,2019-04-03,CL00508,Реутов,189486,P0036,5.0,1375.0,Завершен
VK14269,2019-04-03,CL00423,Красногорск,116059,P0104,5.0,1875.0,Завершен
VK85028,2019-04-03,CL01178,Химки,106827,P0107,1.5,562.5,Завершен
VK18812,2019-04-04,CL00412,Подольск,194454,P0039,1.0,275.0,Завершен
VK59052,2019-04-04,CL00290,Люберцы,115726,P0075,0.5,187.5,Завершен
VK55095,2019-04-04,CL00396,Люберцы,120644,P0094,3.0,1125.0,Завершен
VK24879,2019-04-04,CL00883,Люберцы,168195,P0107,5.0,1875.0,Завершен
VK39654,2019-04-04,CL00529,Химки,143288,P0095,2.5,937.5,Завершен
VK99515,2019-04-04,CL00455,Красногорск,160249,P0043,1.5,412.5,Завершен
VK63060,2019-04-04,CL00597,Красногорск,173905,P0080,0.5,187.5,Завершен
VK82664,2019-04-04,CL00235,Москва,139893,P0015,2.5,687.5,Завершен
VK37282,2019-04-04,CL01086,Красногорск,136242,P0013,5.0,1375.0,Завершен
VK90581,2019-04-05,CL00603,Реутов,178372,P0052,5.0,1875.0,Завершен
VK25453,2019-04-05,CL01112,Реутов,142655,P0065,1.0,375.0,Завершен
VK75065,2019-04-05,CL00246,Химки,172641,P0097,1.0,375.0,Завершен
VK73061,2019-04-05,CL00651,Москва,169767,P0001,2.0,550.0,Завершен
VK58718,2019-04-05,CL00255,Королёв,180623,P0080,2.0,750.0,Завершен
VK11951,2019-04-05,CL00732,Мытищи,108163,P0079,1.5,562.5,Завершен
VK45153,2019-04-05,CL01143,Реутов,132426,P0001,2.0,550.0,Завершен
VK36627,2019-04-05,CL01096,Люберцы,112190,P0118,3.0,1125.0,Отказ
VK22817,2019-04-05,CL00651,Москва,169767,P0087,2.0,750.0,Завершен
VK61842,2019-04-05,CL01169,Мытищи,119148,P0062,2.5,937.5,Завершен
VK40025,2019-04-05,CL00587,Мытищи,136170,P0089,2.0,750.0,Отказ
VK40424,2019-04-05,CL00532,Мытищи,199837,P0045,0.5,137.5,Завершен
VK65515,2019-04-05,CL00180,Химки,117172,P0028,3.0,825.0,Завершен
VK39958,2019-04-06,CL00182,Москва,179806,P0087,2.0,750.0,Завершен
VK87737,2019-04-06,CL00614,Химки,145652,P0044,0.5,137.5,Отказ
VK79867,2019-04-06,CL00954,Красногорск,117389,P0041,1.0,275.0,Завершен
VK28013,2019-04-06,CL01168,Красногорск,104159,P0011,1.5,412.5,Завершен
VK31786,2019-04-06,CL00042,Мытищи,166307,P0022,1.5,-412.5,Отказ
VK56377,2019-04-06,CL00284,Мытищи,186761,P0071,3.0,1125.0,Завершен
VK53498,2019-04-06,CL01069,Люберцы,175713,P0036,3.0,825.0,Завершен
VK22332,2019-04-06,CL00300,Реутов,197754,P0065,1.5,562.5,Отказ
VK28305,2019-04-07,CL00223,Подольск,138680,P0095,2.5,937.5,Завершен
VK26626,2019-04-07,CL00957,Люберцы,155363,P0072,1.5,562.5,Завершен
VK42941,2019-04-07,CL00683,Подольск,180750,P0089,1.5,562.5,Завершен
VK22245,2019-04-07,CL00760,Королёв,163527,P0079,5.0,1875.0,Завершен
VK43341,2019-04-07,CL00594,Королёв,152198,P0111,2.5,937.5,Завершен
VK52118,2019-04-07,CL00151,Мытищи,109710,P0075,3.0,1125.0,Завершен
VK24347,2019-04-07,CL00789,Москва,196021,P0105,3.0,1125.0,Завершен
VK10973,2019-04-07,CL01042,Мытищи,162759,P0101,2.5,937.5,Завершен
VK73321,2019-04-07,CL00395,Красногорск,193000,P0077,1.5,562.5,Завершен
VK74580,2019-04-07,CL01069,Люберцы,175713,P0104,2.0,750.0,Отказ
VK85311,2019-04-07,CL00166,Реутов,165597,P0024,3.0,825.0,Завершен
VK40733,2019-04-07,CL00659,Реутов,136467,P0040,1.0,275.0,Завершен
VK32517,2019-04-08,CL00084,Мытищи,198453,P0047,5.0,1375.0,Завершен
VK67310,2019-04-08,CL00494,Реутов,161712,P0073,5.0,1875.0,Завершен
VK27691,2019-04-08,CL00661,Мытищи,160089,P0109,3.0,1125.0,Завершен
VK12357,2019-04-08,CL00238,Подольск,185841,P0004,2.0,550.0,Завершен
VK62153,2019-04-08,CL00246,Химки,172641,P0071,3.0,1125.0,Завершен
VK86611,2019-04-08,CL00566,Москва,141220,P0114,2.0,750.0,Завершен
VK49995,2019-04-08,CL01074,Мытищи,161822,P0090,5.0,1875.0,Завершен
VK93577,2019-04-08,CL00432,Люберцы,114089,XXX999,1.0,275.0,Завершен
VK11130,2019-04-09,CL00440,Москва,117961,P0117,1.0,375.0,Завершен
VK34032,2019-04-09,CL00657,Реутов,175684,P0023,5.0,1375.0,Завершен
VK96990,2019-04-09,CL00915,Королёв,149774,P0072,1.5,-562.5,Завершен
VK49305,2019-04-09,CL00230,Мытищи,abcde,P0096,3.0,1125.0,Завершен
VK63895,2019-04-09,CL00556,Химки,169003,P0075,2.0,750.0,Завершен
VK43023,2019-04-09,CL00312,Королёв,148331,P0101,1.0,375.0,Завершен
VK21880,2019-04-09,CL00687,Люберцы,132527,P0015,1.0,275.0,Завершен
VK31302,2019-04-09,CL00990,Королёв,104965,P0094,5.0,1875.0,Завершен
VK21428,2019-04-09,CL00555,Подольск,112624,P0062,1.0,375.0,Завершен
VK32938,2019-04-09,CL01013,Подольск,147774,P0065,1.5,562.5,Завершен
VK11762,2019-04-09,CL01151,Люберцы,101383,P0096,2.5,937.5,Отказ
VK64723,2019-04-09,CL01074,Мытищи,161822,XXX999,2.5,937.5,Завершен
VK21062,2019-04-10,CL00343,Люберцы,121012,P0003,2.5,687.5,Отказ
VK58593,2019-04-10,CL00292,Реутов,130161,P0104,2.5,937.5,Завершен
VK91158,2019-04-10,CL00008,Подольск,172063,P0103,5.0,1875.0,Завершен
VK49043,2019-04-10,CL00755,Люберцы,119481,P0106,1.0,375.0,Завершен
VK21382,2019-04-10,CL00316,Красногорск,165715,P0082,5.0,1875.0,Завершен
VK10758,2019-04-10,CL00005,Красногорск,114662,P0083,2.5,937.5,Завершен
VK12787,2019-04-10,CL00763,Москва,161824,P0096,3.0,1125.0,Отказ
VK73681,2019-04-10,CL00700,Подольск,151213,P0004,2.5,687.5,Завершен
VK62425,2019-04-10,CL00787,Королёв,127483,P0020,3.0,825.0,Отказ
VK99795,2019-04-10,CL01164,Москва,113405,P0035,1.5,412.5,Завершен
VK17194,2019-04-10,CL00211,Королёв,160236,P0115,3.0,1125.0,Завершен
VK27013,2019-04-10,CL01036,Люберцы,129215,P0105,2.0,750.0,Завершен
VK78907,2019-04-10,CL01028,Подольск,174162,P0046,2.0,550.0,Завершен
VK45569,2019-04-11,CL00873,Москва,135851,P0001,2.0,550.0,Завершен
VK65785,2019-04-11,CL00858,Химки,193502,P0100,2.0,750.0,Отказ
VK39220,2019-04-11,CL00820,Мытищи,152082,P0052,3.0,1125.0,Завершен
VK35982,2019-04-11,CL00469,Королёв,118018,P0003,3.0,825.0,Завершен
VK11629,2019-04-11,CL00207,Красногорск,119080,P0060,5.0,1875.0,Завершен
VK90900,2019-04-11,CL00475,Королёв,198173,P0052,3.0,1125.0,Завершен
VK22209,2019-04-11,CL00294,Реутов,110205,P0055,1.5,562.5,Завершен
VK36220,2019-04-11,CL00499,Мытищи,193967,P0003,2.0,550.0,Завершен
VK55739,2019-04-11,CL00307,Королёв,199598,P0030,3.0,825.0,Отказ
VK47710,2019-04-11,CL00214,Реутов,159878,P0034,1.5,412.5,Завершен
VK35772,2019-04-11,CL00305,Подольск,199642,P0085,0.5,187.5,Завершен
VK71586,2019-04-11,CL01177,Москава,183692,P0101,2.0,750.0,Завершен
VK52964,2019-04-12,CL00256,Люберцы,104082,P0051,5.0,1875.0,Отказ
VK77056,2019-04-12,CL00522,Реутов,107989,P0036,5.0,1375.0,Завершен
VK21343,2019-04-12,CL01037,Красногорск,145224,P0091,2.5,937.5,Завершен
VK91228,2019-04-12,CL00821,Люберцы,101620,P0029,5.0,1375.0,Завершен
VK32601,2019-04-12,CL00087,Королёв,182544,P0110,2.5,937.5,Завершен
VK15397,2019-04-12,CL00198,Мытищи,157711,P0038,1.5,-412.5,Завершен
VK38730,2019-04-12,CL00945,Королёв,196497,P0047,1.0,275.0,Завершен
VK45038,2019-04-12,CL01080,Химки,178579,P0067,2.0,750.0,Завершен
VK32048,2019-04-12,CL00003,Мытищи,139117,P0099,0.5,187.5,Завершен
VK66151,2019-04-12,CL00958,Мытищи,119048,P0022,1.0,275.0,Завершен
VK35738,2019-04-12,CL00442,Красногорск,141750,P0070,5.0,1875.0,Завершен
VK32669,2019-04-13,CL00399,Красногорск,148353,XXX999,1.5,562.5,Завершен
VK44894,2019-04-13,CL00328,Мытищи,155496,P0036,1.0,275.0,Завершен
VK10421,2019-04-13,CL00815,Подольск,199246,P0119,0.5,187.5,Завершен
VK75648,2019-04-13,CL00195,Красногорск,192435,P0035,2.5,687.5,Завершен
VK51019,2019-04-13,CL00301,Москава,122037,P0022,5.0,1375.0,Завершен
VK45116,2019-04-13,CL00954,Красногорск,117389,P0087,2.0,750.0,Завершен
VK46507,2019-04-13,CL01059,Красногорск,197175,P0044,1.0,275.0,Отказ
VK87328,2019-04-13,CL00968,Химки,abcde,P0045,1.0,275.0,Завершен
VK14260,2019-04-13,CL01119,Химки,149923,P0025,2.5,687.5,Отказ
VK72515,2019-04-13,CL00090,Химки,191214,P0076,2.5,937.5,Завершен
VK98075,2019-04-13,CL01067,Реутов,154162,P0076,2.5,937.5,Отказ
VK74058,2019-04-13,CL00978,Красногорск,127964,P0058,2.0,750.0,Отказ
VK63813,2019-04-13,CL00309,Подольск,161462,P0061,5.0,1875.0,Завершен
VK39114,2019-04-13,CL00024,Химки,109880,P0031,3.0,825.0,Отказ
VK78491,2019-04-13,CL01043,Химки,184837,P0027,2.0,550.0,Завершен
VK69904,2019-04-13,CL00047,Мытищи,197310,P0032,1.5,412.5,Завершен
VK18800,2019-04-14,CL00867,Королёв,165598,P0077,2.5,937.5,Завершен
VK21420,2019-04-14,CL00146,Подольск,107146,P0031,1.5,412.5,Завершен
VK77833,2019-04-14,CL00750,Подольск,143456,P0052,2.5,937.5,Завершен
VK14398,2019-04-14,CL00630,Люберцы,177354,P0072,3.0,1125.0,Завершен
VK72308,2019-04-14,CL00032,Москва,107492,P0071,0.5,187.5,Завершен
VK24417,2019-04-14,CL01000,Подольск,117875,P0014,3.0,825.0,Завершен
VK50378,2019-04-14,CL00512,Реутов,132441,P0037,0.5,137.5,Завершен
VK13545,2019-04-15,CL00340,Подольск,179254,P0032,2.5,687.5,Завершен
VK67675,2019-04-15,CL00811,Мытищи,170968,P0081,2.0,750.0,Завершен
VK63025,2019-04-15,CL00926,Красногорск,136458,P0012,3.0,825.0,Завершен
VK25760,2019-04-15,CL00488,Люберцы,190802,P0089,2.0,750.0,Завершен
VK33990,2019-04-15,CL01099,Подольск,189536,P0075,2.5,937.5,Завершен
VK63780,2019-04-15,CL00250,Люберцы,114408,P0041,3.0,825.0,Завершен
VK85318,2019-04-15,CL00512,Реутов,132441,P0020,5.0,1375.0,Завершен
VK20653,2019-04-15,CL00803,Химки,127125,P0072,3.0,1125.0,Завершен
VK77095,2019-04-15,CL01028,Подольск,174162,P0042,2.5,687.5,Отказ
VK76462,2019-04-15,CL00618,Подольск,197057,P0079,2.0,750.0,Завершен
VK62403,2019-04-16,CL00805,Люберцы,161727,P0044,5.0,1375.0,Завершен
VK51276,2019-04-16,CL00554,Люберцы,191469,P0061,0.5,187.5,Завершен
VK52290,2019-04-16,CL00249,Люберцы,118964,P0082,5.0,1875.0,Завершен
VK97915,2019-04-16,CL00750,Подольск,143456,P0033,5.0,1375.0,Отказ
VK28094,2019-04-16,CL00655,Люберцы,116631,P0107,3.0,1125.0,Завершен
VK69691,2019-04-16,CL00472,Москава,111725,P0072,1.0,375.0,Завершен
VK83535,2019-04-16,CL00071,Красногорск,141114,P0118,0.5,187.5,Завершен
VK76711,2019-04-17,CL00509,Красногорск,170419,P0096,2.5,937.5,Завершен
VK98198,2019-04-17,CL00445,Люберцы,102180,P0064,5.0,1875.0,Завершен
VK30937,2019-04-17,CL01016,Люберцы,117603,P0044,2.5,687.5,Завершен
VK30174,2019-04-17,CL00014,Химки,100942,P0091,2.0,750.0,Завершен
VK36748,2019-04-17,CL00181,Королёв,163532,P0096,2.0,750.0,Завершен
VK70771,2019-04-17,CL00563,Мытищи,105577,P0032,5.0,1375.0,Завершен
VK10796,2019-04-17,CL01141,Москва,168679,P0114,0.5,187.5,Завершен
VK50365,2019-04-17,CL00192,Красногорск,199991,P0072,2.5,937.5,Завершен
VK63113,2019-04-17,CL00605,Москва,147124,P0074,2.5,937.5,Завершен
VK54561,2019-04-18,CL00326,Подольск,111104,P0048,1.0,275.0,Отказ
VK34884,2019-04-18,CL00344,Королёв,119313,P0061,5.0,1875.0,Завершен
VK89594,2019-04-18,CL00187,Королёв,131946,P0099,0.5,187.5,Завершен
VK45593,2019-04-18,CL00738,Красногорск,170244,P0101,2.5,937.5,Завершен
VK77191,2019-04-18,CL00105,Королёв,157125,P0118,1.0,375.0,Завершен
VK96335,2019-04-18,CL01085,Мытищи,195176,P0089,3.0,1125.0,Завершен
VK17117,2019-04-18,CL00467,Химки,169604,P0054,5.0,1875.0,Завершен
VK98905,2019-04-18,CL00717,Мытищи,106903,P0089,3.0,1125.0,Завершен
VK88522,2019-04-19,CL00755,Люберцы,119481,P0037,0.5,137.5,Завершен
VK49104,2019-04-19,CL00288,Люберцы,151807,P0063,1.0,375.0,Завершен
VK16281,2019-04-19,CL01003,Мытищи,175067,P0094,0.5,187.5,Завершен
VK92457,2019-04-19,CL00079,Реутов,100053,P0105,1.0,375.0,Отказ
VK69984,2019-04-20,CL00297,Подольск,181018,P0119,3.0,1125.0,Завершен
VK96477,2019-04-20,CL01094,Реутов,128885,P0074,1.0,375.0,Завершен
VK84048,2019-04-20,CL00989,Мытищи,120152,P0045,2.5,687.5,Завершен
VK71201,2019-04-20,CL01108,Москва,155466,P0069,1.0,375.0,Завершен
VK19864,2019-04-20,CL00546,Королёв,146160,P0024,3.0,825.0,Завершен
VK65441,2019-04-20,CL00719,Мытищи,137002,P0047,2.0,550.0,Завершен
VK88622,2019-04-20,CL00034,Москва,110500,P0032,2.5,687.5,Завершен
VK32477,2019-04-20,CL00254,Королёв,147453,P0097,2.0,750.0,Завершен
VK52737,2019-04-21,CL00360,Мытищи,171313,P0070,1.5,562.5,Завершен
VK92603,2019-04-21,CL00397,Красногорск,115907,P0057,5.0,1875.0,Завершен
VK43171,2019-04-21,CL00964,Москва,150797,P0075,3.0,1125.0,Завершен
VK99190,2019-04-21,CL00107,Москава,116728,P0070,1.5,562.5,Завершен
VK10769,2019-04-21,CL00423,Москава,116059,P0057,5.0,1875.0,Завершен
VK48697,2019-04-21,CL00981,Химки,180439,P0038,0.5,137.5,Завершен
VK96212,2019-04-21,CL00422,Подольск,167499,P0050,5.0,-1375.0,Завершен
VK96196,2019-04-21,CL00680,Реутов,198717,P0086,1.0,375.0,Завершен
VK88206,2019-04-21,CL00925,Королёв,109812,P0018,1.5,412.5,Завершен
VK30474,2019-04-21,CL00751,Москва,106637,P0040,0.5,137.5,Завершен
VK42590,2019-04-21,CL00902,Подольск,167070,P0101,1.0,375.0,Завершен
VK44899,2019-04-21,CL00913,Подольск,191248,P0072,0.5,187.5,Завершен
VK17706,2019-04-21,CL00015,Москва,104117,P0050,2.5,687.5,Завершен
VK95069,2019-04-21,CL00532,Мытищи,199837,P0053,1.0,375.0,Завершен
VK58131,2019-04-22,CL00532,Мытищи,199837,P0096,5.0,1875.0,Завершен
VK99085,2019-04-22,CL01017,Королёв,147020,P0004,5.0,1375.0,Завершен
VK62442,2019-04-22,CL00724,Подольск,153744,P0020,0.5,137.5,Завершен
VK76849,2019-04-22,CL00889,Реутов,133526,P0086,5.0,1875.0,Завершен
VK56173,2019-04-22,CL00636,Красногорск,181187,XXX999,2.5,687.5,Завершен
VK69214,2019-04-22,CL00354,Мытищи,131147,P0076,5.0,-1875.0,Завершен
VK58423,2019-04-22,CL01119,Химки,149923,P0088,2.0,750.0,Завершен
VK62437,2019-04-22,CL00248,Подольск,178116,P0004,1.5,412.5,Завершен
VK35897,2019-04-22,CL00922,Красногорск,184070,XXX999,2.0,750.0,Завершен
VK15038,2019-04-22,CL00011,Люберцы,188039,P0048,1.0,275.0,Завершен
VK70764,2019-04-22,CL00939,Королёв,193959,P0027,2.0,550.0,Завершен
VK79329,2019-04-22,CL00487,Красногорск,194749,P0041,2.5,687.5,Завершен
VK97369,2019-04-23,CL00222,Люберцы,104373,P0074,2.5,937.5,Завершен
VK16618,2019-04-23,CL00692,Мытищи,101581,P0115,1.0,375.0,Завершен
VK78738,2019-04-23,CL00964,Москва,150797,P0010,1.5,412.5,Завершен
VK63835,2019-04-23,CL00242,Красногорск,136160,P0031,2.0,550.0,Завершен
VK11452,2019-04-23,CL00003,Мытищи,139117,P0009,2.5,687.5,Завершен
VK19525,2019-04-23,CL00875,Мытищи,156847,P0024,2.0,550.0,Завершен
VK84605,2019-04-23,CL00170,Люберцы,199125,P0015,2.0,550.0,Завершен
VK34791,2019-04-23,CL00594,Королёв,152198,P0101,2.5,937.5,Завершен
VK87333,2019-04-23,CL00154,Химки,149856,P0095,1.5,562.5,Завершен
VK30227,2019-04-23,CL00826,Подольск,118855,P0093,2.5,937.5,Завершен
VK89062,2019-04-23,CL00985,Королёв,185397,P0102,2.5,937.5,Завершен
VK81848,2019-04-23,CL00679,Красногорск,139223,XXX999,5.0,1375.0,Завершен
VK82462,2019-04-23,CL00665,Королёв,189463,P0073,1.0,375.0,Завершен
VK62404,2019-04-23,CL00011,Люберцы,188039,P0027,3.0,825.0,Завершен
VK74937,2019-04-23,CL01045,Подольск,105136,P0062,2.5,937.5,Завершен
VK58780,2019-04-23,CL00118,Подольск,198032,P0080,2.0,750.0,Завершен
VK22536,2019-04-24,CL00074,Москава,109171,P0028,2.5,687.5,Завершен
VK79190,2019-04-24,CL00161,Королёв,130595,P0098,1.5,562.5,Завершен
VK88576,2019-04-24,CL00898,Красногорск,138712,P0054,3.0,1125.0,Завершен
VK26522,2019-04-24,CL00678,Мытищи,113425,P0014,0.5,137.5,Завершен
VK10579,2019-04-24,CL00828,Москва,135203,P0082,2.0,750.0,Отказ
VK27353,2019-04-25,CL00414,Москава,175598,P0094,5.0,1875.0,Завершен
VK80798,2019-04-25,CL00716,Красногорск,110208,P0035,0.5,137.5,Завершен
VK97996,2019-04-25,CL00294,Реутов,110205,P0057,2.0,750.0,Завершен
VK97441,2019-04-25,CL00777,Мытищи,142284,P0035,2.0,550.0,Завершен
VK11488,2019-04-25,CL00435,Химки,137827,P0097,3.0,1125.0,Завершен
VK95061,2019-04-25,CL00724,Подольск,153744,P0105,1.5,562.5,Завершен
VK33940,2019-04-25,CL01149,Люберцы,163131,P0072,1.0,375.0,Отказ
VK40425,2019-04-25,CL00851,Люберцы,114169,P0037,1.0,275.0,Завершен
VK73501,2019-04-25,CL00033,Королёв,169615,P0086,0.5,187.5,Завершен
VK23409,2019-04-25,CL00739,Химки,160731,P0063,2.0,750.0,Завершен
VK63613,2019-04-26,CL00932,Мытищи,181142,P0063,2.0,750.0,Завершен
VK66441,2019-04-26,CL00180,Химки,117172,P0092,0.5,187.5,Завершен
VK72952,2019-04-26,CL01168,Красногорск,104159,P0111,2.5,937.5,Завершен
VK95411,2019-04-26,CL01108,Москва,155466,P0016,1.0,275.0,Завершен
VK48060,2019-04-26,CL00665,Королёв,189463,P0045,3.0,825.0,Завершен
VK50582,2019-04-26,CL00325,Красногорск,185990,P0114,5.0,1875.0,Завершен
VK50285,2019-04-26,CL00348,Мытищи,103694,P0093,1.0,375.0,Завершен
VK31412,2019-04-26,CL00110,Подольск,149689,XXX999,2.0,550.0,Завершен
VK19508,2019-04-26,CL00817,Химки,155492,P0090,1.5,562.5,Завершен
VK55824,2019-04-27,CL00978,Красногорск,127964,P0007,1.0,-275.0,Отказ
VK21293,2019-04-27,CL00916,Москва,195325,P0095,0.5,187.5,Завершен
VK96932,2019-04-27,CL01058,Реутов,abcde,P0013,5.0,1375.0,Завершен
VK29216,2019-04-27,CL00628,Реутов,176939,P0106,1.0,375.0,Завершен
VK91528,2019-04-27,CL00313,Мытищи,111835,P0048,3.0,825.0,Завершен
VK88331,2019-04-27,CL00525,Реутов,149343,P0048,3.0,825.0,Завершен
VK35988,2019-04-27,CL00643,Мытищи,135112,P0118,3.0,1125.0,Отказ
VK37520,2019-04-27,CL00801,Москва,156047,P0099,2.5,937.5,Завершен
VK49094,2019-04-27,CL00613,Подольск,144966,P0119,2.0,750.0,Отказ
VK48525,2019-04-27,CL00778,Подольск,157261,P0087,3.0,1125.0,Завершен
VK46052,2019-04-27,CL00036,Реутов,174668,P0022,5.0,1375.0,Завершен
VK83054,2019-04-28,CL00371,Люберцы,abcde,P0077,0.5,187.5,Завершен
VK56829,2019-04-28,CL00064,Химки,160332,P0082,5.0,1875.0,Завершен
VK41312,2019-04-28,CL00751,Москва,106637,P0107,0.5,187.5,Завершен
VK80544,2019-04-28,CL00907,Реутов,112451,P0073,3.0,1125.0,Завершен
VK45125,2019-04-28,CL00512,Реутов,abcde,P0096,2.5,937.5,Завершен
VK43527,2019-04-28,CL00182,Москва,179806,P0014,1.5,412.5,Завершен
VK19617,2019-04-28,CL00663,Реутов,164843,P0044,0.5,137.5,Завершен
VK76700,2019-04-28,CL00525,Реутов,149343,P0004,2.5,687.5,Завершен
VK81382,2019-04-28,CL00054,Москва,190573,P0034,0.5,137.5,Завершен
VK22509,2019-04-28,CL00915,Королёв,149774,P0082,3.0,1125.0,Отказ
VK69230,2019-04-28,CL00554,Люберцы,191469,P0015,1.5,-412.5,Завершен
VK91153,2019-04-28,CL00106,Москва,187670,P0106,1.5,562.5,Завершен
VK80730,2019-04-29,CL00693,Красногорск,174498,P0074,1.0,375.0,Завершен
VK87144,2019-04-29,CL00203,Москва,130771,P0048,0.5,137.5,Завершен
VK31013,2019-04-29,CL00925,Москава,109812,P0057,2.0,750.0,Завершен
VK15230,2019-04-29,CL00007,Мытищи,109071,P0092,5.0,1875.0,Завершен
VK81301,2019-04-29,CL00573,Красногорск,135825,P0111,1.0,375.0,Завершен
VK46529,2019-04-29,CL00558,Красногорск,160161,P0120,2.5,937.5,Завершен
VK12757,2019-04-29,CL01101,Люберцы,126577,P0050,3.0,825.0,Завершен
VK80842,2019-04-29,CL01166,Химки,101930,P0079,3.0,1125.0,Завершен
VK34887,2019-04-30,CL00946,Реутов,163298,P0063,1.0,375.0,Отказ
VK49319,2019-04-30,CL01067,Реутов,154162,P0095,2.5,937.5,Завершен
VK75947,2019-04-30,CL00326,Подольск,111104,P0111,1.5,562.5,Завершен
VK66623,2019-04-30,CL00671,Мытищи,185054,P0100,2.5,937.5,Завершен
VK89314,2019-04-30,CL01027,Подольск,118398,P0117,2.0,750.0,Отказ
VK29039,2019-05-01,CL00527,Подольск,107552,P0004,0.5,137.5,Завершен
VK23141,2019-05-01,CL00975,Мытищи,141662,P0031,5.0,1375.0,Завершен
VK46133,2019-05-01,CL00320,Красногорск,137079,P0068,0.5,187.5,Завершен
VK16166,2019-05-01,CL00367,Королёв,126422,P0021,2.5,687.5,Завершен
VK62342,2019-05-01,CL01111,Красногорск,101549,P0047,1.5,412.5,Завершен
VK25637,2019-05-01,CL00447,Москва,134803,XXX999,1.0,375.0,Завершен
VK62858,2019-05-01,CL00865,Люберцы,160786,P0035,0.5,137.5,Завершен
VK69614,2019-05-01,CL00247,Химки,130539,P0018,0.5,137.5,Завершен
VK30831,2019-05-01,CL01015,Химки,183995,XXX999,5.0,1875.0,Завершен
VK39607,2019-05-01,CL00622,Москва,125863,P0010,1.0,275.0,Отказ
VK98882,2019-05-01,CL00391,Люберцы,192279,P0088,2.5,937.5,Завершен
VK73690,2019-05-02,CL01181,Реутов,101170,P0058,2.0,-750.0,Завершен
VK63500,2019-05-02,CL00743,Москва,134100,P0062,5.0,1875.0,Завершен
VK33567,2019-05-02,CL01015,Химки,183995,P0012,1.0,275.0,Завершен
VK85526,2019-05-02,CL00589,Люберцы,194489,P0109,1.0,375.0,Завершен
VK57618,2019-05-02,CL00800,Реутов,164349,P0030,2.0,550.0,Завершен
VK28070,2019-05-02,CL00813,Королёв,130886,P0021,1.0,275.0,Завершен
VK80073,2019-05-02,CL00958,Мытищи,119048,P0084,3.0,1125.0,Завершен
VK59017,2019-05-02,CL01183,Мытищи,165525,P0040,1.5,412.5,Отказ
VK68775,2019-05-02,CL00143,Химки,163464,P0068,2.0,750.0,Завершен
VK60890,2019-05-02,CL00080,Люберцы,176019,P0048,0.5,137.5,Завершен
VK53338,2019-05-02,CL00340,Подольск,179254,P0015,2.5,687.5,Завершен
VK40999,2019-05-02,CL01016,Люберцы,117603,P0017,5.0,1375.0,Отказ
VK41287,2019-05-02,CL00530,Королёв,112119,P0014,0.5,137.5,Завершен
VK57819,2019-05-03,CL00658,Реутов,109898,P0078,3.0,1125.0,Отказ
VK44379,2019-05-03,CL01107,Реутов,175584,P0064,1.0,375.0,Отказ
VK36218,2019-05-03,CL00012,Королёв,159177,P0111,1.5,562.5,Завершен
VK58631,2019-05-03,CL00800,Реутов,164349,P0019,5.0,1375.0,Завершен
VK88309,2019-05-03,CL00045,Москва,172692,P0048,2.5,687.5,Завершен
VK43788,2019-05-04,CL00500,Мытищи,158390,P0044,1.5,412.5,Завершен
VK92596,2019-05-04,CL00147,Москава,198669,P0024,5.0,1375.0,Завершен
VK15746,2019-05-04,CL01152,Подольск,161498,P0038,2.5,687.5,Завершен
VK82985,2019-05-04,CL01196,Химки,165214,P0108,1.5,562.5,Завершен
VK47396,2019-05-04,CL00489,Москва,161000,P0039,2.5,687.5,Завершен
VK21870,2019-05-04,CL00524,Реутов,141777,P0062,1.5,562.5,Завершен
VK92656,2019-05-04,CL00842,Красногорск,133903,XXX999,0.5,137.5,Завершен
VK81830,2019-05-04,CL00369,Реутов,171176,P0030,2.5,687.5,Завершен
VK92477,2019-05-04,CL00274,Подольск,129392,P0001,2.5,687.5,Завершен
VK47144,2019-05-04,CL00463,Москва,193603,P0051,1.5,562.5,Завершен
VK53276,2019-05-04,CL00929,Мытищи,158598,P0092,5.0,1875.0,Завершен
VK30565,2019-05-04,CL00809,Королёв,135200,P0072,2.0,750.0,Завершен
VK99892,2019-05-04,CL00375,Люберцы,195300,P0093,5.0,1875.0,Завершен
VK18242,2019-05-05,CL00101,Королёв,127110,P0096,1.5,562.5,Завершен
VK13561,2019-05-05,CL01158,Химки,180375,P0090,1.5,562.5,Завершен
VK36089,2019-05-05,CL00280,Мытищи,128197,P0046,0.5,137.5,Завершен
VK67831,2019-05-05,CL00515,Химки,113224,P0061,3.0,1125.0,Отказ
VK93205,2019-05-05,CL00716,Красногорск,110208,P0006,1.0,275.0,Завершен
VK43509,2019-05-06,CL00856,Москва,138745,P0033,1.5,412.5,Завершен
VK42151,2019-05-06,CL00620,Королёв,153090,P0114,1.5,562.5,Отказ
VK67978,2019-05-06,CL01133,Реутов,174925,P0094,2.5,937.5,Завершен
VK59201,2019-05-06,CL01150,Мытищи,147943,P0118,2.5,937.5,Завершен
VK57889,2019-05-06,CL01017,Королёв,147020,P0118,1.5,562.5,Завершен
VK51926,2019-05-06,CL00259,Мытищи,119442,P0019,1.0,275.0,Отказ
VK71281,2019-05-06,CL00164,Москва,140319,P0081,3.0,1125.0,Завершен
VK70323,2019-05-06,CL00549,Москва,182667,P0098,2.5,937.5,Отказ
VK20479,2019-05-06,CL00485,Красногорск,100895,P0035,0.5,137.5,Завершен
VK78775,2019-05-06,CL00536,Реутов,172362,P0100,5.0,1875.0,Завершен
VK62148,2019-05-06,CL00051,Реутов,105778,P0044,3.0,825.0,Завершен
VK16445,2019-05-07,CL00558,Красногорск,160161,P0029,1.5,412.5,Завершен
VK41835,2019-05-07,CL00145,Химки,139618,P0093,5.0,1875.0,Завершен
VK72134,2019-05-07,CL00231,Реутов,148689,P0057,3.0,1125.0,Завершен
VK81049,2019-05-07,CL00440,Москва,117961,P0117,5.0,1875.0,Завершен
VK10783,2019-05-07,CL01122,Королёв,182660,P0058,1.5,562.5,Завершен
VK83880,2019-05-07,CL00744,Москва,159270,P0057,5.0,1875.0,Завершен
VK70317,2019-05-08,CL00031,Подольск,128534,P0045,5.0,1375.0,Завершен
VK87822,2019-05-08,CL00163,Подольск,118643,P0060,2.0,750.0,Завершен
VK31671,2019-05-08,CL00743,Москва,134100,XXX999,3.0,1125.0,Завершен
VK41032,2019-05-08,CL00657,Реутов,175684,P0023,2.0,550.0,Завершен
VK30899,2019-05-08,CL00788,Мытищи,114160,P0094,2.5,937.5,Завершен
VK54321,2019-05-08,CL00947,Подольск,116827,P0038,1.0,275.0,Завершен
VK27912,2019-05-08,CL00093,Королёв,194276,P0059,3.0,1125.0,Завершен
VK12843,2019-05-08,CL01127,Красногорск,133779,P0070,1.0,375.0,Завершен
VK10017,2019-05-08,CL01090,Люберцы,175352,P0043,2.5,687.5,Отказ
VK34759,2019-05-08,CL00565,Люберцы,109744,P0040,0.5,137.5,Завершен
VK54839,2019-05-09,CL00036,Реутов,174668,P0114,1.5,562.5,Завершен
VK17546,2019-05-09,CL00176,Москва,141224,P0081,1.0,375.0,Завершен
VK84500,2019-05-09,CL01067,Реутов,154162,P0062,2.0,750.0,Завершен
VK19101,2019-05-09,CL01013,Подольск,147774,P0085,3.0,1125.0,Завершен
VK38984,2019-05-09,CL00659,Реутов,136467,P0107,1.0,375.0,Завершен
VK61556,2019-05-09,CL01182,Королёв,120315,P0051,0.5,187.5,Отказ
VK91974,2019-05-10,CL00373,Реутов,150678,P0017,5.0,1375.0,Завершен
VK26814,2019-05-10,CL00601,Королёв,139692,P0076,3.0,1125.0,Завершен
VK71192,2019-05-10,CL00739,Химки,160731,P0047,2.0,550.0,Завершен
VK19887,2019-05-10,CL00040,Королёв,198548,P0094,1.0,375.0,Завершен
VK76352,2019-05-10,CL00924,Москва,120568,P0015,2.0,550.0,Завершен
VK62222,2019-05-10,CL00320,Красногорск,137079,P0088,3.0,1125.0,Завершен
VK49876,2019-05-11,CL00168,Москава,103390,P0048,2.5,687.5,Завершен
VK21116,2019-05-11,CL00822,Мытищи,119424,P0031,1.0,275.0,Завершен
VK93927,2019-05-11,CL01020,Люберцы,182132,P0003,3.0,825.0,Завершен
VK48995,2019-05-11,CL00995,Мытищи,176756,P0116,2.0,750.0,Завершен
VK75019,2019-05-11,CL00199,Королёв,118894,P0011,3.0,825.0,Отказ
VK94935,2019-05-11,CL01048,Мытищи,179498,P0024,1.5,412.5,Отказ
VK58080,2019-05-11,CL00626,Красногорск,159972,P0089,5.0,1875.0,Завершен
VK37376,2019-05-12,CL01195,Москава,108302,P0039,2.0,550.0,Завершен
VK38519,2019-05-12,CL01091,Королёв,173815,P0027,0.5,-137.5,Завершен
VK84807,2019-05-12,CL00495,Химки,178094,P0024,2.5,687.5,Завершен
VK85276,2019-05-12,CL01082,Москва,111382,P0097,3.0,1125.0,Завершен
VK46411,2019-05-12,CL00001,Люберцы,159470,P0037,5.0,1375.0,Завершен
VK20143,2019-05-12,CL00620,Королёв,153090,P0095,5.0,1875.0,Завершен
VK76333,2019-05-12,CL00702,Москва,156948,P0102,1.5,562.5,Завершен
VK91293,2019-05-12,CL00434,Реутов,152505,P0099,2.0,750.0,Отказ
VK11862,2019-05-12,CL01164,Москва,113405,P0017,1.5,412.5,Завершен
VK59939,2019-05-13,CL00429,Москва,151543,P0050,2.5,687.5,Завершен
VK30571,2019-05-13,CL00234,Люберцы,115292,P0023,0.5,137.5,Завершен
VK79948,2019-05-13,CL00118,Подольск,198032,P0068,3.0,1125.0,Завершен
VK96577,2019-05-13,CL00121,Химки,190520,P0030,5.0,1375.0,Завершен
VK53194,2019-05-13,CL00989,Мытищи,120152,P0026,5.0,1375.0,Завершен
VK54490,2019-05-13,CL00316,Красногорск,165715,P0043,2.5,687.5,Завершен
VK10535,2019-05-13,CL00173,Мытищи,153523,P0060,1.0,375.0,Завершен
VK99791,2019-05-13,CL00369,Реутов,171176,P0104,3.0,1125.0,Отказ
VK31410,2019-05-13,CL00847,Москва,179736,P0063,2.0,750.0,Завершен
VK87539,2019-05-13,CL00882,Подольск,105992,P0017,1.0,275.0,Завершен
VK49870,2019-05-13,CL00311,Красногорск,140685,P0008,2.5,687.5,Завершен
VK93489,2019-05-13,CL00393,Химки,109706,P0120,2.0,750.0,Завершен
VK48027,2019-05-14,CL00387,Королёв,175225,P0055,1.5,562.5,Завершен
VK16484,2019-05-14,CL00682,Подольск,194690,P0076,0.5,187.5,Завершен
VK36205,2019-05-14,CL00555,Москава,112624,P0072,2.0,750.0,Завершен
VK85436,2019-05-14,CL00809,Королёв,135200,P0025,3.0,825.0,Завершен
VK50101,2019-05-14,CL00655,Люберцы,116631,P0062,3.0,1125.0,Завершен
VK85360,2019-05-14,CL00850,Реутов,100963,P0061,2.0,750.0,Завершен
VK45522,2019-05-14,CL00668,Королёв,156072,P0051,2.5,937.5,Завершен
VK99056,2019-05-14,CL00020,Реутов,195561,P0098,2.0,750.0,Отказ
VK68172,2019-05-14,CL01127,Красногорск,133779,P0075,1.5,562.5,Завершен
VK60701,2019-05-14,CL00380,Москва,146210,P0116,2.5,937.5,Завершен
VK80985,2019-05-14,CL00336,Королёв,198617,P0044,1.0,275.0,Завершен
VK32563,2019-05-15,CL00242,Красногорск,136160,P0012,2.0,550.0,Завершен
VK45992,2019-05-15,CL01001,Люберцы,118884,P0090,1.5,562.5,Завершен
VK60648,2019-05-15,CL00503,Москва,100395,P0025,0.5,137.5,Отказ
VK78291,2019-05-15,CL00791,Красногорск,113294,P0066,2.5,937.5,Завершен
VK79593,2019-05-15,CL01061,Мытищи,171267,P0083,5.0,1875.0,Завершен
VK99560,2019-05-15,CL00566,Москва,141220,P0025,5.0,1375.0,Завершен
VK64358,2019-05-15,CL01018,Королёв,123038,P0116,0.5,187.5,Завершен
VK52610,2019-05-15,CL01056,Мытищи,117082,P0032,2.0,550.0,Завершен
VK43644,2019-05-15,CL00299,Реутов,168676,P0035,0.5,137.5,Завершен
VK19006,2019-05-15,CL00341,Люберцы,162991,P0044,5.0,1375.0,Завершен
VK90166,2019-05-15,CL01164,Москва,113405,P0068,5.0,1875.0,Завершен
VK18326,2019-05-16,CL00502,Москва,188181,P0042,5.0,1375.0,Отказ
VK42132,2019-05-16,CL00371,Люберцы,106265,P0005,2.0,550.0,Отказ
VK91554,2019-05-16,CL00338,Химки,174766,P0118,2.0,750.0,Завершен
VK45098,2019-05-16,CL01021,Мытищи,166476,P0031,1.5,412.5,Завершен
VK77199,2019-05-16,CL00240,Красногорск,158287,P0098,1.0,375.0,Завершен
VK32722,2019-05-16,CL00465,Королёв,170592,P0033,3.0,825.0,Завершен
VK53618,2019-05-16,CL00134,Москва,125042,P0080,0.5,187.5,Завершен
VK90145,2019-05-16,CL00307,Королёв,199598,P0061,3.0,1125.0,Отказ
VK13984,2019-05-16,CL00935,Красногорск,181232,P0032,3.0,825.0,Завершен
VK85478,2019-05-17,CL00509,Красногорск,170419,P0107,2.0,750.0,Завершен
VK45748,2019-05-17,CL00420,Химки,118830,P0023,2.0,550.0,Завершен
VK82776,2019-05-17,CL00423,Красногорск,116059,P0023,1.5,412.5,Завершен
VK57523,2019-05-17,CL01091,Королёв,173815,P0120,1.5,562.5,Завершен
VK79026,2019-05-17,CL00566,Москва,141220,P0049,2.0,550.0,Завершен
VK15536,2019-05-17,CL01195,Химки,108302,P0082,0.5,187.5,Завершен
VK59498,2019-05-17,CL01036,Люберцы,129215,P0057,2.0,750.0,Завершен
VK49210,2019-05-17,CL01028,Подольск,174162,P0092,5.0,-1875.0,Завершен
VK11856,2019-05-17,CL00781,Люберцы,138602,P0067,2.5,937.5,Завершен
VK93914,2019-05-17,CL00619,Подольск,143383,P0088,2.5,937.5,Завершен
VK85109,2019-05-17,CL00631,Подольск,131270,P0076,3.0,1125.0,Завершен
VK54142,2019-05-17,CL00927,Химки,149628,P0026,1.5,412.5,Завершен
VK22631,2019-05-18,CL00529,Химки,143288,P0026,1.0,275.0,Отказ
VK97161,2019-05-18,CL00333,Красногорск,181006,P0080,2.5,937.5,Завершен
VK79807,2019-05-18,CL00242,Красногорск,136160,P0014,2.0,550.0,Завершен
VK89909,2019-05-18,CL00473,Москва,122946,P0036,2.0,550.0,Завершен
VK24900,2019-05-18,CL00752,Реутов,151773,P0064,1.5,562.5,Завершен
VK77303,2019-05-18,CL00971,Подольск,133425,P0043,3.0,-825.0,Завершен
VK78508,2019-05-18,CL00548,Москва,109742,P0073,2.0,750.0,Завершен
VK10484,2019-05-18,CL00389,Химки,103396,P0075,3.0,1125.0,Завершен
VK26926,2019-05-18,CL00693,Красногорск,174498,P0120,2.5,937.5,Завершен
VK94067,2019-05-18,CL00552,Королёв,169758,P0068,5.0,1875.0,Завершен
VK77410,2019-05-18,CL00483,Реутов,111368,P0074,2.5,937.5,Завершен
VK68124,2019-05-19,CL00226,Люберцы,144396,P0076,0.5,187.5,Завершен
VK60324,2019-05-19,CL00408,Химки,168012,P0082,1.0,375.0,Завершен
VK87379,2019-05-19,CL01014,Реутов,141053,P0005,2.0,550.0,Завершен
VK94179,2019-05-19,CL00673,Реутов,192235,P0001,1.0,275.0,Завершен
VK22094,2019-05-19,CL00080,Люберцы,176019,P0086,3.0,1125.0,Отказ
VK21839,2019-05-19,CL01022,Реутов,127886,P0078,5.0,1875.0,Завершен
VK29605,2019-05-19,CL00972,Красногорск,120290,P0042,2.0,550.0,Завершен
VK60001,2019-05-19,CL00465,Королёв,170592,P0006,1.5,412.5,Завершен
VK54549,2019-05-19,CL01098,Красногорск,175197,P0093,5.0,-1875.0,Завершен
VK91639,2019-05-19,CL00645,Реутов,185678,P0044,2.5,687.5,Завершен
VK13067,2019-05-19,CL00743,Москава,134100,P0074,2.5,937.5,Завершен
VK40876,2019-05-19,CL00886,Реутов,129402,P0088,2.0,750.0,Завершен
VK28928,2019-05-19,CL00240,Красногорск,158287,P0020,1.0,275.0,Завершен
VK25603,2019-05-19,CL00494,Реутов,161712,P0093,1.0,375.0,Завершен
VK85926,2019-05-19,CL00231,Реутов,148689,P0063,2.0,750.0,Завершен
VK44011,2019-05-20,CL00287,Реутов,188895,P0013,2.5,687.5,Завершен
VK68349,2019-05-20,CL00243,Мытищи,159600,P0032,0.5,137.5,Завершен
VK51140,2019-05-20,CL00088,Москава,131979,P0024,2.0,550.0,Завершен
VK20144,2019-05-20,CL00271,Мытищи,187207,P0036,1.0,275.0,Завершен
VK81387,2019-05-20,CL00935,Красногорск,181232,P0069,5.0,1875.0,Завершен
VK15215,2019-05-20,CL00474,Подольск,104763,P0068,2.5,937.5,Завершен
VK37542,2019-05-20,CL00500,Мытищи,158390,P0068,5.0,1875.0,Завершен
VK56234,2019-05-20,CL00474,Подольск,104763,P0035,2.0,550.0,Завершен
VK30388,2019-05-21,CL00235,Москва,139893,P0096,2.5,937.5,Отказ
VK62244,2019-05-21,CL00034,Москва,110500,P0070,0.5,187.5,Завершен
VK87814,2019-05-21,CL00667,Мытищи,120707,P0045,0.5,137.5,Завершен
VK33646,2019-05-21,CL00989,Мытищи,120152,P0106,2.0,750.0,Завершен
VK97543,2019-05-21,CL00393,Химки,109706,P0100,0.5,187.5,Завершен
VK53743,2019-05-21,CL01152,Подольск,161498,P0088,2.5,937.5,Отказ
VK81673,2019-05-21,CL00400,Подольск,111300,P0028,3.0,825.0,Отказ
VK84327,2019-05-21,CL00044,Красногорск,157433,P0052,0.5,187.5,Завершен
VK78549,2019-05-21,CL00250,Люберцы,114408,P0035,3.0,825.0,Завершен
VK39347,2019-05-22,CL00681,Подольск,173831,P0034,2.5,687.5,Завершен
VK77027,2019-05-22,CL00138,Химки,176225,P0049,1.5,412.5,Завершен
VK67233,2019-05-22,CL00596,Химки,136739,P0088,3.0,1125.0,Завершен
VK69522,2019-05-22,CL00325,Красногорск,185990,P0113,3.0,1125.0,Завершен
VK51442,2019-05-22,CL00185,Мытищи,120181,P0080,0.5,187.5,Завершен
VK52978,2019-05-22,CL01109,Москва,151605,P0115,0.5,187.5,Завершен
VK64233,2019-05-22,CL00049,Химки,134600,P0015,2.0,550.0,Завершен
VK39528,2019-05-22,CL00072,Мытищи,175574,P0059,5.0,1875.0,Завершен
VK68470,2019-05-22,CL00691,Королёв,131599,P0040,1.0,-275.0,Завершен
VK67967,2019-05-22,CL00026,Мытищи,130982,P0081,0.5,187.5,Завершен
VK46720,2019-05-23,CL00059,Подольск,131029,P0119,2.5,937.5,Завершен
VK58187,2019-05-23,CL00603,Реутов,178372,P0067,1.5,562.5,Отказ
VK23719,2019-05-23,CL00848,Люберцы,149345,P0092,2.5,937.5,Завершен
VK50444,2019-05-23,CL00914,Подольск,177430,P0051,0.5,187.5,Завершен
VK95380,2019-05-23,CL01140,Мытищи,162021,P0043,2.0,550.0,Завершен
VK29973,2019-05-23,CL00001,Люберцы,159470,P0016,3.0,825.0,Завершен
VK52297,2019-05-23,CL01079,Королёв,186099,P0040,1.0,-275.0,Завершен
VK62506,2019-05-23,CL00423,Красногорск,116059,P0011,5.0,1375.0,Отказ
VK24920,2019-05-23,CL01023,Люберцы,170736,P0052,2.5,937.5,Завершен
VK61582,2019-05-23,CL00720,Красногорск,159866,P0083,1.5,562.5,Завершен
VK65477,2019-05-24,CL01179,Мытищи,156906,P0056,5.0,1875.0,Завершен
VK49080,2019-05-24,CL00071,Красногорск,141114,P0111,3.0,1125.0,Завершен
VK66623,2019-05-24,CL00193,Королёв,124727,P0052,5.0,1875.0,Отказ
VK90367,2019-05-24,CL00145,Химки,139618,P0078,1.0,375.0,Завершен
VK75353,2019-05-24,CL00691,Королёв,131599,P0091,1.5,562.5,Завершен
VK25600,2019-05-24,CL00805,Люберцы,161727,P0029,2.5,687.5,Завершен
VK75302,2019-05-24,CL01108,Москва,155466,P0113,1.5,562.5,Завершен
VK96755,2019-05-25,CL01002,Красногорск,101461,P0035,1.5,412.5,Завершен
VK39723,2019-05-25,CL01025,Подольск,166900,P0044,1.5,412.5,Завершен
VK21858,2019-05-25,CL00775,Мытищи,147826,P0046,1.0,275.0,Завершен
VK58869,2019-05-25,CL00719,Мытищи,137002,P0031,2.0,550.0,Завершен
VK92159,2019-05-25,CL01182,Королёв,120315,P0053,0.5,187.5,Завершен
VK42432,2019-05-25,CL00310,Люберцы,177518,P0089,3.0,1125.0,Завершен
VK60995,2019-05-25,CL00376,Мытищи,123652,P0040,2.5,687.5,Завершен
VK95236,2019-05-26,CL00630,Люберцы,177354,P0010,1.5,412.5,Завершен
VK73839,2019-05-26,CL00691,Королёв,131599,P0057,0.5,187.5,Завершен
VK89922,2019-05-26,CL00347,Реутов,130903,P0087,1.5,562.5,Завершен
VK67927,2019-05-26,CL00864,Москава,143426,P0058,0.5,187.5,Завершен
VK31176,2019-05-26,CL00439,Москава,166731,P0084,0.5,187.5,Завершен
VK97084,2019-05-26,CL00210,Королёв,118758,P0005,1.0,275.0,Отказ
VK82327,2019-05-26,CL00207,Красногорск,119080,P0030,0.5,137.5,Завершен
VK47575,2019-05-26,CL01073,Москва,183345,P0040,0.5,137.5,Завершен
VK49302,2019-05-26,CL00553,Москва,194659,P0107,0.5,187.5,Завершен
VK72850,2019-05-26,CL00923,Подольск,173183,P0060,5.0,1875.0,Завершен
VK93154,2019-05-27,CL00686,Реутов,118327,P0033,2.0,550.0,Завершен
VK13875,2019-05-27,CL00450,Мытищи,157807,P0040,1.5,412.5,Завершен
VK86695,2019-05-27,CL00251,Подольск,131186,P0098,2.5,937.5,Завершен
VK34532,2019-05-27,CL00044,Красногорск,157433,P0116,2.0,750.0,Завершен
VK34721,2019-05-27,CL01116,Реутов,148799,P0072,0.5,187.5,Завершен
VK70251,2019-05-27,CL00309,Подольск,161462,P0042,2.0,550.0,Завершен
VK59486,2019-05-27,CL01071,Химки,191660,P0043,0.5,137.5,Завершен
VK20218,2019-05-27,CL00157,Химки,134687,P0076,2.0,750.0,Завершен
VK51084,2019-05-27,CL00559,Химки,110566,P0041,0.5,-137.5,Завершен
VK41524,2019-05-27,CL00536,Реутов,172362,P0082,3.0,1125.0,Завершен
VK14203,2019-05-27,CL01110,Королёв,191520,P0066,1.5,562.5,Завершен
VK26777,2019-05-27,CL00418,Люберцы,190257,P0101,1.0,375.0,Завершен
VK38859,2019-05-27,CL00333,Красногорск,181006,P0056,1.0,-375.0,Завершен
VK81331,2019-05-27,CL00058,Мытищи,173385,P0019,1.5,412.5,Завершен
VK13526,2019-05-28,CL00935,Красногорск,181232,P0073,0.5,187.5,Завершен
VK42153,2019-05-28,CL00958,Мытищи,119048,P0118,2.5,937.5,Завершен
VK18213,2019-05-28,CL00277,Люберцы,135818,P0033,5.0,-1375.0,Завершен
VK61832,2019-05-28,CL00992,Химки,153429,P0088,2.0,750.0,Завершен
VK50261,2019-05-28,CL01092,Химки,160142,P0006,1.5,412.5,Завершен
VK59400,2019-05-28,CL00656,Химки,142217,P0053,1.0,375.0,Завершен
VK82035,2019-05-28,CL00693,Красногорск,174498,P0014,5.0,1375.0,Отказ
VK26808,2019-05-28,CL00326,Подольск,111104,P0038,2.0,550.0,Завершен
VK84397,2019-05-28,CL00392,Химки,137431,P0080,2.0,750.0,Завершен
VK56753,2019-05-28,CL00794,Мытищи,149212,P0004,2.5,687.5,Завершен
VK59989,2019-05-28,CL00546,Королёв,146160,P0012,3.0,825.0,Завершен
VK56663,2019-05-28,CL00237,Реутов,187881,P0101,2.5,937.5,Завершен
VK93802,2019-05-28,CL00636,Красногорск,181187,P0094,2.5,937.5,Завершен
VK67497,2019-05-28,CL00868,Реутов,154146,P0093,1.0,375.0,Завершен
VK44433,2019-05-28,CL00131,Красногорск,142600,P0035,2.0,550.0,Завершен
VK89672,2019-05-28,CL00204,Химки,156881,P0114,5.0,1875.0,Отказ
VK41614,2019-05-29,CL00383,Москва,179635,P0070,1.5,562.5,Завершен
VK57342,2019-05-29,CL00813,Королёв,130886,P0001,1.0,275.0,Отказ
VK20969,2019-05-29,CL00662,Мытищи,152129,P0066,1.5,562.5,Завершен
VK48326,2019-05-29,CL00183,Подольск,101792,P0070,1.5,562.5,Завершен
VK29505,2019-05-29,CL00044,Красногорск,157433,P0103,2.5,937.5,Завершен
VK44172,2019-05-29,CL00524,Реутов,141777,P0055,1.5,562.5,Отказ
VK70029,2019-05-29,CL00443,Реутов,196904,P0031,3.0,825.0,Завершен
VK87286,2019-05-29,CL00266,Мытищи,140963,P0063,2.5,937.5,Завершен
VK18326,2019-05-29,CL01001,Люберцы,118884,P0063,5.0,1875.0,Завершен
VK22420,2019-05-30,CL00364,Красногорск,146176,P0096,3.0,1125.0,Завершен
VK79250,2019-05-30,CL00641,Москава,136025,P0071,2.5,937.5,Завершен
VK16763,2019-05-30,CL00959,Москава,198328,P0009,5.0,1375.0,Завершен
VK80243,2019-05-30,CL00339,Королёв,150052,P0046,0.5,137.5,Отказ
VK21242,2019-05-30,CL01140,Мытищи,162021,P0056,2.0,750.0,Завершен
VK21050,2019-05-30,CL00726,Красногорск,186154,P0020,1.5,412.5,Завершен
VK18509,2019-05-30,CL00837,Подольск,abcde,P0021,1.5,412.5,Отказ
VK73095,2019-05-30,CL00543,Люберцы,143236,P0093,1.5,562.5,Завершен
VK11603,2019-05-31,CL00473,Москва,122946,P0022,3.0,825.0,Завершен
VK34207,2019-05-31,CL00835,Мытищи,166426,P0111,2.0,750.0,Отказ
VK75824,2019-05-31,CL00001,Люберцы,159470,P0056,1.0,375.0,Отказ
VK94807,2019-05-31,CL00008,Подольск,172063,P0004,2.0,550.0,Завершен
VK12472,2019-05-31,CL00909,Красногорск,157372,P0075,3.0,1125.0,Завершен
VK42748,2019-06-01,CL00773,Подольск,123260,P0060,5.0,1875.0,Завершен
VK78066,2019-06-01,CL01176,Красногорск,195451,P0031,1.0,275.0,Завершен
VK27908,2019-06-01,CL00217,Люберцы,186275,P0112,1.0,375.0,Завершен
VK51879,2019-06-01,CL00338,Химки,174766,P0110,1.5,562.5,Отказ
VK86953,2019-06-01,CL00919,Москва,188857,P0028,1.0,275.0,Завершен
VK96934,2019-06-02,CL00043,Подольск,109016,P0101,3.0,1125.0,Отказ
VK16076,2019-06-02,CL00640,Королёв,174107,P0047,3.0,-825.0,Завершен
VK37228,2019-06-02,CL01141,Москва,168679,P0101,5.0,1875.0,Отказ
VK37403,2019-06-02,CL00955,Красногорск,199716,P0047,1.5,412.5,Завершен
VK35223,2019-06-02,CL00295,Реутов,192995,P0086,1.0,375.0,Завершен
VK57660,2019-06-02,CL01018,Королёв,123038,P0007,1.0,275.0,Завершен
VK25301,2019-06-02,CL00057,Москва,127535,P0011,1.0,275.0,Завершен
VK41884,2019-06-02,CL00712,Химки,100336,P0084,5.0,1875.0,Завершен
VK86459,2019-06-03,CL01142,Мытищи,120352,P0113,1.0,375.0,Завершен
VK69482,2019-06-03,CL00331,Химки,120308,P0089,1.5,562.5,Завершен
VK91933,2019-06-03,CL00326,Подольск,111104,P0109,3.0,1125.0,Завершен
VK46271,2019-06-03,CL00820,Мытищи,152082,P0081,5.0,1875.0,Завершен
VK93489,2019-06-03,CL00937,Химки,146548,P0115,3.0,1125.0,Завершен
VK91504,2019-06-03,CL00054,Москва,190573,P0014,3.0,825.0,Завершен
VK56689,2019-06-03,CL00163,Подольск,118643,P0064,2.0,750.0,Завершен
VK22073,2019-06-03,CL00716,Красногорск,110208,P0077,2.0,750.0,Завершен
VK60285,2019-06-03,CL00917,Королёв,114802,P0007,1.5,412.5,Завершен
VK71961,2019-06-04,CL01088,Люберцы,166353,P0097,1.5,562.5,Завершен
VK38727,2019-06-04,CL00183,Подольск,101792,P0077,5.0,1875.0,Завершен
VK86232,2019-06-04,CL00409,Мытищи,183238,P0058,1.0,375.0,Завершен
VK47819,2019-06-04,CL01172,Москва,193674,P0045,3.0,825.0,Завершен
VK45493,2019-06-04,CL00898,Красногорск,138712,P0037,2.0,550.0,Завершен
VK85574,2019-06-05,CL00916,Москва,195325,P0071,1.0,375.0,Завершен
VK42747,2019-06-05,CL00594,Королёв,152198,P0042,2.5,687.5,Завершен
VK60889,2019-06-05,CL00658,Реутов,109898,P0027,1.0,275.0,Завершен
VK29757,2019-06-05,CL00684,Химки,113168,P0030,2.0,-550.0,Завершен
VK72235,2019-06-05,CL00422,Подольск,167499,XXX999,1.5,562.5,Завершен
VK61550,2019-06-06,CL00457,Королёв,132311,P0100,2.0,750.0,Завершен
VK48801,2019-06-06,CL00330,Красногорск,163736,P0058,3.0,1125.0,Завершен
VK93743,2019-06-06,CL00596,Химки,136739,P0022,2.5,687.5,Завершен
VK81614,2019-06-06,CL00866,Королёв,183151,P0033,1.0,275.0,Завершен
VK64431,2019-06-06,CL00331,Химки,120308,P0011,5.0,1375.0,Завершен
VK39439,2019-06-06,CL00717,Мытищи,106903,P0046,0.5,137.5,Завершен
VK20918,2019-06-06,CL01133,Реутов,174925,P0034,3.0,825.0,Завершен
VK77537,2019-06-06,CL00852,Мытищи,136239,P0005,0.5,137.5,Завершен
VK70542,2019-06-06,CL00272,Москва,178696,P0012,3.0,825.0,Завершен
VK13030,2019-06-06,CL01198,Мытищи,186362,P0040,0.5,137.5,Отказ
VK72126,2019-06-06,CL01004,Мытищи,198080,P0029,2.0,550.0,Завершен
VK71804,2019-06-06,CL00599,Королёв,127479,P0003,1.0,-275.0,Завершен
VK10533,2019-06-06,CL00683,Подольск,180750,P0038,3.0,825.0,Завершен
VK90418,2019-06-06,CL00827,Москва,143449,P0037,0.5,137.5,Завершен
VK94206,2019-06-07,CL00149,Королёв,144657,P0034,2.0,550.0,Завершен
VK85779,2019-06-07,CL00001,Люберцы,159470,P0081,1.5,562.5,Завершен
VK60934,2019-06-07,CL00424,Королёв,abcde,P0018,5.0,1375.0,Завершен
VK55150,2019-06-07,CL00417,Люберцы,189783,P0020,5.0,1375.0,Завершен
VK35068,2019-06-07,CL00663,Реутов,164843,P0019,5.0,1375.0,Завершен
VK28178,2019-06-07,CL00233,Химки,183283,P0067,2.5,937.5,Завершен
VK87153,2019-06-07,CL00455,Красногорск,160249,P0112,3.0,1125.0,Завершен
VK53075,2019-06-08,CL00828,Москва,135203,P0025,2.5,687.5,Завершен
VK14307,2019-06-08,CL01070,Реутов,186413,P0096,1.0,375.0,Завершен
VK24081,2019-06-08,CL00976,Подольск,166209,P0108,0.5,187.5,Завершен
VK84870,2019-06-08,CL01000,Подольск,117875,P0067,1.0,375.0,Завершен
VK42361,2019-06-08,CL00246,Химки,172641,P0073,0.5,187.5,Завершен
VK86690,2019-06-08,CL01108,Москва,155466,P0057,2.5,937.5,Завершен
VK20656,2019-06-08,CL00523,Реутов,106145,P0017,0.5,137.5,Завершен
VK45674,2019-06-08,CL00518,Химки,198878,P0031,1.0,275.0,Завершен
VK97278,2019-06-08,CL00454,Красногорск,162701,P0047,1.5,412.5,Завершен
VK96086,2019-06-08,CL00236,Мытищи,170457,P0110,2.0,750.0,Завершен
VK99869,2019-06-08,CL00719,Мытищи,abcde,P0119,5.0,1875.0,Завершен
VK23158,2019-06-08,CL01200,Москава,163618,P0117,1.5,562.5,Завершен
VK83839,2019-06-08,CL00847,Москва,179736,P0007,1.5,412.5,Отказ
VK44773,2019-06-08,CL01060,Реутов,162539,P0068,2.5,937.5,Завершен
VK62488,2019-06-09,CL00933,Химки,159796,P0001,2.5,687.5,Отказ
VK85804,2019-06-09,CL00312,Королёв,148331,P0105,0.5,187.5,Завершен
VK96889,2019-06-09,CL00685,Мытищи,150335,P0029,3.0,825.0,Завершен
VK13265,2019-06-09,CL01090,Москава,175352,P0034,3.0,825.0,Отказ
VK96003,2019-06-09,CL00942,Королёв,124979,P0035,0.5,137.5,Завершен
VK15066,2019-06-09,CL00716,Красногорск,110208,P0068,1.0,375.0,Завершен
VK64687,2019-06-09,CL00841,Королёв,123276,P0115,1.0,375.0,Завершен
VK25606,2019-06-09,CL01069,Люберцы,175713,P0033,5.0,1375.0,Завершен
VK14322,2019-06-09,CL00824,Красногорск,134620,P0081,2.0,750.0,Завершен
VK91375,2019-06-09,CL00556,Химки,169003,P0074,3.0,1125.0,Завершен
VK48270,2019-06-09,CL00750,Подольск,143456,P0104,2.5,937.5,Отказ
VK36289,2019-06-09,CL00609,Москва,129098,P0097,1.0,375.0,Завершен
VK53139,2019-06-09,CL00539,Королёв,194688,P0058,1.5,562.5,Завершен
VK52457,2019-06-10,CL00913,Подольск,191248,P0116,2.0,750.0,Отказ
VK21325,2019-06-10,CL00763,Москва,161824,P0016,5.0,1375.0,Завершен
VK36644,2019-06-10,CL00052,Красногорск,183507,P0045,5.0,1375.0,Завершен
VK22813,2019-06-10,CL00101,Королёв,127110,P0057,1.0,375.0,Завершен
VK12126,2019-06-10,CL00658,Реутов,109898,P0105,2.5,937.5,Завершен
VK70808,2019-06-10,CL00910,Мытищи,144921,P0044,1.0,275.0,Завершен
VK31177,2019-06-10,CL00884,Реутов,117536,P0103,3.0,1125.0,Завершен
VK95878,2019-06-10,CL00686,Реутов,118327,P0051,2.5,937.5,Завершен
VK25627,2019-06-10,CL00208,Реутов,123600,P0099,0.5,187.5,Завершен
VK70211,2019-06-10,CL01026,Реутов,101388,P0083,1.0,375.0,Завершен
VK51564,2019-06-10,CL00821,Люберцы,101620,P0044,5.0,1375.0,Завершен
VK19841,2019-06-10,CL00679,Красногорск,139223,P0120,1.0,375.0,Завершен
VK37934,2019-06-10,CL01171,Подольск,132778,P0022,5.0,1375.0,Завершен
VK24575,2019-06-11,CL00740,Мытищи,189922,P0074,1.5,562.5,Завершен
VK26005,2019-06-11,CL00357,Химки,138177,P0012,3.0,825.0,Завершен
VK47521,2019-06-11,CL00189,Мытищи,154387,P0010,5.0,1375.0,Завершен
VK29890,2019-06-11,CL00712,Химки,100336,P0094,1.0,375.0,Завершен
VK16276,2019-06-11,CL00617,Москва,184930,P0032,0.5,137.5,Завершен
VK20800,2019-06-11,CL00465,Королёв,170592,P0080,0.5,187.5,Завершен
VK16736,2019-06-11,CL01159,Люберцы,169722,P0056,1.5,562.5,Завершен
VK66799,2019-06-11,CL00929,Мытищи,158598,P0018,2.0,550.0,Завершен
VK18707,2019-06-11,CL00333,Красногорск,181006,P0054,3.0,1125.0,Завершен
VK18520,2019-06-12,CL00763,Москва,161824,P0076,1.5,562.5,Завершен
VK81146,2019-06-12,CL00273,Красногорск,166507,P0027,3.0,825.0,Завершен
VK46165,2019-06-12,CL01118,Химки,194478,P0033,2.5,687.5,Завершен
VK57040,2019-06-12,CL00870,Реутов,159974,P0010,2.5,687.5,Завершен
VK47005,2019-06-12,CL00129,Москава,111359,P0007,2.0,550.0,Завершен
VK88365,2019-06-12,CL00366,Королёв,117675,P0038,2.5,687.5,Завершен
VK14014,2019-06-12,CL00099,Подольск,150205,P0042,1.0,275.0,Завершен
VK92400,2019-06-12,CL00119,Подольск,114168,P0112,1.5,562.5,Завершен
VK68753,2019-06-13,CL00676,Москва,115806,P0063,5.0,1875.0,Завершен
VK69727,2019-06-13,CL00652,Подольск,192281,P0073,3.0,1125.0,Завершен
VK27467,2019-06-13,CL00335,Королёв,147749,P0065,1.0,375.0,Завершен
VK63096,2019-06-13,CL00935,Красногорск,181232,P0046,5.0,1375.0,Завершен
VK60171,2019-06-13,CL00991,Мытищи,133018,P0075,1.5,562.5,Отказ
VK12956,2019-06-13,CL00049,Химки,134600,P0104,5.0,1875.0,Отказ
VK48543,2019-06-13,CL00655,Люберцы,116631,P0017,3.0,825.0,Отказ
VK45973,2019-06-13,CL00068,Реутов,170282,P0102,5.0,1875.0,Завершен
VK94971,2019-06-14,CL00808,Подольск,134510,P0059,5.0,1875.0,Завершен
VK44167,2019-06-14,CL00377,Красногорск,142981,P0068,2.0,750.0,Завершен
VK77102,2019-06-14,CL01147,Королёв,191438,P0008,0.5,137.5,Завершен
VK23448,2019-06-14,CL00477,Красногорск,184058,P0078,2.0,750.0,Завершен
VK93646,2019-06-14,CL00883,Люберцы,168195,P0009,0.5,137.5,Отказ
VK25953,2019-06-15,CL01180,Москва,136188,P0108,2.5,937.5,Завершен
VK96455,2019-06-15,CL00602,Люберцы,193747,XXX999,1.5,412.5,Завершен
VK28720,2019-06-15,CL00898,Красногорск,138712,P0074,1.0,375.0,Завершен
VK32936,2019-06-15,CL00244,Химки,178269,P0047,2.5,687.5,Завершен
VK11726,2019-06-15,CL00126,Красногорск,160258,P0047,2.5,687.5,Завершен
VK52826,2019-06-15,CL00382,Реутов,198290,P0093,2.5,937.5,Завершен
VK35245,2019-06-15,CL00822,Мытищи,119424,P0062,5.0,1875.0,Завершен
VK87470,2019-06-15,CL00329,Москва,123627,P0112,1.5,562.5,Завершен
VK10168,2019-06-15,CL00063,Реутов,161694,P0026,2.5,687.5,Завершен
VK82645,2019-06-15,CL00824,Красногорск,134620,P0119,1.5,562.5,Отказ
VK25181,2019-06-15,CL01042,Мытищи,162759,P0021,1.5,412.5,Завершен
VK47914,2019-06-16,CL01022,Реутов,127886,P0068,5.0,1875.0,Завершен
VK97150,2019-06-16,CL00786,Мытищи,187821,P0023,0.5,137.5,Завершен
VK82944,2019-06-16,CL00447,Москва,134803,P0076,1.5,562.5,Завершен
VK70864,2019-06-16,CL00189,Мытищи,154387,P0081,0.5,187.5,Завершен
VK26728,2019-06-16,CL00333,Красногорск,181006,P0119,2.5,937.5,Завершен
VK19540,2019-06-16,CL01183,Мытищи,165525,P0072,2.5,937.5,Отказ
VK23412,2019-06-16,CL01017,Москава,147020,P0009,0.5,137.5,Завершен
VK53178,2019-06-16,CL00264,Реутов,129949,P0044,2.5,687.5,Завершен
VK90381,2019-06-16,CL00330,Красногорск,163736,P0079,1.0,375.0,Завершен
VK22531,2019-06-17,CL00435,Химки,abcde,P0042,5.0,1375.0,Завершен
VK71542,2019-06-17,CL00941,Мытищи,151497,P0008,3.0,825.0,Завершен
VK69524,2019-06-17,CL01044,Москва,116762,P0106,2.5,937.5,Завершен
VK92419,2019-06-17,CL00808,Подольск,134510,P0108,1.5,562.5,Завершен
VK32975,2019-06-17,CL01087,Химки,152947,P0089,1.0,375.0,Завершен
VK98360,2019-06-17,CL00931,Мытищи,104696,P0093,0.5,187.5,Завершен
VK39264,2019-06-17,CL00500,Мытищи,158390,P0054,2.5,937.5,Завершен
VK88153,2019-06-18,CL00067,Люберцы,136585,P0117,5.0,1875.0,Завершен
VK53507,2019-06-18,CL00791,Красногорск,113294,P0031,2.5,687.5,Отказ
VK55151,2019-06-18,CL00107,Подольск,116728,P0068,2.5,-937.5,Завершен
VK87641,2019-06-18,CL00541,Реутов,129002,P0118,2.0,750.0,Завершен
VK12733,2019-06-18,CL00365,Подольск,189742,P0051,2.5,937.5,Завершен
VK28861,2019-06-19,CL01079,Королёв,186099,P0047,0.5,137.5,Завершен
VK39185,2019-06-19,CL00305,Москава,199642,P0070,2.0,750.0,Завершен
VK19058,2019-06-19,CL00029,Люберцы,abcde,P0089,2.0,750.0,Завершен
VK82330,2019-06-19,CL00176,Москава,141224,XXX999,1.5,562.5,Завершен
VK38829,2019-06-19,CL00520,Красногорск,188150,P0078,0.5,187.5,Завершен
VK46746,2019-06-19,CL00073,Люберцы,157154,P0007,3.0,825.0,Отказ
VK62228,2019-06-19,CL00786,Мытищи,187821,P0070,1.0,375.0,Завершен
VK93905,2019-06-19,CL00274,Подольск,129392,P0094,2.5,937.5,Завершен
VK48765,2019-06-19,CL00605,Москва,147124,P0031,2.5,687.5,Завершен
VK75391,2019-06-19,CL00456,Красногорск,194493,P0070,1.5,562.5,Завершен
VK52350,2019-06-19,CL01169,Мытищи,119148,P0084,5.0,1875.0,Завершен
VK11199,2019-06-19,CL00668,Королёв,156072,P0116,5.0,1875.0,Завершен
VK34141,2019-06-19,CL00668,Королёв,156072,P0062,2.5,937.5,Завершен
VK42837,2019-06-19,CL00138,Химки,176225,P0106,1.0,375.0,Завершен
VK77146,2019-06-19,CL00975,Мытищи,141662,P0089,1.0,375.0,Завершен
VK11959,2019-06-20,CL00233,Химки,183283,P0046,2.5,687.5,Завершен
VK58355,2019-06-20,CL01189,Королёв,173272,P0095,1.0,375.0,Завершен
VK37904,2019-06-20,CL00199,Москава,118894,P0101,2.0,750.0,Отказ
VK91341,2019-06-20,CL00361,Реутов,105706,P0071,1.0,375.0,Завершен
VK88614,2019-06-20,CL00031,Подольск,128534,P0052,5.0,1875.0,Завершен
VK39129,2019-06-20,CL00256,Люберцы,104082,P0095,1.5,562.5,Завершен
VK93890,2019-06-20,CL00078,Реутов,122810,P0049,5.0,1375.0,Отказ
VK28258,2019-06-20,CL00731,Мытищи,183521,P0032,2.5,687.5,Завершен
VK16041,2019-06-20,CL00066,Москва,152227,P0042,2.5,687.5,Завершен
VK28326,2019-06-20,CL00355,Мытищи,155027,P0006,1.5,412.5,Отказ
VK34093,2019-06-20,CL00208,Реутов,123600,P0040,2.5,687.5,Завершен
VK21881,2019-06-20,CL00994,Москва,115506,P0035,3.0,825.0,Завершен
VK63230,2019-06-21,CL00916,Москва,195325,XXX999,2.5,937.5,Завершен
VK72238,2019-06-21,CL00766,Химки,150911,P0051,2.0,750.0,Завершен
VK10649,2019-06-21,CL00111,Химки,144236,P0069,5.0,1875.0,Завершен
VK26541,2019-06-21,CL00113,Мытищи,198176,P0088,2.0,750.0,Завершен
VK14327,2019-06-21,CL00333,Красногорск,181006,P0052,5.0,-1875.0,Завершен
VK40228,2019-06-21,CL00376,Мытищи,123652,P0070,1.0,375.0,Завершен
VK15918,2019-06-21,CL00097,Мытищи,130735,P0018,2.5,687.5,Завершен
VK56962,2019-06-21,CL00903,Мытищи,184454,P0072,1.5,562.5,Завершен
VK58977,2019-06-22,CL00074,Химки,109171,P0052,3.0,1125.0,Завершен
VK89193,2019-06-22,CL00708,Реутов,108371,P0120,2.5,937.5,Завершен
VK18099,2019-06-22,CL00109,Мытищи,117786,P0120,2.0,750.0,Отказ
VK12841,2019-06-22,CL00246,Химки,172641,P0003,0.5,137.5,Отказ
VK94938,2019-06-22,CL00019,Мытищи,156498,P0111,1.0,375.0,Завершен
VK55105,2019-06-23,CL00176,Москва,141224,P0007,1.0,275.0,Отказ
VK38468,2019-06-23,CL00852,Мытищи,136239,P0009,3.0,825.0,Завершен
VK20858,2019-06-23,CL00821,Люберцы,101620,P0076,1.0,375.0,Завершен
VK71436,2019-06-23,CL00405,Подольск,172260,P0057,2.0,750.0,Завершен
VK80054,2019-06-23,CL00170,Люберцы,199125,P0039,2.0,550.0,Завершен
VK75398,2019-06-24,CL00199,Королёв,118894,XXX999,0.5,187.5,Завершен
VK66100,2019-06-24,CL00718,Химки,106019,P0013,2.0,550.0,Завершен
VK33172,2019-06-24,CL01061,Мытищи,171267,P0120,1.5,562.5,Отказ
VK64799,2019-06-24,CL00921,Реутов,132581,P0105,3.0,1125.0,Завершен
VK85431,2019-06-24,CL00453,Москва,167984,P0028,0.5,137.5,Завершен
VK94935,2019-06-24,CL00325,Красногорск,185990,P0090,1.0,375.0,Завершен
VK17201,2019-06-24,CL00302,Мытищи,125415,P0040,1.5,412.5,Завершен
VK91913,2019-06-24,CL01045,Подольск,105136,P0111,2.0,750.0,Завершен
VK27758,2019-06-25,CL01011,Мытищи,109149,P0114,1.0,375.0,Завершен
VK73739,2019-06-25,CL00074,Химки,109171,P0047,1.0,275.0,Завершен
VK86778,2019-06-25,CL00273,Красногорск,166507,P0049,0.5,137.5,Завершен
VK28095,2019-06-25,CL00986,Красногорск,112577,P0091,1.0,375.0,Отказ
VK77740,2019-06-25,CL00806,Люберцы,171319,XXX999,2.0,750.0,Завершен
VK77191,2019-06-25,CL00832,Красногорск,abcde,P0053,3.0,1125.0,Завершен
VK75271,2019-06-25,CL00946,Реутов,163298,P0047,1.5,412.5,Завершен
VK29952,2019-06-25,CL00077,Люберцы,125144,P0101,0.5,187.5,Отказ
VK90295,2019-06-26,CL00189,Мытищи,154387,P0062,5.0,1875.0,Завершен
VK72750,2019-06-26,CL00433,Подольск,195355,P0011,1.0,275.0,Завершен
VK43797,2019-06-26,CL01161,Подольск,183478,P0030,5.0,1375.0,Завершен
VK82580,2019-06-26,CL00995,Мытищи,176756,P0106,0.5,187.5,Завершен
VK75133,2019-06-26,CL00101,Королёв,127110,P0057,1.0,375.0,Завершен
VK19381,2019-06-26,CL00073,Люберцы,157154,P0050,2.0,550.0,Завершен
VK78654,2019-06-26,CL01031,Химки,127102,P0040,1.5,412.5,Завершен
VK22892,2019-06-26,CL01159,Люберцы,169722,P0109,1.0,375.0,Отказ
VK13975,2019-06-26,CL01136,Реутов,158313,P0050,5.0,1375.0,Завершен
VK56281,2019-06-26,CL00951,Королёв,118111,P0045,5.0,1375.0,Завершен
VK61500,2019-06-26,CL01102,Красногорск,113983,P0070,1.0,375.0,Завершен
VK68342,2019-06-26,CL00163,Подольск,118643,P0092,1.5,562.5,Завершен
VK55275,2019-06-27,CL00435,Химки,137827,P0092,1.5,562.5,Завершен
VK42624,2019-06-27,CL01093,Москва,133792,P0103,1.0,375.0,Завершен
VK30937,2019-06-28,CL00846,Москва,117342,P0027,1.5,412.5,Завершен
VK85727,2019-06-28,CL01092,Химки,160142,P0057,1.0,375.0,Завершен
VK25769,2019-06-28,CL00610,Королёв,160694,P0018,1.5,412.5,Завершен
VK91982,2019-06-28,CL00232,Химки,181205,P0020,0.5,137.5,Завершен
VK64168,2019-06-28,CL00447,Москва,134803,P0108,1.0,375.0,Завершен
VK84381,2019-06-28,CL01057,Реутов,148546,P0091,2.5,937.5,Завершен
VK79970,2019-06-28,CL00013,Химки,144313,P0040,2.0,550.0,Завершен
VK28742,2019-06-28,CL00076,Люберцы,142753,P0065,1.5,562.5,Завершен
VK65273,2019-06-28,CL00879,Москва,182141,P0043,5.0,1375.0,Завершен
VK51887,2019-06-29,CL00799,Люберцы,112571,P0095,2.5,-937.5,Завершен
VK67783,2019-06-29,CL01188,Красногорск,132859,P0071,3.0,1125.0,Отказ
VK43738,2019-06-29,CL00980,Москва,145351,P0116,2.5,937.5,Завершен
VK28151,2019-06-29,CL00668,Королёв,156072,P0047,3.0,825.0,Завершен
VK24450,2019-06-29,CL01123,Королёв,173680,P0090,0.5,187.5,Завершен
VK96080,2019-06-29,CL00368,Химки,141365,P0032,1.5,412.5,Завершен
VK34385,2019-06-29,CL00007,Мытищи,109071,P0037,1.5,412.5,Завершен
VK48365,2019-06-29,CL00619,Подольск,143383,P0025,1.0,275.0,Завершен
VK97573,2019-06-29,CL00718,Химки,106019,P0052,2.0,750.0,Завершен
VK47601,2019-06-29,CL00537,Люберцы,169946,P0062,3.0,1125.0,Завершен
VK84348,2019-06-29,CL00325,Красногорск,185990,P0074,1.5,562.5,Завершен
VK27949,2019-06-29,CL00271,Мытищи,187207,P0023,2.0,550.0,Завершен
VK30455,2019-06-30,CL00718,Химки,106019,P0066,3.0,1125.0,Завершен
VK84368,2019-06-30,CL00086,Москва,abcde,P0068,3.0,1125.0,Отказ
VK51504,2019-06-30,CL00623,Реутов,192371,P0106,3.0,1125.0,Завершен
VK61735,2019-06-30,CL01095,Красногорск,146281,P0113,0.5,-187.5,Завершен
VK68362,2019-06-30,CL00246,Химки,172641,P0072,2.0,750.0,Завершен
VK63345,2019-06-30,CL00273,Красногорск,166507,P0103,0.5,187.5,Завершен
VK28431,2019-06-30,CL00786,Мытищи,187821,P0045,3.0,825.0,Завершен
VK78186,2019-06-30,CL00318,Подольск,abcde,P0013,5.0,1375.0,Завершен
VK37854,2019-07-01,CL00325,Красногорск,185990,P0092,1.0,375.0,Завершен
VK98564,2019-07-01,CL00940,Мытищи,125679,P0106,2.0,750.0,Завершен
VK76782,2019-07-01,CL00247,Химки,130539,P0033,2.5,687.5,Завершен
VK80812,2019-07-01,CL01135,Красногорск,138188,P0066,1.0,375.0,Завершен
VK93641,2019-07-01,CL00830,Люберцы,191250,P0054,2.5,937.5,Завершен
VK22265,2019-07-02,CL00208,Реутов,123600,P0029,1.5,412.5,Завершен
VK59047,2019-07-02,CL00296,Люберцы,102733,P0092,2.5,937.5,Завершен
VK10119,2019-07-02,CL00707,Мытищи,103847,P0044,0.5,137.5,Завершен
VK53489,2019-07-02,CL00750,Подольск,143456,P0080,0.5,187.5,Завершен
VK72284,2019-07-02,CL00817,Химки,155492,P0010,1.5,412.5,Завершен
VK79546,2019-07-02,CL00860,Люберцы,186194,P0088,1.5,-562.5,Завершен
VK94185,2019-07-02,CL00141,Люберцы,115814,P0025,3.0,825.0,Завершен
VK16394,2019-07-02,CL00518,Химки,198878,P0042,0.5,137.5,Завершен
VK76790,2019-07-02,CL00659,Реутов,136467,P0110,1.0,375.0,Завершен
VK14682,2019-07-02,CL00121,Химки,190520,P0017,2.5,687.5,Завершен
VK18930,2019-07-02,CL00502,Москва,188181,P0092,1.5,562.5,Завершен
VK45643,2019-07-02,CL00289,Москва,127686,P0069,0.5,187.5,Завершен
VK63171,2019-07-02,CL00499,Мытищи,193967,P0003,1.0,275.0,Отказ
VK94636,2019-07-03,CL00847,Москва,179736,P0116,0.5,187.5,Завершен
VK70041,2019-07-03,CL00608,Красногорск,156420,P0031,1.0,275.0,Завершен
VK16545,2019-07-03,CL00823,Москава,113237,P0073,1.5,562.5,Завершен
VK93776,2019-07-03,CL00398,Подольск,164752,P0103,1.0,375.0,Отказ
VK62863,2019-07-03,CL01078,Москва,122973,P0013,0.5,137.5,Завершен
VK59995,2019-07-03,CL00489,Москва,161000,P0107,2.5,937.5,Завершен
VK67138,2019-07-04,CL01016,Люберцы,117603,P0078,2.0,750.0,Завершен
VK77627,2019-07-04,CL00313,Мытищи,111835,P0015,0.5,137.5,Завершен
VK77811,2019-07-04,CL01077,Реутов,168289,P0012,2.0,550.0,Завершен
VK84547,2019-07-04,CL00015,Москава,104117,P0115,2.0,750.0,Завершен
VK13681,2019-07-05,CL00379,Подольск,146077,P0021,3.0,825.0,Завершен
VK80295,2019-07-05,CL01035,Реутов,147880,P0117,1.5,562.5,Завершен
VK43499,2019-07-05,CL00199,Королёв,118894,P0100,1.0,375.0,Завершен
VK18778,2019-07-05,CL00548,Москава,109742,P0007,1.5,412.5,Завершен
VK52880,2019-07-05,CL00023,Подольск,136509,P0027,2.5,687.5,Завершен
VK81490,2019-07-05,CL00659,Реутов,136467,P0107,2.0,750.0,Завершен
VK41380,2019-07-05,CL00586,Люберцы,164634,P0077,1.5,562.5,Завершен
VK45085,2019-07-06,CL00324,Красногорск,186980,P0079,1.5,562.5,Завершен
VK73553,2019-07-06,CL00143,Химки,163464,P0074,2.0,750.0,Завершен
VK10563,2019-07-06,CL00377,Москава,142981,P0059,2.5,937.5,Завершен
VK36528,2019-07-06,CL00183,Подольск,101792,P0031,5.0,1375.0,Завершен
VK77559,2019-07-06,CL00667,Мытищи,120707,P0051,0.5,187.5,Завершен
VK70558,2019-07-06,CL00468,Химки,154172,P0062,1.5,-562.5,Завершен
VK60364,2019-07-06,CL00084,Мытищи,198453,P0053,1.0,375.0,Завершен
VK94849,2019-07-06,CL00212,Москва,160981,P0075,2.0,750.0,Завершен
VK19126,2019-07-06,CL00784,Мытищи,118434,P0117,1.0,375.0,Завершен
VK18025,2019-07-06,CL00372,Люберцы,148237,P0055,3.0,1125.0,Завершен
VK26812,2019-07-07,CL01087,Химки,152947,P0041,1.5,412.5,Завершен
VK95520,2019-07-07,CL00224,Реутов,117322,P0105,3.0,1125.0,Завершен
VK36007,2019-07-07,CL00224,Реутов,117322,P0037,2.5,687.5,Завершен
VK18058,2019-07-07,CL00466,Люберцы,180698,P0105,0.5,187.5,Завершен
VK20871,2019-07-07,CL00330,Красногорск,163736,P0059,0.5,187.5,Завершен
VK22312,2019-07-08,CL01115,Красногорск,155567,P0076,2.0,750.0,Завершен
VK65993,2019-07-08,CL00742,Мытищи,146627,P0008,5.0,1375.0,Завершен
VK86357,2019-07-08,CL00623,Реутов,192371,P0047,0.5,137.5,Завершен
VK59309,2019-07-08,CL00552,Королёв,169758,P0111,3.0,1125.0,Завершен
VK66951,2019-07-08,CL00358,Москва,131531,P0053,1.5,562.5,Завершен
VK62774,2019-07-08,CL00358,Москва,131531,P0107,1.5,562.5,Завершен
VK48796,2019-07-08,CL01106,Люберцы,166995,P0045,5.0,1375.0,Завершен
VK99294,2019-07-08,CL00418,Люберцы,190257,P0005,0.5,137.5,Завершен
VK40740,2019-07-08,CL00784,Мытищи,118434,P0073,2.0,750.0,Завершен
VK44867,2019-07-08,CL00953,Химки,181810,P0109,1.0,375.0,Завершен
VK58056,2019-07-08,CL01158,Химки,180375,P0037,0.5,137.5,Отказ
VK21566,2019-07-09,CL01150,Мытищи,147943,P0062,3.0,1125.0,Завершен
VK43865,2019-07-09,CL00685,Мытищи,150335,P0100,2.5,937.5,Отказ
VK11741,2019-07-09,CL00490,Москава,165866,P0099,1.0,375.0,Завершен
VK47291,2019-07-09,CL00436,Реутов,172070,P0104,2.0,750.0,Отказ
VK65225,2019-07-09,CL00958,Мытищи,119048,P0047,2.0,550.0,Завершен
VK53853,2019-07-09,CL00817,Химки,155492,P0001,0.5,137.5,Завершен
VK86905,2019-07-09,CL00792,Химки,109661,P0119,2.0,750.0,Завершен
VK37134,2019-07-10,CL00439,Подольск,166731,P0084,1.5,562.5,Завершен
VK21699,2019-07-10,CL01105,Королёв,141342,P0010,1.5,412.5,Завершен
VK47183,2019-07-10,CL00578,Подольск,141507,P0026,2.5,687.5,Завершен
VK84728,2019-07-10,CL00807,Подольск,149996,P0076,2.5,937.5,Завершен
VK60384,2019-07-10,CL00481,Москва,138669,P0088,0.5,187.5,Завершен
VK76238,2019-07-10,CL00532,Мытищи,199837,P0079,1.0,375.0,Завершен
VK50681,2019-07-11,CL00821,Люберцы,101620,P0101,5.0,1875.0,Завершен
VK44585,2019-07-11,CL00496,Королёв,147419,P0098,2.0,750.0,Завершен
VK31816,2019-07-11,CL00342,Мытищи,167621,P0059,5.0,1875.0,Завершен
VK26847,2019-07-11,CL00079,Реутов,100053,P0089,3.0,1125.0,Завершен
VK14506,2019-07-11,CL01020,Люберцы,182132,P0119,1.5,562.5,Отказ
VK98513,2019-07-11,CL00472,Люберцы,111725,P0034,3.0,825.0,Завершен
VK81578,2019-07-11,CL00474,Подольск,104763,P0111,3.0,1125.0,Завершен
VK21319,2019-07-11,CL00047,Мытищи,197310,P0115,2.0,750.0,Завершен
VK59412,2019-07-11,CL00775,Мытищи,147826,P0099,1.5,562.5,Завершен
VK21274,2019-07-11,CL01011,Мытищи,109149,P0017,5.0,1375.0,Отказ
VK54291,2019-07-11,CL00247,Химки,130539,P0085,2.5,937.5,Отказ
VK28774,2019-07-11,CL00864,Реутов,143426,P0047,1.5,412.5,Завершен
VK62513,2019-07-11,CL00767,Подольск,177662,P0016,2.0,550.0,Завершен
VK17473,2019-07-11,CL00862,Подольск,143992,P0077,3.0,1125.0,Завершен
VK88012,2019-07-12,CL00711,Красногорск,113487,P0004,0.5,137.5,Завершен
VK82488,2019-07-12,CL00143,Химки,163464,P0116,2.5,937.5,Завершен
VK10465,2019-07-12,CL00073,Люберцы,157154,P0038,2.0,550.0,Завершен
VK79690,2019-07-12,CL00201,Реутов,143065,P0038,5.0,1375.0,Завершен
VK94370,2019-07-12,CL00976,Подольск,166209,P0031,0.5,137.5,Завершен
VK46527,2019-07-12,CL00975,Мытищи,141662,P0059,1.0,375.0,Завершен
VK88661,2019-07-12,CL00443,Реутов,196904,P0092,0.5,187.5,Завершен
VK99514,2019-07-12,CL00255,Королёв,180623,P0090,5.0,1875.0,Завершен
VK40161,2019-07-12,CL00485,Красногорск,100895,P0041,0.5,137.5,Завершен
VK38917,2019-07-12,CL00320,Красногорск,137079,P0053,0.5,187.5,Завершен
VK65665,2019-07-12,CL00792,Химки,109661,P0114,3.0,1125.0,Завершен
VK18752,2019-07-13,CL00924,Москва,120568,P0098,3.0,1125.0,Завершен
VK84983,2019-07-13,CL00971,Подольск,133425,P0056,1.5,562.5,Завершен
VK43611,2019-07-13,CL00744,Москва,159270,P0075,1.5,562.5,Завершен
VK10490,2019-07-13,CL00401,Люберцы,193969,P0116,5.0,1875.0,Завершен
VK38873,2019-07-13,CL00113,Москава,198176,P0041,5.0,1375.0,Завершен
VK23611,2019-07-14,CL00324,Красногорск,186980,P0076,3.0,1125.0,Отказ
VK65986,2019-07-14,CL00229,Мытищи,101824,P0060,2.0,750.0,Завершен
VK22883,2019-07-14,CL01171,Подольск,132778,P0072,2.0,750.0,Завершен
VK62183,2019-07-14,CL01136,Реутов,158313,P0054,2.5,937.5,Завершен
VK96271,2019-07-14,CL00927,Химки,abcde,P0111,5.0,1875.0,Завершен
VK38409,2019-07-14,CL00600,Люберцы,109064,P0090,2.5,937.5,Завершен
VK52580,2019-07-15,CL01196,Химки,165214,P0069,2.0,750.0,Завершен
VK93994,2019-07-15,CL00535,Москава,191177,P0060,1.0,375.0,Завершен
VK80487,2019-07-15,CL00315,Королёв,174928,P0024,2.5,687.5,Завершен
VK48198,2019-07-15,CL00744,Москва,159270,P0078,2.5,937.5,Отказ
VK51679,2019-07-15,CL00992,Химки,abcde,P0011,2.5,687.5,Завершен
VK27770,2019-07-15,CL00263,Мытищи,185316,P0069,2.5,937.5,Завершен
VK72471,2019-07-15,CL00994,Москва,115506,P0109,1.5,562.5,Завершен
VK66863,2019-07-15,CL00337,Химки,140562,P0046,2.0,550.0,Завершен
VK79756,2019-07-16,CL00295,Реутов,192995,P0006,1.5,412.5,Завершен
VK19494,2019-07-16,CL00424,Королёв,112689,P0085,0.5,187.5,Завершен
VK48129,2019-07-16,CL01101,Люберцы,126577,P0054,3.0,1125.0,Завершен
VK24334,2019-07-16,CL00099,Подольск,150205,P0012,0.5,137.5,Завершен
VK56200,2019-07-17,CL00089,Москва,113970,P0011,2.5,687.5,Завершен
VK22165,2019-07-17,CL00527,Подольск,107552,P0048,5.0,1375.0,Завершен
VK20522,2019-07-17,CL00362,Красногорск,102128,P0068,2.5,937.5,Завершен
VK50418,2019-07-17,CL01080,Химки,178579,P0053,3.0,1125.0,Завершен
VK17350,2019-07-17,CL01003,Мытищи,175067,P0031,2.5,687.5,Завершен
VK29651,2019-07-18,CL01114,Люберцы,180358,P0097,0.5,187.5,Завершен
VK18363,2019-07-18,CL00827,Москва,143449,P0022,1.5,412.5,Завершен
VK91993,2019-07-18,CL00229,Мытищи,101824,XXX999,3.0,825.0,Завершен
VK60389,2019-07-19,CL00026,Мытищи,130982,P0120,3.0,1125.0,Завершен
VK11787,2019-07-19,CL01043,Химки,184837,P0041,1.0,275.0,Завершен
VK93746,2019-07-19,CL00851,Москава,114169,P0095,5.0,1875.0,Завершен
VK27839,2019-07-19,CL00538,Люберцы,167215,P0051,1.0,375.0,Отказ
VK32644,2019-07-19,CL00729,Люберцы,130339,P0064,5.0,1875.0,Завершен
VK65505,2019-07-19,CL00580,Москава,113399,P0079,2.0,750.0,Завершен
VK22061,2019-07-20,CL00600,Люберцы,109064,P0120,2.0,750.0,Завершен
VK46318,2019-07-20,CL01074,Мытищи,161822,P0053,5.0,1875.0,Завершен
VK96945,2019-07-20,CL00456,Красногорск,194493,P0023,1.5,412.5,Завершен
VK63478,2019-07-20,CL00736,Химки,176638,P0107,2.5,937.5,Завершен
VK75016,2019-07-20,CL00952,Люберцы,171802,P0120,3.0,1125.0,Завершен
VK59863,2019-07-20,CL00107,Подольск,116728,P0101,1.5,562.5,Отказ
VK37299,2019-07-20,CL00125,Реутов,113833,P0088,2.5,937.5,Завершен
VK43181,2019-07-20,CL00824,Красногорск,134620,P0026,1.5,412.5,Завершен
VK53293,2019-07-20,CL00914,Подольск,177430,P0012,1.5,412.5,Завершен
VK59914,2019-07-20,CL00710,Москва,174302,P0085,3.0,1125.0,Отказ
VK81954,2019-07-20,CL00914,Подольск,177430,P0053,3.0,1125.0,Завершен
VK64897,2019-07-20,CL00782,Подольск,192013,P0048,2.5,687.5,Завершен
VK70387,2019-07-21,CL00288,Люберцы,151807,P0006,5.0,1375.0,Завершен
VK71734,2019-07-21,CL01109,Москва,151605,P0009,2.0,550.0,Завершен
VK89816,2019-07-21,CL00389,Москава,103396,P0021,0.5,137.5,Завершен
VK95255,2019-07-21,CL00889,Реутов,133526,P0063,1.5,562.5,Завершен
VK89964,2019-07-21,CL00844,Химки,184853,P0037,2.0,550.0,Завершен
VK70749,2019-07-22,CL00079,Реутов,100053,P0054,2.5,937.5,Завершен
VK11073,2019-07-22,CL00470,Подольск,162350,P0052,1.0,375.0,Завершен
VK46747,2019-07-22,CL00540,Красногорск,148589,P0099,0.5,187.5,Завершен
VK89103,2019-07-22,CL01183,Мытищи,165525,P0065,1.0,375.0,Завершен
VK15987,2019-07-22,CL00344,Королёв,119313,P0065,5.0,1875.0,Завершен
VK27387,2019-07-23,CL00783,Москва,141709,P0023,1.5,412.5,Отказ
VK10637,2019-07-23,CL00247,Химки,130539,P0031,3.0,825.0,Завершен
VK13035,2019-07-23,CL00556,Химки,169003,P0007,1.5,412.5,Завершен
VK83705,2019-07-23,CL00355,Мытищи,155027,P0001,3.0,825.0,Завершен
VK55012,2019-07-23,CL00342,Мытищи,abcde,P0068,0.5,187.5,Завершен
VK28254,2019-07-23,CL01018,Королёв,123038,P0071,1.0,375.0,Завершен
VK99624,2019-07-23,CL00476,Москва,174443,P0092,2.0,750.0,Завершен
VK40479,2019-07-23,CL00462,Реутов,119198,P0098,3.0,1125.0,Завершен
VK74418,2019-07-23,CL00460,Королёв,194589,P0046,5.0,1375.0,Завершен
VK53333,2019-07-23,CL00504,Мытищи,145158,P0054,2.5,937.5,Завершен
VK23181,2019-07-23,CL00003,Мытищи,139117,P0108,1.0,375.0,Отказ
VK98558,2019-07-24,CL01099,Подольск,189536,P0023,1.0,275.0,Завершен
VK97534,2019-07-24,CL00463,Москва,193603,P0072,2.0,750.0,Завершен
VK16699,2019-07-24,CL01005,Химки,184663,P0061,1.5,562.5,Завершен
VK39287,2019-07-24,CL00663,Реутов,164843,P0039,2.5,687.5,Завершен
VK98722,2019-07-24,CL00919,Москва,188857,P0103,2.5,937.5,Завершен
VK54855,2019-07-24,CL00812,Химки,150738,P0033,1.5,412.5,Завершен
VK66543,2019-07-24,CL01194,Реутов,102453,P0014,0.5,137.5,Завершен
VK24110,2019-07-25,CL00962,Красногорск,113432,P0098,1.0,375.0,Завершен
VK42433,2019-07-25,CL00853,Люберцы,193204,P0032,2.0,550.0,Завершен
VK22513,2019-07-25,CL00433,Подольск,195355,P0117,2.0,750.0,Завершен
VK21386,2019-07-25,CL01026,Реутов,101388,P0084,5.0,1875.0,Завершен
VK72341,2019-07-25,CL00925,Королёв,109812,P0069,3.0,1125.0,Завершен
VK20988,2019-07-26,CL01061,Мытищи,171267,P0102,2.0,750.0,Завершен
VK41522,2019-07-26,CL00014,Химки,100942,P0091,2.5,937.5,Завершен
VK40785,2019-07-26,CL00444,Красногорск,166809,P0045,0.5,137.5,Завершен
VK19667,2019-07-26,CL00706,Подольск,198274,P0101,2.5,937.5,Завершен
VK17774,2019-07-26,CL00280,Мытищи,128197,P0069,2.0,750.0,Завершен
VK53244,2019-07-26,CL01090,Люберцы,175352,P0014,1.5,412.5,Завершен
VK87355,2019-07-26,CL00770,Люберцы,104975,P0108,3.0,-1125.0,Завершен
VK26389,2019-07-26,CL00470,Подольск,162350,P0013,2.5,687.5,Завершен
VK21855,2019-07-27,CL00632,Мытищи,190890,P0012,1.5,412.5,Завершен
VK29956,2019-07-27,CL00071,Красногорск,abcde,P0108,3.0,1125.0,Завершен
VK89666,2019-07-27,CL00045,Москва,172692,P0024,0.5,137.5,Завершен
VK49030,2019-07-27,CL00789,Москва,196021,P0111,5.0,1875.0,Завершен
VK99066,2019-07-27,CL01019,Москава,118350,P0116,1.5,562.5,Отказ
VK41135,2019-07-27,CL00058,Мытищи,173385,P0099,1.0,375.0,Завершен
VK27368,2019-07-27,CL00145,Химки,139618,P0060,0.5,187.5,Завершен
VK58638,2019-07-27,CL00476,Москва,174443,P0017,2.0,550.0,Завершен
VK21082,2019-07-28,CL00895,Подольск,113751,P0011,2.5,687.5,Завершен
VK30549,2019-07-28,CL00053,Подольск,172309,P0060,0.5,187.5,Завершен
VK73413,2019-07-28,CL00105,Королёв,157125,P0037,3.0,825.0,Завершен
VK94215,2019-07-28,CL00491,Москава,138671,P0008,2.0,550.0,Завершен
VK63477,2019-07-28,CL00403,Подольск,184192,P0098,0.5,187.5,Завершен
VK25032,2019-07-28,CL00181,Королёв,163532,P0061,1.0,375.0,Завершен
VK89292,2019-07-28,CL00899,Москва,127222,P0112,3.0,1125.0,Завершен
VK54529,2019-07-28,CL00652,Подольск,192281,P0004,1.0,275.0,Завершен
VK69233,2019-07-28,CL00249,Люберцы,118964,P0027,5.0,1375.0,Отказ
VK76746,2019-07-28,CL00676,Москва,115806,P0012,1.0,275.0,Завершен
VK28514,2019-07-28,CL00584,Реутов,111101,P0029,0.5,137.5,Завершен
VK19898,2019-07-29,CL00695,Мытищи,108851,P0062,2.0,750.0,Завершен
VK38551,2019-07-29,CL00010,Химки,198994,P0023,5.0,1375.0,Завершен
VK73444,2019-07-29,CL01074,Мытищи,161822,P0114,3.0,1125.0,Завершен
VK57052,2019-07-29,CL00816,Подольск,121910,P0097,0.5,187.5,Завершен
VK99449,2019-07-29,CL01010,Красногорск,187988,P0004,1.0,275.0,Завершен
VK67943,2019-07-29,CL00987,Москва,127627,P0110,2.0,750.0,Завершен
VK87969,2019-07-29,CL00664,Красногорск,144270,P0099,3.0,1125.0,Завершен
VK20613,2019-07-29,CL00882,Подольск,105992,P0040,3.0,825.0,Завершен
VK17402,2019-07-29,CL00320,Красногорск,137079,P0022,1.5,412.5,Завершен
VK16700,2019-07-29,CL00659,Реутов,136467,P0073,1.5,562.5,Завершен
VK33275,2019-07-29,CL00660,Королёв,142898,P0067,0.5,187.5,Завершен
VK62398,2019-07-30,CL00918,Королёв,134290,P0096,2.5,937.5,Завершен
VK16190,2019-07-30,CL00910,Мытищи,144921,P0025,2.0,550.0,Завершен
VK16229,2019-07-30,CL00682,Подольск,194690,P0071,1.0,375.0,Завершен
VK36963,2019-07-30,CL00054,Москва,190573,P0011,1.5,412.5,Отказ
VK70193,2019-07-30,CL00831,Химки,abcde,P0110,1.5,562.5,Завершен
VK97166,2019-07-31,CL00376,Мытищи,123652,P0049,1.0,275.0,Завершен
VK19394,2019-07-31,CL00077,Люберцы,125144,P0094,1.0,-375.0,Завершен
VK51100,2019-07-31,CL00057,Москва,127535,P0072,0.5,187.5,Завершен
VK46807,2019-07-31,CL00836,Подольск,168719,P0086,0.5,187.5,Завершен
VK81498,2019-07-31,CL01154,Москва,138393,P0002,2.0,550.0,Отказ
VK10382,2019-07-31,CL00539,Королёв,194688,P0015,1.5,412.5,Завершен
VK96184,2019-07-31,CL00752,Реутов,151773,P0074,0.5,187.5,Завершен
VK40939,2019-07-31,CL00483,Реутов,111368,P0026,2.5,687.5,Завершен
VK82112,2019-07-31,CL00129,Красногорск,111359,P0012,1.0,275.0,Отказ
VK20065,2019-07-31,CL00618,Москава,197057,P0001,3.0,825.0,Завершен
VK78546,2019-07-31,CL00489,Москва,161000,P0047,5.0,1375.0,Завершен
VK93515,2019-07-31,CL01156,Реутов,121400,P0063,0.5,187.5,Завершен
VK87661,2019-08-01,CL00016,Мытищи,136500,P0005,2.0,550.0,Завершен
VK73713,2019-08-01,CL00732,Мытищи,108163,P0092,3.0,1125.0,Завершен
VK16051,2019-08-01,CL01015,Химки,183995,P0086,2.0,750.0,Завершен
VK26960,2019-08-01,CL00341,Люберцы,162991,P0009,0.5,137.5,Отказ
VK23070,2019-08-01,CL00457,Королёв,132311,P0064,0.5,187.5,Завершен
VK72113,2019-08-01,CL00707,Мытищи,103847,P0092,5.0,1875.0,Отказ
VK66846,2019-08-01,CL00536,Реутов,172362,P0113,0.5,187.5,Завершен
VK86564,2019-08-02,CL00692,Москава,101581,P0019,0.5,137.5,Завершен
VK44711,2019-08-02,CL01024,Подольск,129269,P0083,5.0,1875.0,Отказ
VK57422,2019-08-02,CL01016,Люберцы,117603,P0073,5.0,1875.0,Завершен
VK65091,2019-08-02,CL00843,Люберцы,106507,P0033,1.5,412.5,Завершен
VK90849,2019-08-02,CL00064,Химки,160332,P0092,2.5,937.5,Завершен
VK61050,2019-08-02,CL00554,Люберцы,191469,P0078,2.0,750.0,Завершен
VK34387,2019-08-02,CL01010,Красногорск,187988,P0072,5.0,1875.0,Завершен
VK20256,2019-08-02,CL01192,Мытищи,158901,P0013,2.0,550.0,Завершен
VK99699,2019-08-02,CL00157,Химки,134687,XXX999,1.0,375.0,Завершен
VK98569,2019-08-02,CL00486,Реутов,198796,P0108,5.0,1875.0,Завершен
VK28529,2019-08-02,CL00740,Мытищи,189922,P0076,2.5,937.5,Завершен
VK60027,2019-08-03,CL00869,Подольск,126253,P0113,3.0,1125.0,Завершен
VK38673,2019-08-03,CL00257,Королёв,155872,P0020,5.0,1375.0,Завершен
VK74804,2019-08-03,CL00167,Королёв,105224,P0046,0.5,137.5,Завершен
VK35637,2019-08-03,CL00870,Реутов,159974,P0067,1.0,375.0,Завершен
VK78780,2019-08-03,CL00987,Москва,127627,P0062,2.5,937.5,Завершен
VK16099,2019-08-03,CL00426,Химки,120932,P0056,2.0,750.0,Завершен
VK38497,2019-08-03,CL00124,Мытищи,144725,P0065,1.0,-375.0,Завершен
VK47839,2019-08-03,CL00736,Химки,176638,P0086,3.0,1125.0,Завершен
VK19023,2019-08-03,CL00096,Королёв,135992,P0086,3.0,1125.0,Завершен
VK61246,2019-08-03,CL00879,Москва,182141,P0034,1.5,412.5,Завершен
VK65608,2019-08-03,CL00257,Королёв,155872,P0056,2.0,750.0,Завершен
VK77024,2019-08-04,CL00411,Подольск,176106,P0031,1.5,412.5,Завершен
VK62007,2019-08-04,CL00508,Реутов,189486,P0102,1.0,375.0,Завершен
VK37159,2019-08-04,CL00677,Москава,130008,P0022,2.5,687.5,Завершен
VK13566,2019-08-04,CL01057,Реутов,148546,P0101,2.0,750.0,Завершен
VK51050,2019-08-04,CL00019,Мытищи,156498,P0030,5.0,1375.0,Завершен
VK84105,2019-08-04,CL00203,Москва,130771,P0082,2.0,750.0,Завершен
VK73312,2019-08-04,CL00512,Реутов,132441,P0034,2.0,550.0,Завершен
VK29001,2019-08-05,CL01060,Реутов,162539,P0104,2.5,937.5,Завершен
VK87838,2019-08-05,CL00651,Москва,169767,P0050,5.0,1375.0,Завершен
VK31976,2019-08-05,CL00949,Реутов,179822,P0030,0.5,137.5,Завершен
VK60240,2019-08-05,CL00682,Подольск,194690,P0110,2.0,750.0,Завершен
VK46721,2019-08-05,CL00058,Мытищи,173385,P0059,1.5,562.5,Завершен
VK44632,2019-08-05,CL00343,Люберцы,121012,P0106,0.5,187.5,Отказ
VK12676,2019-08-06,CL00355,Мытищи,155027,P0051,0.5,187.5,Завершен
VK68503,2019-08-06,CL01011,Мытищи,109149,P0100,0.5,187.5,Завершен
VK62491,2019-08-06,CL00608,Красногорск,156420,P0086,3.0,1125.0,Завершен
VK72974,2019-08-06,CL00105,Королёв,157125,P0016,3.0,825.0,Отказ
VK78920,2019-08-06,CL01110,Королёв,191520,P0089,1.5,562.5,Завершен
VK88678,2019-08-07,CL00282,Люберцы,174395,P0039,2.5,687.5,Завершен
VK27671,2019-08-07,CL00108,Реутов,186900,P0064,0.5,187.5,Завершен
VK24467,2019-08-07,CL00326,Подольск,111104,P0082,0.5,187.5,Завершен
VK63637,2019-08-07,CL00185,Мытищи,120181,P0076,1.5,562.5,Завершен
VK64723,2019-08-07,CL00909,Красногорск,157372,P0055,5.0,1875.0,Завершен
VK22441,2019-08-07,CL00326,Подольск,111104,P0026,1.5,412.5,Завершен
VK96888,2019-08-07,CL01079,Королёв,186099,P0069,2.5,937.5,Завершен
VK11233,2019-08-07,CL00583,Красногорск,101617,P0083,0.5,187.5,Завершен
VK22336,2019-08-08,CL01104,Москва,170972,P0045,2.0,550.0,Завершен
VK58040,2019-08-08,CL00358,Москва,131531,P0044,1.0,275.0,Завершен
VK33331,2019-08-08,CL00963,Реутов,191242,P0006,5.0,1375.0,Завершен
VK64318,2019-08-08,CL01013,Москава,147774,P0068,3.0,1125.0,Завершен
VK49988,2019-08-08,CL01032,Реутов,159591,P0047,0.5,137.5,Завершен
VK73963,2019-08-08,CL00528,Москава,117575,P0058,2.5,937.5,Завершен
VK31848,2019-08-09,CL00277,Люберцы,135818,P0072,0.5,187.5,Завершен
VK37155,2019-08-09,CL00413,Москва,103718,P0097,3.0,1125.0,Отказ
VK75482,2019-08-09,CL00481,Москва,138669,P0034,3.0,825.0,Завершен
VK74717,2019-08-09,CL00083,Мытищи,187012,P0040,0.5,137.5,Завершен
VK99557,2019-08-09,CL00988,Реутов,126945,P0022,1.5,412.5,Завершен
VK60989,2019-08-09,CL00003,Мытищи,139117,P0095,3.0,1125.0,Завершен
VK35489,2019-08-09,CL00450,Мытищи,157807,P0009,1.0,275.0,Завершен
VK41729,2019-08-09,CL00628,Реутов,176939,P0044,2.0,550.0,Завершен
VK79059,2019-08-09,CL01086,Красногорск,136242,P0116,0.5,187.5,Завершен
VK53634,2019-08-10,CL00957,Люберцы,155363,P0070,1.5,562.5,Завершен
VK65194,2019-08-10,CL01145,Москва,146771,P0008,2.5,687.5,Завершен
VK99139,2019-08-10,CL00883,Люберцы,168195,P0089,5.0,1875.0,Завершен
VK81848,2019-08-10,CL00179,Королёв,199613,P0019,2.5,687.5,Завершен
VK30073,2019-08-10,CL00367,Королёв,126422,P0099,5.0,1875.0,Завершен
VK38551,2019-08-10,CL00883,Люберцы,168195,P0016,2.0,550.0,Завершен
VK29070,2019-08-10,CL00046,Мытищи,117601,P0054,2.5,937.5,Завершен
VK54829,2019-08-10,CL00094,Королёв,197472,P0055,1.5,562.5,Завершен
VK45694,2019-08-10,CL01198,Мытищи,186362,P0097,0.5,187.5,Завершен
VK34150,2019-08-10,CL00492,Химки,117507,P0078,0.5,187.5,Завершен
VK33880,2019-08-11,CL00122,Мытищи,139529,P0053,5.0,1875.0,Завершен
VK14891,2019-08-11,CL00717,Мытищи,106903,P0108,3.0,1125.0,Завершен
VK61795,2019-08-11,CL00750,Подольск,143456,P0012,0.5,137.5,Завершен
VK44225,2019-08-11,CL00911,Мытищи,159839,P0057,1.0,375.0,Завершен
VK37251,2019-08-11,CL00125,Реутов,113833,P0009,1.5,412.5,Завершен
VK91495,2019-08-12,CL00934,Красногорск,129218,P0107,3.0,1125.0,Завершен
VK66183,2019-08-12,CL00592,Красногорск,156441,P0029,0.5,137.5,Завершен
VK57495,2019-08-12,CL00929,Мытищи,158598,P0062,3.0,1125.0,Завершен
VK70924,2019-08-12,CL00670,Люберцы,abcde,P0050,5.0,1375.0,Завершен
VK14208,2019-08-12,CL00563,Мытищи,105577,P0086,1.0,375.0,Завершен
VK90121,2019-08-12,CL01176,Красногорск,195451,P0088,2.5,937.5,Завершен
VK24104,2019-08-12,CL00752,Реутов,151773,P0071,2.5,937.5,Завершен
VK34665,2019-08-12,CL00578,Подольск,141507,P0016,2.0,550.0,Завершен
VK27836,2019-08-13,CL00067,Люберцы,136585,P0048,2.0,550.0,Отказ
VK39669,2019-08-13,CL00706,Подольск,198274,P0071,0.5,187.5,Завершен
VK11468,2019-08-13,CL00428,Королёв,140441,P0048,3.0,825.0,Завершен
VK50059,2019-08-13,CL00042,Мытищи,166307,P0087,3.0,1125.0,Завершен
VK94716,2019-08-13,CL00704,Подольск,192785,P0029,1.0,275.0,Завершен
VK45438,2019-08-13,CL00037,Москва,154948,P0044,1.0,275.0,Завершен
VK78840,2019-08-13,CL00321,Реутов,188984,P0051,0.5,187.5,Завершен
VK40085,2019-08-13,CL00553,Москва,abcde,P0110,5.0,1875.0,Завершен
VK63974,2019-08-13,CL00983,Мытищи,170809,P0049,5.0,1375.0,Завершен
VK34225,2019-08-13,CL00774,Москва,176888,P0013,3.0,825.0,Завершен
VK50982,2019-08-13,CL00581,Москава,158830,P0026,3.0,825.0,Завершен
VK22339,2019-08-13,CL00945,Королёв,196497,P0080,1.5,562.5,Завершен
VK58215,2019-08-14,CL01122,Королёв,182660,P0049,1.0,275.0,Завершен
VK50324,2019-08-14,CL00827,Москва,143449,P0077,0.5,187.5,Завершен
VK21909,2019-08-14,CL00385,Красногорск,174349,P0098,2.0,750.0,Завершен
VK77469,2019-08-14,CL00757,Королёв,136670,P0056,0.5,187.5,Завершен
VK54087,2019-08-14,CL00692,Мытищи,101581,P0026,2.0,-550.0,Завершен
VK11057,2019-08-14,CL01030,Королёв,134649,P0096,2.0,750.0,Завершен
VK47356,2019-08-14,CL01029,Королёв,105297,P0011,2.5,687.5,Завершен
VK35234,2019-08-15,CL00008,Подольск,172063,P0105,3.0,1125.0,Отказ
VK50769,2019-08-15,CL00919,Москва,188857,P0062,2.0,750.0,Отказ
VK49332,2019-08-15,CL00675,Химки,158335,P0063,5.0,1875.0,Завершен
VK22234,2019-08-15,CL00293,Мытищи,197260,P0011,5.0,1375.0,Завершен
VK17314,2019-08-15,CL00313,Мытищи,111835,P0098,3.0,1125.0,Завершен
VK33472,2019-08-15,CL00822,Мытищи,119424,P0028,2.5,687.5,Завершен
VK97477,2019-08-15,CL00565,Люберцы,109744,P0044,2.0,550.0,Завершен
VK13560,2019-08-15,CL00845,Химки,153674,P0060,5.0,1875.0,Завершен
VK60243,2019-08-15,CL00127,Реутов,168386,P0098,3.0,1125.0,Завершен
VK33755,2019-08-15,CL00548,Москва,abcde,P0094,1.5,562.5,Завершен
VK32993,2019-08-15,CL01195,Химки,108302,P0073,3.0,1125.0,Завершен
VK84538,2019-08-16,CL00920,Красногорск,190209,P0097,2.5,937.5,Завершен
VK18575,2019-08-16,CL00930,Москава,197679,P0028,1.5,412.5,Отказ
VK35149,2019-08-16,CL00141,Люберцы,115814,P0032,3.0,825.0,Завершен
VK91410,2019-08-16,CL00704,Подольск,192785,P0093,2.5,937.5,Завершен
VK50048,2019-08-16,CL00816,Подольск,121910,P0045,5.0,1375.0,Завершен
VK92696,2019-08-16,CL01065,Реутов,133244,P0082,1.0,375.0,Завершен
VK43731,2019-08-17,CL01156,Реутов,121400,P0021,1.0,275.0,Завершен
VK23438,2019-08-17,CL00367,Королёв,126422,P0074,1.0,375.0,Завершен
VK67170,2019-08-17,CL00351,Подольск,161487,P0069,3.0,1125.0,Завершен
VK14886,2019-08-17,CL00433,Подольск,195355,P0032,2.5,687.5,Завершен
VK57444,2019-08-17,CL00773,Подольск,123260,P0071,2.5,937.5,Завершен
VK47260,2019-08-17,CL00292,Реутов,130161,P0060,5.0,1875.0,Завершен
VK33146,2019-08-17,CL00102,Реутов,176556,P0069,1.0,375.0,Завершен
VK88766,2019-08-18,CL01129,Подольск,137304,P0088,1.5,562.5,Завершен
VK71646,2019-08-18,CL00580,Красногорск,113399,P0073,0.5,187.5,Завершен
VK43897,2019-08-18,CL01098,Красногорск,175197,P0005,2.0,550.0,Завершен
VK82017,2019-08-18,CL00816,Подольск,121910,P0016,2.0,550.0,Завершен
VK14932,2019-08-18,CL01026,Реутов,101388,P0097,2.5,937.5,Завершен
VK87162,2019-08-18,CL00008,Подольск,172063,P0063,5.0,1875.0,Завершен
VK82152,2019-08-18,CL00510,Подольск,129188,XXX999,1.5,412.5,Завершен
VK37822,2019-08-18,CL00970,Реутов,136583,P0054,2.5,937.5,Завершен
VK90022,2019-08-18,CL01034,Люберцы,134513,P0071,1.5,562.5,Завершен
VK59452,2019-08-18,CL00728,Реутов,107850,P0029,3.0,825.0,Завершен
VK94210,2019-08-19,CL00862,Подольск,143992,P0111,3.0,1125.0,Завершен
VK66784,2019-08-19,CL00343,Люберцы,121012,P0095,0.5,187.5,Завершен
VK44191,2019-08-19,CL00401,Люберцы,193969,P0014,2.5,687.5,Отказ
VK20752,2019-08-19,CL00399,Красногорск,148353,P0120,2.5,937.5,Завершен
VK38166,2019-08-19,CL00953,Химки,181810,P0056,0.5,187.5,Отказ
VK68724,2019-08-19,CL00493,Подольск,179395,P0107,5.0,1875.0,Завершен
VK72971,2019-08-19,CL00502,Москва,188181,P0052,0.5,187.5,Завершен
VK66640,2019-08-19,CL00381,Люберцы,107518,P0024,5.0,1375.0,Завершен
VK95540,2019-08-19,CL01103,Мытищи,186956,P0107,3.0,1125.0,Завершен
VK76215,2019-08-19,CL00958,Мытищи,119048,P0118,1.5,562.5,Отказ
VK46469,2019-08-20,CL01144,Королёв,117206,P0048,0.5,137.5,Завершен
VK12180,2019-08-20,CL00994,Москва,115506,P0003,1.5,412.5,Завершен
VK63603,2019-08-20,CL00195,Красногорск,192435,P0040,3.0,825.0,Завершен
VK85577,2019-08-20,CL00260,Подольск,182978,P0055,2.0,750.0,Завершен
VK73500,2019-08-20,CL00203,Москва,130771,P0114,5.0,1875.0,Завершен
VK27788,2019-08-20,CL00419,Подольск,163471,P0039,1.5,412.5,Завершен
VK44641,2019-08-20,CL01069,Люберцы,175713,P0058,5.0,-1875.0,Завершен
VK66968,2019-08-20,CL00296,Люберцы,102733,XXX999,1.0,375.0,Завершен
VK80393,2019-08-20,CL00191,Королёв,158529,P0094,0.5,187.5,Завершен
VK60510,2019-08-21,CL00775,Мытищи,147826,P0067,5.0,1875.0,Отказ
VK55979,2019-08-21,CL00570,Реутов,118343,P0120,1.0,375.0,Завершен
VK21086,2019-08-21,CL00973,Подольск,178234,P0033,1.0,275.0,Отказ
VK28520,2019-08-21,CL01155,Москва,124716,P0002,0.5,137.5,Завершен
VK59462,2019-08-21,CL00226,Люберцы,144396,P0050,2.0,550.0,Завершен
VK90005,2019-08-21,CL01144,Королёв,117206,P0033,2.5,687.5,Завершен
VK48528,2019-08-21,CL00188,Подольск,178561,P0014,3.0,825.0,Завершен
VK58348,2019-08-21,CL01093,Москва,133792,P0059,3.0,1125.0,Завершен
VK74189,2019-08-21,CL00070,Люберцы,178193,P0074,1.0,375.0,Завершен
VK59289,2019-08-21,CL00818,Реутов,182211,P0109,2.0,750.0,Завершен
VK38342,2019-08-21,CL00704,Москава,192785,P0094,5.0,1875.0,Завершен
VK29225,2019-08-21,CL00264,Реутов,129949,P0042,2.0,550.0,Завершен
VK65372,2019-08-21,CL00817,Химки,155492,P0116,0.5,187.5,Завершен
VK19429,2019-08-22,CL00520,Красногорск,188150,P0059,1.0,375.0,Завершен
VK35713,2019-08-22,CL01049,Королёв,153840,P0115,3.0,1125.0,Завершен
VK99080,2019-08-22,CL00636,Красногорск,181187,P0002,1.0,275.0,Завершен
VK16267,2019-08-22,CL00756,Химки,165390,P0116,2.0,750.0,Отказ
VK26257,2019-08-22,CL01069,Люберцы,175713,P0047,2.0,550.0,Завершен
VK56835,2019-08-22,CL01169,Мытищи,119148,XXX999,2.0,750.0,Завершен
VK82649,2019-08-23,CL00213,Подольск,145293,P0063,2.5,937.5,Завершен
VK74998,2019-08-23,CL00381,Люберцы,107518,P0034,2.5,687.5,Завершен
VK59064,2019-08-23,CL00659,Реутов,136467,P0075,1.5,562.5,Завершен
VK47598,2019-08-23,CL00637,Красногорск,163518,P0079,2.5,937.5,Завершен
VK47389,2019-08-23,CL00032,Москва,107492,P0120,3.0,1125.0,Завершен
VK53815,2019-08-23,CL00080,Люберцы,176019,P0101,5.0,1875.0,Завершен
VK34937,2019-08-23,CL00263,Мытищи,185316,P0012,1.0,275.0,Завершен
VK12952,2019-08-24,CL01118,Химки,194478,P0109,1.5,562.5,Завершен
VK71242,2019-08-24,CL00598,Подольск,172102,P0067,5.0,1875.0,Завершен
VK88220,2019-08-24,CL01096,Люберцы,112190,P0099,1.5,562.5,Отказ
VK49065,2019-08-24,CL00094,Королёв,197472,P0004,2.0,550.0,Завершен
VK62222,2019-08-25,CL00345,Мытищи,129102,P0056,5.0,1875.0,Завершен
VK29662,2019-08-25,CL00054,Москва,190573,P0055,1.5,562.5,Завершен
VK44523,2019-08-25,CL00353,Химки,171932,P0084,1.0,375.0,Завершен
VK53716,2019-08-25,CL00844,Химки,184853,P0035,1.5,412.5,Завершен
VK57901,2019-08-25,CL00286,Химки,114918,P0019,3.0,825.0,Завершен
VK33631,2019-08-25,CL00408,Химки,168012,P0028,1.0,275.0,Завершен
VK27056,2019-08-25,CL00476,Москва,174443,P0071,1.0,375.0,Завершен
VK14180,2019-08-25,CL00768,Красногорск,103697,XXX999,2.0,750.0,Завершен
VK97963,2019-08-25,CL00796,Королёв,156534,XXX999,3.0,825.0,Завершен
VK14825,2019-08-25,CL00368,Химки,141365,P0043,5.0,1375.0,Отказ
VK62311,2019-08-26,CL00157,Химки,134687,P0016,2.5,687.5,Завершен
VK20531,2019-08-26,CL00560,Мытищи,149436,P0006,5.0,1375.0,Завершен
VK99502,2019-08-26,CL00464,Красногорск,185979,P0084,0.5,187.5,Завершен
VK68696,2019-08-26,CL00832,Красногорск,154627,P0026,1.5,412.5,Завершен
VK62663,2019-08-26,CL00535,Москава,191177,P0007,5.0,1375.0,Завершен
VK50162,2019-08-26,CL01138,Подольск,186772,P0057,2.0,750.0,Отказ
VK22190,2019-08-26,CL00007,Мытищи,109071,P0038,2.0,550.0,Завершен
VK90492,2019-08-27,CL00085,Люберцы,126100,P0063,2.5,937.5,Завершен
VK27454,2019-08-27,CL00736,Химки,176638,XXX999,0.5,137.5,Завершен
VK88695,2019-08-27,CL00063,Реутов,161694,P0032,1.5,412.5,Завершен
VK79042,2019-08-27,CL00474,Подольск,104763,P0002,2.5,687.5,Завершен
VK46205,2019-08-27,CL00619,Подольск,143383,P0091,3.0,1125.0,Завершен
VK40496,2019-08-27,CL00716,Красногорск,110208,P0011,3.0,825.0,Завершен
VK33655,2019-08-27,CL00074,Химки,109171,P0018,3.0,825.0,Завершен
VK56472,2019-08-28,CL00297,Подольск,181018,P0006,0.5,137.5,Завершен
VK21565,2019-08-28,CL00138,Химки,176225,P0097,0.5,187.5,Завершен
VK14224,2019-08-28,CL00780,Химки,122983,P0019,2.5,687.5,Завершен
VK69122,2019-08-28,CL00175,Реутов,137777,P0080,1.5,562.5,Завершен
VK82320,2019-08-28,CL00819,Люберцы,195302,P0080,5.0,1875.0,Завершен
VK43204,2019-08-28,CL00308,Красногорск,182210,P0028,2.5,687.5,Завершен
VK75580,2019-08-28,CL00929,Мытищи,abcde,P0109,2.0,750.0,Завершен
VK69664,2019-08-28,CL00717,Мытищи,106903,P0075,1.5,562.5,Завершен
VK76132,2019-08-29,CL00498,Подольск,168202,P0028,3.0,825.0,Завершен
VK56838,2019-08-29,CL01064,Красногорск,113970,P0023,2.0,550.0,Завершен
VK99385,2019-08-29,CL00121,Химки,190520,P0087,0.5,187.5,Завершен
VK63252,2019-08-29,CL01076,Мытищи,194960,XXX999,3.0,825.0,Завершен
VK75129,2019-08-29,CL01046,Москва,123597,P0053,2.0,750.0,Завершен
VK36710,2019-08-29,CL00527,Подольск,107552,P0104,2.0,-750.0,Завершен
VK58033,2019-08-29,CL00815,Подольск,199246,P0059,0.5,187.5,Завершен
VK34628,2019-08-29,CL00065,Люберцы,129831,P0075,0.5,187.5,Завершен
VK98790,2019-08-30,CL00902,Подольск,abcde,P0097,1.5,562.5,Завершен
VK32388,2019-08-30,CL00224,Реутов,117322,P0065,5.0,1875.0,Завершен
VK53292,2019-08-30,CL00366,Королёв,117675,P0102,2.5,937.5,Завершен
VK24496,2019-08-30,CL00216,Химки,147049,P0099,1.5,562.5,Завершен
VK91373,2019-08-30,CL00725,Химки,183354,P0010,2.0,550.0,Завершен
VK36939,2019-08-30,CL00407,Подольск,121229,P0092,1.0,375.0,Завершен
VK38880,2019-08-30,CL00234,Люберцы,115292,P0005,5.0,1375.0,Отказ
VK58493,2019-08-31,CL00143,Химки,163464,P0046,3.0,825.0,Завершен
VK41740,2019-08-31,CL00084,Мытищи,198453,P0087,2.5,937.5,Завершен
VK87021,2019-08-31,CL01115,Красногорск,155567,P0003,5.0,1375.0,Завершен
VK32726,2019-08-31,CL00470,Подольск,162350,P0114,3.0,1125.0,Завершен
VK30281,2019-08-31,CL00669,Подольск,139566,P0025,0.5,137.5,Завершен
VK48691,2019-08-31,CL00380,Москва,146210,P0018,2.0,550.0,Завершен
VK48760,2019-08-31,CL01010,Красногорск,abcde,P0107,0.5,187.5,Завершен
VK17074,2019-09-01,CL00722,Химки,177554,P0060,1.5,562.5,Завершен
VK15110,2019-09-01,CL01088,Люберцы,166353,P0040,0.5,-137.5,Завершен
VK50279,2019-09-01,CL00741,Москва,142964,P0097,1.0,375.0,Отказ
VK67796,2019-09-01,CL01062,Люберцы,192949,P0108,1.5,562.5,Отказ
VK23082,2019-09-01,CL00505,Москва,109046,P0068,2.5,937.5,Отказ
VK63381,2019-09-01,CL00291,Королёв,123028,P0095,0.5,-187.5,Завершен
VK49725,2019-09-01,CL00508,Реутов,189486,P0108,1.5,562.5,Завершен
VK51912,2019-09-01,CL00301,Химки,122037,P0086,3.0,1125.0,Завершен
VK66643,2019-09-01,CL00374,Подольск,165211,P0093,2.0,750.0,Завершен
VK20752,2019-09-02,CL00097,Мытищи,abcde,P0043,2.0,550.0,Завершен
VK23497,2019-09-02,CL00435,Химки,137827,P0013,2.5,687.5,Завершен
VK23715,2019-09-02,CL00972,Красногорск,120290,P0012,0.5,137.5,Завершен
VK93979,2019-09-02,CL00158,Москава,172350,P0008,3.0,825.0,Завершен
VK22226,2019-09-02,CL00043,Подольск,109016,P0013,2.0,550.0,Завершен
VK79001,2019-09-02,CL00713,Москва,abcde,P0083,0.5,187.5,Отказ
VK97051,2019-09-02,CL00101,Королёв,127110,P0058,3.0,1125.0,Завершен
VK26187,2019-09-02,CL00420,Химки,118830,P0033,1.5,412.5,Завершен
VK64709,2019-09-02,CL00595,Люберцы,182955,P0065,2.0,750.0,Завершен
VK85095,2019-09-03,CL01175,Химки,189318,P0071,3.0,-1125.0,Завершен
VK21318,2019-09-03,CL00507,Реутов,150132,P0095,5.0,1875.0,Завершен
VK55254,2019-09-03,CL00195,Красногорск,192435,P0079,3.0,1125.0,Отказ
VK96776,2019-09-03,CL00621,Подольск,156640,P0053,2.5,937.5,Завершен
VK93040,2019-09-03,CL00420,Химки,118830,P0107,5.0,1875.0,Завершен
VK27389,2019-09-03,CL00634,Реутов,183296,P0112,1.5,562.5,Завершен
VK16443,2019-09-03,CL00358,Москва,131531,P0092,2.5,937.5,Завершен
VK29106,2019-09-03,CL00935,Красногорск,181232,P0026,3.0,825.0,Завершен
VK94592,2019-09-03,CL01078,Москва,122973,P0081,0.5,187.5,Отказ
VK15756,2019-09-04,CL00920,Красногорск,190209,P0049,0.5,137.5,Завершен
VK32741,2019-09-04,CL00199,Королёв,118894,P0089,1.5,562.5,Завершен
VK33845,2019-09-04,CL00518,Химки,198878,P0073,5.0,1875.0,Завершен
VK57004,2019-09-04,CL00416,Королёв,171509,P0120,1.5,562.5,Отказ
VK72535,2019-09-04,CL00467,Химки,169604,P0003,5.0,1375.0,Завершен
VK62315,2019-09-04,CL00219,Королёв,abcde,P0032,1.5,412.5,Завершен
VK54704,2019-09-04,CL00040,Королёв,198548,P0073,3.0,1125.0,Завершен
VK13053,2019-09-04,CL00796,Королёв,156534,P0025,0.5,137.5,Завершен
VK93173,2019-09-04,CL00756,Химки,165390,XXX999,1.5,562.5,Завершен
VK86601,2019-09-04,CL00472,Люберцы,111725,P0049,2.5,687.5,Завершен
VK61398,2019-09-04,CL00855,Реутов,189228,P0097,2.5,937.5,Завершен
VK14623,2019-09-04,CL00300,Реутов,197754,P0032,3.0,825.0,Завершен
VK28094,2019-09-05,CL00597,Красногорск,173905,P0103,2.0,-750.0,Завершен
VK21558,2019-09-05,CL00652,Подольск,192281,P0083,5.0,1875.0,Завершен
VK35366,2019-09-05,CL00678,Мытищи,113425,P0021,0.5,137.5,Завершен
VK46627,2019-09-05,CL00071,Красногорск,141114,P0071,2.5,937.5,Завершен
VK46319,2019-09-05,CL01046,Москва,123597,P0074,2.0,750.0,Завершен
VK20438,2019-09-05,CL00122,Мытищи,139529,P0119,3.0,1125.0,Завершен
VK12021,2019-09-05,CL00643,Мытищи,135112,P0035,5.0,1375.0,Завершен
VK37173,2019-09-05,CL00722,Химки,177554,P0026,1.0,275.0,Завершен
VK43600,2019-09-05,CL01006,Подольск,180856,P0097,1.5,562.5,Завершен
VK86921,2019-09-05,CL01090,Люберцы,175352,P0027,5.0,1375.0,Завершен
VK52290,2019-09-05,CL00709,Мытищи,166949,P0097,5.0,1875.0,Завершен
VK32084,2019-09-05,CL00041,Москва,173792,P0053,3.0,1125.0,Завершен
VK29562,2019-09-06,CL00494,Реутов,161712,P0093,2.0,750.0,Завершен
VK58176,2019-09-06,CL00022,Мытищи,124931,P0066,2.5,937.5,Завершен
VK96825,2019-09-06,CL00094,Королёв,197472,P0043,5.0,1375.0,Завершен
VK30820,2019-09-06,CL00665,Королёв,189463,P0026,2.5,687.5,Завершен
VK80322,2019-09-06,CL00126,Красногорск,160258,P0002,2.5,687.5,Завершен
VK24520,2019-09-06,CL00830,Люберцы,191250,P0089,0.5,187.5,Завершен
VK42174,2019-09-06,CL00167,Королёв,105224,P0083,2.5,937.5,Завершен
VK67250,2019-09-06,CL00280,Мытищи,128197,P0095,1.5,562.5,Завершен
VK65980,2019-09-06,CL01009,Мытищи,125875,P0029,2.5,687.5,Завершен
VK99326,2019-09-06,CL00277,Люберцы,135818,P0075,2.5,937.5,Завершен
VK63674,2019-09-06,CL00237,Реутов,187881,P0031,5.0,1375.0,Завершен
VK12421,2019-09-06,CL00423,Красногорск,116059,P0103,3.0,1125.0,Завершен
VK46509,2019-09-06,CL00574,Королёв,172487,P0043,2.5,687.5,Завершен
VK38679,2019-09-06,CL00044,Красногорск,157433,P0068,1.5,562.5,Завершен
VK20400,2019-09-07,CL00516,Королёв,192181,P0043,2.0,550.0,Завершен
VK36301,2019-09-07,CL00024,Химки,109880,P0061,1.0,375.0,Завершен
VK52254,2019-09-07,CL01017,Королёв,147020,P0053,0.5,187.5,Завершен
VK53221,2019-09-07,CL01093,Москва,133792,P0004,1.5,412.5,Завершен
VK75922,2019-09-07,CL00802,Люберцы,181931,P0097,2.5,937.5,Завершен
VK45984,2019-09-07,CL00508,Реутов,189486,P0116,3.0,1125.0,Завершен
VK46232,2019-09-07,CL01163,Химки,119942,XXX999,2.5,937.5,Завершен
VK18437,2019-09-07,CL00453,Москва,167984,P0078,0.5,187.5,Завершен
VK79017,2019-09-07,CL00213,Подольск,abcde,P0057,3.0,1125.0,Завершен
VK30511,2019-09-07,CL00442,Красногорск,141750,P0069,2.0,750.0,Завершен
VK25768,2019-09-07,CL00049,Химки,134600,P0080,2.0,750.0,Завершен
VK25442,2019-09-07,CL00131,Красногорск,142600,P0005,5.0,1375.0,Завершен
VK74621,2019-09-07,CL01008,Королёв,109587,P0099,5.0,1875.0,Завершен
VK39362,2019-09-07,CL01054,Подольск,123255,P0057,2.0,750.0,Завершен
VK34076,2019-09-08,CL00702,Москава,156948,P0119,3.0,1125.0,Завершен
VK61904,2019-09-08,CL00855,Реутов,189228,P0074,0.5,187.5,Завершен
VK14933,2019-09-08,CL00345,Мытищи,129102,P0065,5.0,1875.0,Завершен
VK52897,2019-09-08,CL00036,Реутов,174668,P0032,0.5,137.5,Завершен
VK93794,2019-09-08,CL00571,Красногорск,157290,P0077,2.5,937.5,Завершен
VK46802,2019-09-08,CL00264,Реутов,129949,P0092,1.0,375.0,Завершен
VK46800,2019-09-08,CL00174,Красногорск,121079,P0117,1.0,375.0,Завершен
VK38176,2019-09-08,CL00165,Королёв,190266,P0104,5.0,1875.0,Завершен
VK88669,2019-09-08,CL00155,Королёв,177139,P0017,1.5,412.5,Завершен
VK63767,2019-09-08,CL00317,Москва,145015,P0011,1.0,275.0,Завершен
VK92369,2019-09-08,CL01140,Мытищи,162021,P0080,2.5,937.5,Отказ
VK67133,2019-09-08,CL00831,Химки,197481,P0005,2.5,687.5,Завершен
VK20854,2019-09-08,CL00080,Люберцы,176019,P0020,3.0,825.0,Завершен
VK76342,2019-09-08,CL01100,Королёв,130783,P0113,5.0,1875.0,Завершен
VK67333,2019-09-09,CL00587,Мытищи,136170,P0076,2.0,750.0,Отказ
VK62808,2019-09-09,CL00914,Подольск,177430,P0011,2.0,550.0,Завершен
VK74981,2019-09-09,CL00055,Москва,176350,P0112,3.0,1125.0,Завершен
VK53615,2019-09-09,CL01089,Мытищи,144560,P0072,1.0,-375.0,Отказ
VK49179,2019-09-09,CL00672,Москва,140043,P0052,3.0,1125.0,Завершен
VK24035,2019-09-09,CL00930,Мытищи,197679,P0036,2.5,687.5,Завершен
VK79561,2019-09-09,CL00962,Красногорск,113432,P0017,2.5,687.5,Завершен
VK63578,2019-09-09,CL00465,Королёв,170592,P0026,5.0,1375.0,Завершен
VK99496,2019-09-09,CL00151,Мытищи,109710,P0066,2.0,750.0,Завершен
VK57766,2019-09-09,CL00757,Королёв,136670,P0041,1.0,275.0,Завершен
VK21205,2019-09-09,CL00172,Подольск,157132,P0055,3.0,1125.0,Отказ
VK44055,2019-09-10,CL01014,Реутов,141053,P0119,2.0,750.0,Завершен
VK58598,2019-09-10,CL00212,Москва,160981,P0067,1.0,375.0,Завершен
VK77108,2019-09-10,CL01036,Люберцы,129215,P0106,2.0,750.0,Завершен
VK61829,2019-09-10,CL00696,Люберцы,107925,P0116,1.5,562.5,Завершен
VK89889,2019-09-10,CL00411,Подольск,176106,P0069,0.5,187.5,Завершен
VK72979,2019-09-10,CL00175,Реутов,137777,P0058,5.0,1875.0,Завершен
VK97333,2019-09-10,CL00502,Москва,188181,P0048,5.0,1375.0,Завершен
VK84647,2019-09-10,CL00804,Люберцы,162071,P0079,5.0,1875.0,Завершен
VK18476,2019-09-10,CL01138,Подольск,186772,P0112,0.5,187.5,Завершен
VK58539,2019-09-10,CL00937,Химки,146548,P0047,2.0,550.0,Завершен
VK98812,2019-09-10,CL01185,Москва,120174,P0108,0.5,187.5,Завершен
VK73099,2019-09-11,CL00819,Люберцы,195302,P0015,2.5,687.5,Завершен
VK49713,2019-09-11,CL00577,Мытищи,120214,P0063,0.5,-187.5,Завершен
VK95018,2019-09-11,CL00464,Красногорск,185979,P0031,3.0,825.0,Завершен
VK93708,2019-09-11,CL00399,Красногорск,148353,P0029,5.0,1375.0,Завершен
VK66611,2019-09-11,CL00943,Мытищи,106094,P0067,5.0,1875.0,Завершен
VK74569,2019-09-11,CL00682,Подольск,194690,P0074,2.5,937.5,Завершен
VK63808,2019-09-11,CL00779,Красногорск,abcde,P0050,0.5,137.5,Завершен
VK28463,2019-09-11,CL00232,Химки,181205,P0088,5.0,1875.0,Завершен
VK86318,2019-09-11,CL00929,Мытищи,158598,P0075,3.0,1125.0,Отказ
VK17047,2019-09-11,CL00951,Королёв,118111,P0093,1.5,562.5,Завершен
VK41587,2019-09-11,CL00994,Москва,115506,P0010,2.0,-550.0,Завершен
VK55321,2019-09-11,CL00786,Мытищи,187821,P0104,1.5,562.5,Завершен
VK70792,2019-09-11,CL00878,Москва,199201,P0104,1.0,375.0,Завершен
VK16678,2019-09-11,CL00158,Подольск,172350,P0111,2.0,750.0,Завершен
VK26130,2019-09-11,CL00213,Подольск,145293,P0079,3.0,1125.0,Отказ
VK70600,2019-09-11,CL00723,Химки,171638,P0093,1.5,562.5,Завершен
VK47714,2019-09-11,CL00027,Реутов,128016,P0062,2.0,750.0,Завершен
VK41508,2019-09-11,CL00010,Химки,198994,P0012,2.5,687.5,Завершен
VK96410,2019-09-11,CL00416,Королёв,171509,P0034,3.0,825.0,Отказ
VK73406,2019-09-11,CL00671,Мытищи,185054,P0015,1.5,412.5,Завершен
VK57878,2019-09-11,CL01174,Москва,196380,P0012,1.0,275.0,Завершен
VK54140,2019-09-11,CL01107,Реутов,175584,P0048,2.0,550.0,Завершен
VK39261,2019-09-11,CL00003,Мытищи,139117,P0063,2.0,750.0,Завершен
VK62750,2019-09-12,CL00758,Подольск,184233,P0014,0.5,137.5,Завершен
VK79586,2019-09-12,CL01193,Люберцы,159517,P0032,0.5,137.5,Завершен
VK92322,2019-09-12,CL00837,Подольск,126309,P0067,5.0,1875.0,Завершен
VK35351,2019-09-12,CL00791,Красногорск,113294,P0087,3.0,1125.0,Завершен
VK37971,2019-09-12,CL00816,Подольск,121910,P0036,2.0,550.0,Завершен
VK68273,2019-09-13,CL00508,Реутов,189486,P0028,2.0,550.0,Завершен
VK43355,2019-09-13,CL00547,Подольск,164004,P0069,3.0,1125.0,Завершен
VK97744,2019-09-13,CL00607,Подольск,105806,P0067,3.0,1125.0,Завершен
VK42185,2019-09-13,CL00262,Москава,156387,P0070,2.5,937.5,Завершен
VK55783,2019-09-13,CL00924,Москва,120568,P0012,1.5,412.5,Завершен
VK54570,2019-09-13,CL01031,Химки,127102,P0096,3.0,1125.0,Завершен
VK38410,2019-09-13,CL00037,Москва,154948,P0044,0.5,137.5,Завершен
VK58871,2019-09-13,CL00670,Люберцы,147242,P0071,2.0,750.0,Завершен
VK14860,2019-09-13,CL00855,Реутов,189228,P0070,3.0,1125.0,Завершен
VK35029,2019-09-13,CL00718,Химки,106019,P0027,0.5,137.5,Завершен
VK23208,2019-09-13,CL01023,Люберцы,170736,P0059,2.5,937.5,Завершен
VK55604,2019-09-13,CL01111,Красногорск,101549,P0056,0.5,187.5,Отказ
VK96383,2019-09-13,CL00181,Королёв,163532,P0118,2.5,937.5,Завершен
VK23744,2019-09-13,CL00112,Люберцы,155255,P0066,5.0,1875.0,Отказ
VK60229,2019-09-13,CL00854,Химки,131496,P0062,2.0,750.0,Завершен
VK63414,2019-09-14,CL00238,Подольск,185841,P0085,3.0,1125.0,Завершен
VK69566,2019-09-14,CL00742,Мытищи,146627,P0043,0.5,137.5,Завершен
VK80560,2019-09-14,CL00771,Москва,128679,P0117,1.0,375.0,Завершен
VK21190,2019-09-14,CL00632,Мытищи,190890,P0081,1.0,375.0,Завершен
VK55273,2019-09-14,CL00423,Красногорск,116059,P0062,1.0,375.0,Завершен
VK35408,2019-09-14,CL00760,Королёв,163527,P0049,5.0,1375.0,Завершен
VK45665,2019-09-14,CL00578,Подольск,141507,P0067,2.5,937.5,Отказ
VK71354,2019-09-14,CL00471,Москава,137649,P0084,1.0,375.0,Отказ
VK74552,2019-09-14,CL00139,Королёв,145056,P0082,5.0,1875.0,Завершен
VK90541,2019-09-14,CL00901,Мытищи,187690,P0019,3.0,825.0,Завершен
VK98129,2019-09-14,CL00402,Реутов,175353,P0042,1.0,275.0,Завершен
VK97738,2019-09-15,CL00354,Мытищи,131147,P0093,5.0,1875.0,Завершен
VK71718,2019-09-15,CL00593,Люберцы,191133,P0062,2.0,750.0,Завершен
VK44657,2019-09-15,CL01071,Химки,191660,P0077,5.0,-1875.0,Завершен
VK18953,2019-09-15,CL00908,Москва,186947,P0038,3.0,825.0,Завершен
VK78562,2019-09-15,CL00216,Химки,147049,P0017,1.0,275.0,Завершен
VK86450,2019-09-15,CL00875,Мытищи,156847,P0074,2.0,750.0,Завершен
VK26548,2019-09-15,CL01024,Подольск,129269,P0019,0.5,137.5,Отказ
VK35706,2019-09-15,CL00430,Химки,146254,P0036,3.0,-825.0,Завершен
VK19903,2019-09-15,CL00922,Красногорск,184070,P0060,5.0,1875.0,Завершен
VK31809,2019-09-15,CL01102,Красногорск,113983,P0107,1.5,562.5,Завершен
VK59494,2019-09-15,CL00740,Мытищи,189922,P0065,1.5,562.5,Завершен
VK86753,2019-09-15,CL00275,Красногорск,148176,P0006,0.5,137.5,Завершен
VK81637,2019-09-15,CL00892,Реутов,133126,XXX999,2.0,550.0,Завершен
VK29234,2019-09-15,CL00493,Подольск,179395,P0040,2.5,687.5,Завершен
VK91093,2019-09-15,CL00025,Мытищи,170855,P0095,5.0,1875.0,Завершен
VK51742,2019-09-15,CL00790,Подольск,164629,P0070,5.0,1875.0,Завершен
VK92467,2019-09-15,CL00004,Подольск,121174,P0120,2.0,750.0,Завершен
VK87740,2019-09-16,CL00942,Королёв,124979,P0012,3.0,825.0,Завершен
VK66208,2019-09-16,CL00546,Королёв,146160,P0112,1.0,375.0,Завершен
VK23070,2019-09-16,CL00386,Подольск,148623,P0014,2.5,687.5,Завершен
VK46629,2019-09-16,CL00798,Москава,153645,P0061,2.5,937.5,Завершен
VK20521,2019-09-16,CL00228,Реутов,173048,P0090,5.0,-1875.0,Завершен
VK27639,2019-09-16,CL00576,Мытищи,138715,P0119,1.5,562.5,Завершен
VK19764,2019-09-16,CL00501,Королёв,154450,P0096,1.0,375.0,Отказ
VK41959,2019-09-16,CL00037,Москва,154948,P0053,1.5,562.5,Завершен
VK44991,2019-09-16,CL00398,Подольск,164752,P0098,1.0,375.0,Завершен
VK24587,2019-09-16,CL00120,Люберцы,149192,P0097,0.5,187.5,Завершен
VK41095,2019-09-17,CL01030,Королёв,134649,P0084,0.5,187.5,Завершен
VK28924,2019-09-17,CL00542,Москва,176550,P0034,5.0,1375.0,Завершен
VK10338,2019-09-17,CL00362,Красногорск,102128,P0013,3.0,825.0,Завершен
VK73278,2019-09-17,CL00271,Мытищи,187207,P0083,2.0,750.0,Завершен
VK93428,2019-09-17,CL00124,Мытищи,144725,P0050,3.0,825.0,Завершен
VK22295,2019-09-17,CL00610,Королёв,160694,P0042,2.0,550.0,Завершен
VK46954,2019-09-17,CL00966,Люберцы,158073,P0102,2.0,750.0,Завершен
VK77652,2019-09-17,CL00157,Химки,134687,P0026,2.5,687.5,Завершен
VK96084,2019-09-17,CL00061,Красногорск,153964,P0046,2.0,550.0,Завершен
VK61109,2019-09-17,CL00188,Подольск,178561,P0053,1.5,562.5,Завершен
VK15861,2019-09-17,CL00879,Москва,182141,P0094,5.0,1875.0,Завершен
VK97986,2019-09-17,CL00719,Мытищи,137002,P0101,1.0,375.0,Завершен
VK48977,2019-09-17,CL00758,Подольск,184233,P0003,1.0,275.0,Завершен
VK62508,2019-09-17,CL00764,Химки,113124,P0111,3.0,1125.0,Завершен
VK71245,2019-09-17,CL00689,Химки,166784,P0037,1.5,412.5,Завершен
VK90330,2019-09-17,CL00951,Королёв,118111,P0039,1.5,412.5,Завершен
VK52323,2019-09-17,CL00302,Мытищи,125415,P0056,0.5,-187.5,Завершен
VK88142,2019-09-18,CL00761,Красногорск,123568,P0033,0.5,137.5,Завершен
VK26172,2019-09-18,CL00772,Москава,180495,P0088,2.0,750.0,Завершен
VK58989,2019-09-18,CL00722,Химки,177554,P0026,2.5,687.5,Отказ
VK34619,2019-09-18,CL00182,Москва,179806,P0093,2.5,937.5,Завершен
VK28638,2019-09-18,CL00494,Реутов,161712,P0024,2.0,550.0,Завершен
VK11412,2019-09-18,CL00032,Москва,107492,P0023,2.5,687.5,Завершен
VK25448,2019-09-18,CL00600,Люберцы,109064,P0008,2.0,550.0,Завершен
VK18779,2019-09-18,CL01110,Королёв,191520,P0090,1.5,562.5,Завершен
VK62163,2019-09-18,CL01143,Реутов,132426,P0046,2.5,687.5,Завершен
VK54686,2019-09-18,CL00168,Красногорск,103390,P0118,3.0,1125.0,Завершен
VK10451,2019-09-18,CL00230,Мытищи,188188,P0118,1.0,375.0,Завершен
VK65501,2019-09-18,CL00089,Москва,113970,P0058,1.0,375.0,Завершен
VK52765,2019-09-19,CL00549,Москва,182667,P0059,1.0,375.0,Завершен
VK50828,2019-09-19,CL00196,Реутов,185461,P0102,5.0,1875.0,Отказ
VK59464,2019-09-19,CL00195,Красногорск,192435,P0043,1.5,412.5,Завершен
VK55240,2019-09-19,CL00596,Химки,136739,P0022,2.5,-687.5,Завершен
VK31354,2019-09-19,CL01126,Королёв,134048,P0080,0.5,187.5,Отказ
VK16171,2019-09-19,CL00536,Реутов,172362,XXX999,3.0,825.0,Отказ
VK29731,2019-09-19,CL00486,Реутов,198796,P0062,5.0,1875.0,Завершен
VK21374,2019-09-19,CL00015,Москва,104117,P0058,2.5,937.5,Завершен
VK77269,2019-09-19,CL00836,Подольск,168719,P0071,2.5,937.5,Завершен
VK63845,2019-09-20,CL00240,Красногорск,158287,P0118,1.0,375.0,Отказ
VK17468,2019-09-20,CL00408,Химки,168012,P0071,2.5,937.5,Завершен
VK26982,2019-09-20,CL00822,Мытищи,119424,P0041,2.5,687.5,Завершен
VK60067,2019-09-20,CL00768,Красногорск,103697,P0041,1.5,412.5,Завершен
VK61401,2019-09-20,CL00629,Красногорск,160012,P0016,0.5,137.5,Завершен
VK40390,2019-09-20,CL00354,Мытищи,131147,P0116,1.5,562.5,Завершен
VK82781,2019-09-20,CL00525,Реутов,149343,XXX999,5.0,1375.0,Завершен
VK41335,2019-09-20,CL00759,Москва,193502,P0093,2.5,937.5,Завершен
VK43930,2019-09-20,CL00665,Королёв,189463,P0018,2.0,550.0,Завершен
VK69447,2019-09-20,CL01105,Королёв,141342,P0086,0.5,187.5,Завершен
VK69966,2019-09-20,CL00446,Красногорск,154596,P0040,5.0,1375.0,Завершен
VK67092,2019-09-20,CL00786,Мытищи,abcde,P0007,2.0,550.0,Завершен
VK69138,2019-09-21,CL00541,Реутов,129002,P0029,5.0,1375.0,Завершен
VK75519,2019-09-21,CL00933,Химки,159796,P0032,1.5,412.5,Завершен
VK54601,2019-09-21,CL00650,Подольск,127082,P0075,1.5,562.5,Завершен
VK49609,2019-09-21,CL01197,Люберцы,184004,P0061,0.5,187.5,Завершен
VK79904,2019-09-21,CL00297,Подольск,181018,P0015,2.5,687.5,Завершен
VK49776,2019-09-21,CL00700,Подольск,151213,P0118,5.0,1875.0,Отказ
VK67512,2019-09-21,CL00082,Королёв,196463,P0048,3.0,825.0,Завершен
VK25344,2019-09-21,CL01065,Реутов,133244,P0038,3.0,825.0,Завершен
VK55146,2019-09-21,CL00580,Красногорск,113399,P0050,2.5,687.5,Отказ
VK54683,2019-09-21,CL01124,Реутов,121409,P0077,2.0,750.0,Отказ
VK73392,2019-09-21,CL00238,Подольск,185841,P0079,5.0,1875.0,Завершен
VK86503,2019-09-21,CL00793,Люберцы,134226,P0029,0.5,137.5,Завершен
VK49176,2019-09-21,CL00126,Красногорск,160258,P0090,1.5,562.5,Завершен
VK76515,2019-09-22,CL01101,Люберцы,126577,P0047,2.5,687.5,Отказ
VK59836,2019-09-22,CL00185,Мытищи,120181,XXX999,1.5,562.5,Завершен
VK64638,2019-09-22,CL00255,Королёв,180623,P0011,2.5,687.5,Завершен
VK59670,2019-09-22,CL00531,Москва,188299,P0059,0.5,187.5,Завершен
VK88310,2019-09-22,CL00556,Химки,169003,P0109,3.0,1125.0,Завершен
VK68201,2019-09-23,CL00329,Москва,123627,P0105,2.0,750.0,Завершен
VK21193,2019-09-23,CL01057,Реутов,148546,P0045,0.5,137.5,Завершен
VK41242,2019-09-23,CL00535,Королёв,191177,P0058,0.5,187.5,Завершен
VK82600,2019-09-23,CL01015,Химки,183995,P0027,1.5,412.5,Завершен
VK34567,2019-09-23,CL00398,Подольск,164752,P0011,2.5,687.5,Завершен
VK63328,2019-09-23,CL00572,Мытищи,180460,P0044,3.0,825.0,Завершен
VK95610,2019-09-23,CL00643,Мытищи,135112,P0034,2.5,687.5,Завершен
VK43893,2019-09-24,CL00130,Королёв,160910,P0096,2.5,937.5,Завершен
VK10302,2019-09-24,CL00442,Красногорск,141750,P0073,3.0,1125.0,Завершен
VK95769,2019-09-24,CL00087,Королёв,182544,P0099,2.0,750.0,Завершен
VK67363,2019-09-24,CL00034,Москва,110500,P0093,1.0,375.0,Завершен
VK52351,2019-09-24,CL00202,Красногорск,199536,P0078,2.5,937.5,Завершен
VK50045,2019-09-24,CL00039,Химки,117154,P0004,5.0,1375.0,Завершен
VK55040,2019-09-24,CL00441,Королёв,119521,P0106,0.5,187.5,Завершен
VK16364,2019-09-24,CL00359,Подольск,111221,P0099,1.0,375.0,Завершен
VK44721,2019-09-24,CL00190,Люберцы,137072,P0102,0.5,187.5,Завершен
VK82834,2019-09-24,CL00875,Мытищи,156847,P0088,1.5,562.5,Завершен
VK72767,2019-09-24,CL00151,Мытищи,109710,P0076,1.5,562.5,Завершен
VK87344,2019-09-25,CL00367,Королёв,126422,P0076,1.0,375.0,Отказ
VK42650,2019-09-25,CL01087,Химки,152947,P0048,1.0,275.0,Завершен
VK14480,2019-09-25,CL00100,Химки,153424,P0099,0.5,187.5,Завершен
VK52733,2019-09-25,CL00740,Мытищи,189922,P0010,0.5,137.5,Завершен
VK64356,2019-09-25,CL01161,Подольск,183478,XXX999,2.5,687.5,Завершен
VK85587,2019-09-25,CL00225,Люберцы,133681,P0036,1.0,275.0,Завершен
VK71862,2019-09-25,CL01125,Химки,162460,P0063,3.0,1125.0,Завершен
VK73443,2019-09-25,CL00821,Люберцы,101620,P0040,2.5,687.5,Завершен
VK78078,2019-09-25,CL01032,Реутов,159591,P0033,1.0,275.0,Завершен
VK19999,2019-09-25,CL00166,Реутов,165597,P0062,2.0,750.0,Завершен
VK50594,2019-09-25,CL00350,Подольск,137601,P0054,1.5,562.5,Завершен
VK63568,2019-09-25,CL00757,Королёв,136670,P0078,2.5,937.5,Завершен
VK24824,2019-09-25,CL01041,Мытищи,154344,P0004,1.0,275.0,Завершен
VK85685,2019-09-25,CL00793,Люберцы,134226,P0031,2.0,550.0,Завершен
VK25054,2019-09-25,CL00714,Реутов,123456,P0073,2.0,750.0,Завершен
VK35519,2019-09-25,CL00300,Реутов,197754,P0021,2.0,550.0,Отказ
VK10475,2019-09-26,CL00814,Люберцы,193625,P0032,3.0,825.0,Завершен
VK74107,2019-09-26,CL00088,Реутов,131979,P0099,0.5,187.5,Завершен
VK45597,2019-09-26,CL00280,Мытищи,128197,P0069,1.5,562.5,Завершен
VK79445,2019-09-26,CL00673,Реутов,192235,P0018,0.5,137.5,Завершен
VK96317,2019-09-26,CL00445,Люберцы,102180,P0018,2.0,550.0,Завершен
VK17281,2019-09-26,CL00413,Москва,103718,P0116,5.0,1875.0,Завершен
VK63187,2019-09-26,CL01065,Реутов,133244,P0055,5.0,1875.0,Завершен
VK71140,2019-09-26,CL00924,Москва,120568,P0082,2.0,750.0,Завершен
VK12347,2019-09-26,CL00693,Красногорск,174498,P0030,1.5,412.5,Завершен
VK32428,2019-09-26,CL00462,Реутов,119198,P0089,5.0,1875.0,Отказ
VK84862,2019-09-26,CL00836,Подольск,168719,P0110,2.0,750.0,Завершен
VK32388,2019-09-26,CL00004,Подольск,121174,XXX999,2.0,550.0,Завершен
VK62198,2019-09-26,CL01040,Химки,120625,P0057,5.0,1875.0,Отказ
VK54781,2019-09-26,CL00665,Королёв,189463,P0105,0.5,187.5,Завершен
VK34725,2019-09-26,CL00260,Подольск,182978,P0026,1.5,412.5,Завершен
VK58819,2019-09-26,CL00678,Мытищи,113425,P0091,1.0,375.0,Отказ
VK28580,2019-09-26,CL00342,Мытищи,167621,P0106,2.5,937.5,Завершен
VK24006,2019-09-27,CL00813,Королёв,130886,P0091,1.5,562.5,Отказ
VK89862,2019-09-27,CL00803,Химки,127125,P0089,2.5,937.5,Завершен
VK97727,2019-09-27,CL00053,Подольск,172309,P0104,5.0,-1875.0,Завершен
VK26924,2019-09-27,CL00004,Подольск,121174,P0045,1.0,275.0,Отказ
VK27130,2019-09-27,CL00644,Москва,157850,P0049,1.5,-412.5,Отказ
VK83708,2019-09-27,CL00094,Королёв,197472,P0039,0.5,137.5,Завершен
VK56246,2019-09-27,CL01184,Красногорск,199557,P0050,1.0,275.0,Завершен
VK29581,2019-09-27,CL00519,Подольск,137914,P0083,1.0,375.0,Завершен
VK10491,2019-09-27,CL00601,Королёв,139692,P0023,2.5,687.5,Завершен
VK94861,2019-09-27,CL00399,Красногорск,148353,P0087,5.0,1875.0,Завершен
VK72471,2019-09-27,CL00067,Люберцы,136585,P0026,5.0,1375.0,Завершен
VK31171,2019-09-27,CL00920,Красногорск,190209,P0047,2.5,687.5,Завершен
VK55045,2019-09-27,CL01060,Реутов,162539,P0085,2.5,937.5,Завершен
VK92789,2019-09-27,CL00246,Химки,172641,P0089,2.5,937.5,Завершен
VK24509,2019-09-28,CL01097,Красногорск,123394,P0114,1.5,562.5,Завершен
VK34054,2019-09-28,CL00081,Королёв,188555,P0001,5.0,1375.0,Завершен
VK71308,2019-09-28,CL00572,Москава,180460,P0075,1.5,562.5,Завершен
VK64007,2019-09-28,CL00535,Королёв,191177,P0108,5.0,1875.0,Завершен
VK55328,2019-09-28,CL00169,Химки,175392,P0035,1.0,275.0,Завершен
VK81488,2019-09-28,CL00923,Подольск,173183,P0097,2.5,937.5,Отказ
VK33306,2019-09-28,CL00181,Королёв,163532,P0068,1.0,375.0,Завершен
VK71581,2019-09-28,CL00957,Люберцы,155363,P0075,1.5,562.5,Завершен
VK94641,2019-09-28,CL00960,Люберцы,119192,P0117,3.0,1125.0,Завершен
VK70435,2019-09-28,CL01141,Москва,168679,P0022,2.0,550.0,Завершен
VK43801,2019-09-28,CL00508,Реутов,189486,P0027,2.0,550.0,Завершен
VK50070,2019-09-28,CL00224,Реутов,117322,P0063,1.5,562.5,Завершен
VK54906,2019-09-28,CL00931,Мытищи,104696,P0013,1.0,275.0,Завершен
VK70612,2019-09-28,CL00473,Москва,122946,P0097,5.0,1875.0,Завершен
VK16532,2019-09-29,CL00297,Подольск,181018,P0084,3.0,1125.0,Отказ
VK88827,2019-09-29,CL01012,Красногорск,143036,P0053,2.5,937.5,Завершен
VK56443,2019-09-29,CL00235,Москва,139893,P0037,0.5,137.5,Завершен
VK64421,2019-09-29,CL00392,Химки,137431,P0071,2.0,750.0,Завершен
VK31992,2019-09-29,CL00851,Люберцы,114169,P0003,1.0,275.0,Завершен
VK28143,2019-09-29,CL00400,Подольск,111300,P0001,2.0,550.0,Завершен
VK87843,2019-09-29,CL00254,Королёв,147453,P0039,1.0,275.0,Завершен
VK38943,2019-09-29,CL00072,Мытищи,175574,P0085,1.0,375.0,Завершен
VK40268,2019-09-29,CL00654,Подольск,153948,P0070,2.0,750.0,Завершен
VK21079,2019-09-29,CL01100,Королёв,130783,P0069,0.5,187.5,Завершен
VK92513,2019-09-29,CL00259,Мытищи,119442,P0085,3.0,1125.0,Завершен
VK90003,2019-09-30,CL00247,Москава,130539,P0052,1.5,562.5,Завершен
VK53248,2019-09-30,CL00971,Подольск,133425,P0060,5.0,1875.0,Завершен
VK45769,2019-09-30,CL00057,Москва,127535,P0103,2.5,937.5,Завершен
VK31441,2019-09-30,CL00548,Москва,109742,P0120,2.0,750.0,Завершен
VK93541,2019-09-30,CL00375,Люберцы,195300,P0109,1.0,375.0,Завершен
VK94853,2019-09-30,CL01162,Королёв,181625,P0093,1.0,375.0,Завершен
VK64690,2019-09-30,CL00729,Люберцы,130339,P0011,5.0,1375.0,Завершен
VK73084,2019-09-30,CL00998,Люберцы,157367,P0071,3.0,1125.0,Завершен
VK20802,2019-09-30,CL00544,Реутов,132208,P0087,5.0,1875.0,Завершен
VK88004,2019-09-30,CL00898,Москава,138712,P0012,1.5,412.5,Завершен
VK17287,2019-10-01,CL00839,Химки,160846,P0063,3.0,1125.0,Завершен
VK69412,2019-10-01,CL00745,Мытищи,118322,P0042,2.0,550.0,Завершен
VK94531,2019-10-01,CL00937,Химки,146548,P0002,2.0,550.0,Отказ
VK69193,2019-10-01,CL00949,Реутов,179822,P0025,1.5,412.5,Завершен
VK52583,2019-10-01,CL00234,Люберцы,115292,P0016,2.5,687.5,Завершен
VK16880,2019-10-01,CL00249,Люберцы,118964,P0006,1.5,412.5,Завершен
VK33073,2019-10-01,CL00224,Реутов,117322,P0089,3.0,1125.0,Завершен
VK57668,2019-10-02,CL00015,Москва,104117,P0099,3.0,1125.0,Завершен
VK84829,2019-10-02,CL01074,Мытищи,161822,P0043,5.0,1375.0,Завершен
VK50078,2019-10-02,CL00920,Красногорск,190209,P0079,1.0,375.0,Завершен
VK62460,2019-10-02,CL00910,Мытищи,144921,XXX999,1.0,275.0,Завершен
VK51872,2019-10-02,CL01160,Реутов,108973,P0074,2.5,937.5,Отказ
VK98063,2019-10-02,CL00395,Красногорск,193000,P0010,5.0,1375.0,Завершен
VK55450,2019-10-02,CL00957,Люберцы,155363,P0008,2.5,687.5,Завершен
VK83129,2019-10-02,CL00793,Люберцы,134226,P0067,1.0,375.0,Завершен
VK40166,2019-10-03,CL01180,Москва,136188,P0061,1.0,375.0,Отказ
VK19518,2019-10-03,CL01096,Люберцы,112190,P0045,1.5,412.5,Отказ
VK42576,2019-10-03,CL00712,Химки,100336,P0034,2.0,550.0,Отказ
VK22561,2019-10-03,CL01185,Москва,120174,P0003,5.0,1375.0,Завершен
VK21766,2019-10-03,CL01181,Реутов,101170,P0051,5.0,1875.0,Отказ
VK52502,2019-10-03,CL00038,Люберцы,193872,P0030,1.5,412.5,Завершен
VK17096,2019-10-03,CL00236,Мытищи,170457,P0035,2.5,687.5,Завершен
VK44966,2019-10-03,CL00074,Химки,109171,P0059,5.0,1875.0,Завершен
VK16858,2019-10-03,CL00435,Химки,137827,P0005,3.0,825.0,Завершен
VK94886,2019-10-03,CL00534,Москва,124906,P0019,1.5,412.5,Завершен
VK49210,2019-10-03,CL00305,Подольск,199642,P0025,5.0,1375.0,Завершен
VK19333,2019-10-03,CL00180,Химки,117172,P0036,1.5,412.5,Завершен
VK30482,2019-10-03,CL00449,Москава,131745,P0017,0.5,137.5,Завершен
VK21482,2019-10-03,CL00871,Красногорск,123639,P0118,1.5,562.5,Завершен
VK76937,2019-10-03,CL00693,Красногорск,174498,P0018,1.0,275.0,Завершен
VK73742,2019-10-03,CL01177,Мытищи,183692,P0112,5.0,1875.0,Завершен
VK25771,2019-10-04,CL00120,Люберцы,149192,P0118,5.0,1875.0,Завершен
VK19756,2019-10-04,CL00883,Люберцы,168195,P0048,3.0,825.0,Завершен
VK80313,2019-10-04,CL00881,Подольск,165973,P0030,3.0,825.0,Завершен
VK66698,2019-10-04,CL01134,Мытищи,145039,P0093,3.0,1125.0,Завершен
VK11213,2019-10-04,CL00400,Подольск,111300,P0113,1.0,375.0,Завершен
VK70057,2019-10-04,CL00124,Мытищи,144725,P0028,5.0,1375.0,Завершен
VK50981,2019-10-04,CL00847,Москва,179736,P0049,2.0,550.0,Завершен
VK17174,2019-10-04,CL00700,Подольск,151213,P0078,0.5,187.5,Завершен
VK96445,2019-10-04,CL00104,Реутов,154921,P0065,1.5,562.5,Завершен
VK56989,2019-10-04,CL00383,Москва,179635,P0001,2.0,550.0,Завершен
VK87707,2019-10-05,CL00768,Красногорск,103697,P0079,2.5,937.5,Отказ
VK20308,2019-10-05,CL00838,Химки,106626,P0026,0.5,137.5,Завершен
VK64735,2019-10-05,CL00278,Красногорск,123777,P0007,1.5,412.5,Завершен
VK16560,2019-10-05,CL00228,Реутов,173048,P0036,3.0,825.0,Отказ
VK29503,2019-10-05,CL00846,Москва,117342,P0049,3.0,825.0,Завершен
VK78740,2019-10-05,CL00824,Москава,134620,P0084,2.0,750.0,Завершен
VK80509,2019-10-05,CL00210,Королёв,118758,P0074,2.5,937.5,Завершен
VK46837,2019-10-05,CL00134,Москва,125042,P0029,2.5,687.5,Завершен
VK61214,2019-10-05,CL00416,Королёв,171509,P0036,5.0,1375.0,Завершен
VK41860,2019-10-05,CL00024,Химки,109880,P0090,3.0,1125.0,Завершен
VK63429,2019-10-05,CL00004,Подольск,121174,P0044,2.5,687.5,Завершен
VK80209,2019-10-05,CL00121,Химки,190520,P0104,2.5,937.5,Завершен
VK31012,2019-10-06,CL01169,Мытищи,119148,P0100,5.0,1875.0,Завершен
VK78682,2019-10-06,CL00825,Королёв,162003,P0036,2.0,550.0,Завершен
VK30458,2019-10-06,CL00828,Москва,135203,P0022,0.5,137.5,Отказ
VK10232,2019-10-06,CL00426,Химки,120932,P0033,3.0,825.0,Завершен
VK82610,2019-10-06,CL00246,Химки,172641,P0035,3.0,825.0,Завершен
VK48061,2019-10-06,CL00974,Люберцы,175061,P0036,0.5,137.5,Завершен
VK35317,2019-10-06,CL01165,Люберцы,157464,P0036,2.0,550.0,Завершен
VK65046,2019-10-06,CL00217,Люберцы,186275,P0022,2.0,550.0,Завершен
VK77602,2019-10-06,CL01181,Реутов,101170,P0031,1.5,412.5,Отказ
VK13772,2019-10-06,CL00449,Подольск,131745,P0068,1.0,375.0,Завершен
VK62473,2019-10-06,CL01135,Красногорск,138188,XXX999,2.5,937.5,Завершен
VK78213,2019-10-06,CL01011,Мытищи,109149,P0037,2.5,687.5,Завершен
VK92419,2019-10-06,CL00428,Королёв,140441,P0078,5.0,1875.0,Завершен
VK94088,2019-10-06,CL00614,Химки,145652,P0108,2.5,937.5,Завершен
VK47231,2019-10-06,CL00501,Королёв,154450,P0112,1.5,562.5,Завершен
VK63956,2019-10-06,CL00233,Химки,183283,P0092,2.5,-937.5,Завершен
VK44106,2019-10-06,CL00731,Мытищи,183521,P0005,2.0,550.0,Завершен
VK37460,2019-10-07,CL00691,Королёв,131599,P0084,3.0,1125.0,Завершен
VK12130,2019-10-07,CL01059,Красногорск,197175,P0117,2.5,-937.5,Завершен
VK55808,2019-10-07,CL00595,Люберцы,182955,P0007,3.0,825.0,Отказ
VK55364,2019-10-07,CL00279,Реутов,197120,P0041,2.5,687.5,Завершен
VK38039,2019-10-07,CL00965,Красногорск,107051,P0029,2.0,550.0,Завершен
VK72497,2019-10-07,CL01186,Подольск,141515,P0020,1.0,275.0,Завершен
VK12415,2019-10-07,CL00703,Королёв,107212,P0044,2.0,550.0,Завершен
VK59614,2019-10-07,CL00980,Москва,145351,P0045,3.0,825.0,Завершен
VK97268,2019-10-08,CL00008,Подольск,172063,P0001,3.0,825.0,Завершен
VK82163,2019-10-08,CL00231,Реутов,148689,P0087,2.5,937.5,Завершен
VK75008,2019-10-08,CL00244,Химки,178269,P0066,5.0,1875.0,Завершен
VK41051,2019-10-08,CL01190,Королёв,124461,P0030,2.0,550.0,Завершен
VK27708,2019-10-08,CL00763,Москва,161824,P0095,2.5,937.5,Завершен
VK61344,2019-10-08,CL00171,Королёв,157963,P0107,1.5,562.5,Завершен
VK46975,2019-10-08,CL00975,Мытищи,141662,P0068,1.0,375.0,Отказ
VK97982,2019-10-08,CL01102,Красногорск,113983,P0107,1.0,375.0,Завершен
VK86056,2019-10-08,CL01085,Мытищи,195176,P0106,0.5,187.5,Отказ
VK51008,2019-10-08,CL00521,Химки,118777,XXX999,0.5,187.5,Завершен
VK91062,2019-10-08,CL00613,Подольск,144966,P0064,1.0,375.0,Завершен
VK14896,2019-10-09,CL00250,Люберцы,114408,P0067,1.0,375.0,Завершен
VK47613,2019-10-09,CL00155,Королёв,177139,P0060,1.0,375.0,Завершен
VK71354,2019-10-09,CL00971,Подольск,133425,P0042,0.5,137.5,Завершен
VK23380,2019-10-09,CL00647,Люберцы,111401,P0116,2.0,750.0,Завершен
VK96415,2019-10-09,CL00105,Королёв,157125,P0023,1.0,275.0,Завершен
VK15698,2019-10-09,CL00635,Подольск,118388,P0113,1.5,562.5,Завершен
VK77709,2019-10-09,CL00620,Королёв,153090,P0079,5.0,1875.0,Завершен
VK76432,2019-10-09,CL00656,Химки,142217,P0003,5.0,1375.0,Завершен
VK64108,2019-10-09,CL01072,Мытищи,152502,P0006,0.5,137.5,Завершен
VK81075,2019-10-09,CL00572,Мытищи,180460,P0090,2.0,750.0,Завершен
VK33552,2019-10-09,CL01110,Королёв,191520,P0117,5.0,1875.0,Завершен
VK73936,2019-10-09,CL01060,Реутов,162539,P0065,1.0,375.0,Завершен
VK46098,2019-10-09,CL00857,Реутов,196564,P0082,2.5,937.5,Завершен
VK14409,2019-10-09,CL00963,Реутов,191242,P0067,2.0,750.0,Завершен
VK61496,2019-10-10,CL00708,Реутов,108371,P0051,2.5,937.5,Завершен
VK42023,2019-10-10,CL00820,Мытищи,152082,P0111,1.0,375.0,Завершен
VK70558,2019-10-10,CL00111,Химки,144236,P0044,5.0,1375.0,Завершен
VK15446,2019-10-10,CL00641,Химки,136025,P0111,0.5,187.5,Завершен
VK24401,2019-10-10,CL00836,Подольск,168719,P0109,1.0,375.0,Завершен
VK29988,2019-10-10,CL00344,Королёв,119313,P0106,2.5,937.5,Отказ
VK92745,2019-10-10,CL00276,Люберцы,156244,P0065,2.0,750.0,Завершен
VK44546,2019-10-10,CL00219,Королёв,137512,P0092,2.5,937.5,Завершен
VK46818,2019-10-11,CL00714,Реутов,123456,P0004,1.0,275.0,Завершен
VK19143,2019-10-11,CL00312,Королёв,148331,P0119,0.5,187.5,Завершен
VK83710,2019-10-11,CL00623,Реутов,192371,P0100,2.5,937.5,Завершен
VK11272,2019-10-11,CL00223,Подольск,138680,P0049,3.0,825.0,Завершен
VK40337,2019-10-11,CL00506,Москва,123590,P0007,1.5,412.5,Завершен
VK25183,2019-10-11,CL00836,Подольск,168719,P0074,1.0,375.0,Завершен
VK97623,2019-10-11,CL00078,Реутов,122810,P0047,2.0,550.0,Завершен
VK69039,2019-10-11,CL01035,Реутов,147880,P0039,0.5,137.5,Завершен
VK64273,2019-10-11,CL00631,Подольск,131270,P0079,0.5,187.5,Завершен
VK46030,2019-10-11,CL00899,Москва,127222,P0075,0.5,187.5,Завершен
VK60645,2019-10-11,CL00280,Мытищи,128197,P0083,5.0,1875.0,Отказ
VK96583,2019-10-11,CL00246,Химки,172641,P0013,2.0,550.0,Завершен
VK79018,2019-10-11,CL00407,Подольск,121229,P0075,5.0,1875.0,Завершен
VK35943,2019-10-11,CL00677,Москава,130008,P0110,1.0,375.0,Отказ
VK92232,2019-10-12,CL00671,Мытищи,185054,P0088,1.5,562.5,Завершен
VK78847,2019-10-12,CL00370,Люберцы,184790,P0048,2.5,687.5,Завершен
VK40103,2019-10-12,CL00528,Реутов,117575,P0096,2.0,750.0,Отказ
VK39983,2019-10-12,CL00350,Подольск,137601,P0034,1.0,275.0,Завершен
VK90592,2019-10-12,CL00125,Реутов,113833,P0019,2.0,550.0,Завершен
VK92585,2019-10-12,CL00982,Москва,142065,P0008,1.5,412.5,Отказ
VK19280,2019-10-12,CL01126,Королёв,134048,P0027,2.0,550.0,Завершен
VK12217,2019-10-12,CL00208,Реутов,123600,P0071,0.5,187.5,Завершен
VK69103,2019-10-12,CL00316,Красногорск,165715,P0047,1.0,275.0,Завершен
VK18567,2019-10-12,CL00295,Реутов,192995,P0045,1.5,412.5,Завершен
VK15960,2019-10-12,CL00485,Красногорск,100895,P0073,3.0,1125.0,Завершен
VK61980,2019-10-12,CL01034,Люберцы,134513,P0039,1.5,412.5,Завершен
VK14745,2019-10-12,CL00479,Химки,143343,XXX999,1.0,275.0,Отказ
VK79968,2019-10-12,CL00213,Подольск,145293,P0037,0.5,137.5,Отказ
VK69768,2019-10-13,CL00799,Люберцы,112571,P0099,0.5,187.5,Завершен
VK19413,2019-10-13,CL00282,Люберцы,174395,P0070,5.0,1875.0,Завершен
VK39087,2019-10-13,CL01155,Москва,124716,P0039,2.0,550.0,Завершен
VK85251,2019-10-13,CL00768,Красногорск,103697,P0108,3.0,1125.0,Завершен
VK36475,2019-10-13,CL00202,Красногорск,199536,P0105,1.5,562.5,Завершен
VK14846,2019-10-13,CL00714,Реутов,123456,P0099,5.0,1875.0,Завершен
VK24502,2019-10-13,CL00289,Москва,127686,P0037,2.0,550.0,Завершен
VK85200,2019-10-13,CL00830,Люберцы,191250,P0073,0.5,187.5,Завершен
VK16825,2019-10-13,CL00897,Химки,134471,P0067,3.0,1125.0,Завершен
VK13096,2019-10-13,CL00446,Красногорск,154596,P0075,0.5,187.5,Завершен
VK45133,2019-10-13,CL00189,Мытищи,154387,P0013,1.0,275.0,Завершен
VK59024,2019-10-14,CL00814,Люберцы,193625,P0041,3.0,825.0,Завершен
VK24273,2019-10-14,CL00694,Красногорск,122645,P0069,1.0,375.0,Завершен
VK13475,2019-10-14,CL00182,Москва,179806,P0076,2.0,750.0,Завершен
VK40688,2019-10-14,CL00275,Красногорск,148176,P0001,5.0,1375.0,Завершен
VK10165,2019-10-14,CL00474,Подольск,104763,P0068,1.5,562.5,Завершен
VK90896,2019-10-14,CL00894,Люберцы,113235,P0120,5.0,1875.0,Отказ
VK86494,2019-10-14,CL00971,Подольск,133425,P0113,3.0,1125.0,Завершен
VK62981,2019-10-14,CL01036,Москава,129215,P0120,1.0,375.0,Завершен
VK60582,2019-10-14,CL00255,Королёв,180623,P0107,1.5,562.5,Завершен
VK90402,2019-10-14,CL01003,Мытищи,175067,P0055,3.0,1125.0,Завершен
VK41644,2019-10-15,CL00686,Реутов,118327,P0101,1.5,562.5,Завершен
VK26301,2019-10-15,CL00417,Люберцы,189783,P0065,1.5,562.5,Завершен
VK89817,2019-10-15,CL01135,Красногорск,138188,P0009,5.0,1375.0,Завершен
VK14374,2019-10-15,CL00328,Мытищи,155496,P0105,2.0,750.0,Завершен
VK57688,2019-10-15,CL00587,Мытищи,136170,P0103,2.0,750.0,Отказ
VK72611,2019-10-15,CL00021,Мытищи,195448,P0034,2.5,687.5,Завершен
VK51868,2019-10-15,CL00460,Королёв,194589,P0112,5.0,1875.0,Завершен
VK25524,2019-10-15,CL00008,Подольск,172063,P0011,2.0,550.0,Завершен
VK27858,2019-10-15,CL00856,Москва,138745,P0058,3.0,1125.0,Завершен
VK86997,2019-10-15,CL00498,Подольск,168202,P0110,1.5,562.5,Отказ
VK22983,2019-10-16,CL00635,Подольск,118388,P0102,1.0,375.0,Завершен
VK61789,2019-10-16,CL00443,Реутов,196904,P0104,3.0,1125.0,Завершен
VK86440,2019-10-16,CL00825,Королёв,162003,P0076,2.0,750.0,Завершен
VK26533,2019-10-16,CL00913,Подольск,191248,P0025,1.0,275.0,Завершен
VK94993,2019-10-16,CL00685,Мытищи,150335,P0029,2.5,687.5,Завершен
VK91413,2019-10-16,CL00426,Химки,120932,P0084,0.5,187.5,Завершен
VK17024,2019-10-16,CL00163,Подольск,118643,P0091,1.0,375.0,Завершен
VK20512,2019-10-16,CL00925,Королёв,109812,P0003,0.5,137.5,Отказ
VK24560,2019-10-16,CL00728,Реутов,107850,P0069,5.0,-1875.0,Завершен
VK17259,2019-10-16,CL00258,Королёв,abcde,P0106,3.0,1125.0,Завершен
VK65591,2019-10-16,CL01047,Москва,195417,P0035,0.5,137.5,Завершен
VK86732,2019-10-16,CL01040,Химки,120625,P0114,0.5,187.5,Завершен
VK43806,2019-10-16,CL00515,Химки,113224,P0052,2.0,750.0,Завершен
VK63068,2019-10-17,CL00443,Реутов,196904,P0053,3.0,1125.0,Завершен
VK98323,2019-10-17,CL00925,Королёв,109812,P0033,2.0,550.0,Завершен
VK44563,2019-10-17,CL01061,Мытищи,171267,P0095,1.0,375.0,Отказ
VK26366,2019-10-17,CL00378,Люберцы,194065,P0028,3.0,825.0,Завершен
VK71106,2019-10-17,CL00891,Москва,154627,P0086,2.0,750.0,Завершен
VK64092,2019-10-17,CL00185,Мытищи,120181,P0110,3.0,1125.0,Завершен
VK57553,2019-10-17,CL00527,Подольск,107552,P0045,5.0,1375.0,Завершен
VK19202,2019-10-17,CL00462,Реутов,119198,P0087,1.5,562.5,Завершен
VK19413,2019-10-17,CL01097,Красногорск,123394,P0023,2.5,687.5,Завершен
VK81689,2019-10-17,CL00762,Красногорск,103840,P0067,5.0,1875.0,Завершен
VK12751,2019-10-17,CL00386,Подольск,148623,P0039,1.0,275.0,Завершен
VK89632,2019-10-18,CL00189,Мытищи,154387,P0024,3.0,825.0,Завершен
VK34808,2019-10-18,CL00677,Подольск,abcde,P0097,1.0,375.0,Завершен
VK89886,2019-10-18,CL00558,Красногорск,160161,P0068,1.5,562.5,Завершен
VK70613,2019-10-18,CL01109,Москва,151605,P0074,2.5,937.5,Отказ
VK41957,2019-10-18,CL00946,Реутов,163298,P0017,2.0,550.0,Завершен
VK85681,2019-10-18,CL00516,Королёв,192181,P0045,1.0,275.0,Завершен
VK84916,2019-10-18,CL00054,Москва,190573,P0120,3.0,1125.0,Отказ
VK33551,2019-10-18,CL00290,Люберцы,115726,P0089,3.0,1125.0,Завершен
VK79947,2019-10-18,CL00703,Королёв,107212,P0051,1.5,562.5,Завершен
VK93239,2019-10-18,CL00005,Красногорск,114662,P0050,1.0,275.0,Завершен
VK81057,2019-10-19,CL00295,Реутов,192995,P0072,2.0,750.0,Завершен
VK25223,2019-10-19,CL00188,Подольск,178561,P0043,2.0,550.0,Завершен
VK39171,2019-10-19,CL00035,Мытищи,188501,P0031,0.5,137.5,Завершен
VK43751,2019-10-19,CL00031,Подольск,128534,P0050,1.0,275.0,Отказ
VK78123,2019-10-19,CL00648,Мытищи,131056,P0087,0.5,187.5,Завершен
VK75494,2019-10-19,CL00127,Реутов,168386,P0054,0.5,187.5,Завершен
VK53770,2019-10-19,CL00488,Люберцы,190802,P0041,2.0,550.0,Отказ
VK87834,2019-10-19,CL00266,Мытищи,140963,P0044,1.5,412.5,Завершен
VK17312,2019-10-19,CL00329,Москва,123627,P0045,3.0,825.0,Завершен
VK60941,2019-10-19,CL00418,Люберцы,190257,P0091,5.0,1875.0,Завершен
VK73108,2019-10-19,CL01117,Реутов,123578,P0102,3.0,1125.0,Завершен
VK89921,2019-10-19,CL01054,Подольск,123255,P0029,2.5,687.5,Завершен
VK56704,2019-10-19,CL00285,Королёв,154287,P0060,0.5,187.5,Завершен
VK55180,2019-10-20,CL00338,Химки,174766,P0024,1.0,275.0,Завершен
VK84419,2019-10-20,CL00464,Красногорск,185979,P0028,3.0,825.0,Завершен
VK39802,2019-10-20,CL01146,Королёв,170855,P0116,2.0,750.0,Завершен
VK84874,2019-10-20,CL01157,Реутов,110382,P0018,3.0,825.0,Завершен
VK57055,2019-10-20,CL00492,Химки,117507,P0055,1.0,375.0,Завершен
VK51398,2019-10-20,CL00887,Химки,177292,P0094,2.0,750.0,Завершен
VK83967,2019-10-20,CL01061,Мытищи,171267,P0082,5.0,1875.0,Завершен
VK43404,2019-10-20,CL00982,Москва,142065,P0055,3.0,1125.0,Завершен
VK99415,2019-10-20,CL00547,Подольск,164004,P0116,3.0,1125.0,Завершен
VK72846,2019-10-20,CL01024,Подольск,129269,P0099,0.5,187.5,Отказ
VK61316,2019-10-20,CL00487,Красногорск,194749,P0074,3.0,1125.0,Завершен
VK79167,2019-10-20,CL00846,Москва,117342,P0071,2.0,750.0,Отказ
VK31019,2019-10-21,CL00098,Красногорск,170798,P0108,1.5,562.5,Завершен
VK11889,2019-10-21,CL00759,Москава,193502,P0045,1.0,275.0,Завершен
VK62156,2019-10-21,CL00095,Королёв,132406,P0053,2.5,937.5,Отказ
VK76606,2019-10-21,CL00610,Королёв,160694,P0087,1.0,375.0,Отказ
VK31774,2019-10-21,CL00311,Красногорск,140685,P0014,3.0,825.0,Завершен
VK93557,2019-10-21,CL00598,Подольск,172102,P0082,3.0,1125.0,Завершен
VK71123,2019-10-21,CL00732,Мытищи,108163,P0045,2.5,687.5,Завершен
VK32450,2019-10-21,CL00105,Королёв,157125,P0076,1.0,375.0,Завершен
VK71827,2019-10-21,CL00462,Реутов,119198,P0041,5.0,1375.0,Завершен
VK78781,2019-10-21,CL01040,Химки,120625,P0062,3.0,1125.0,Завершен
VK93450,2019-10-21,CL00523,Реутов,abcde,P0033,1.0,275.0,Отказ
VK52891,2019-10-22,CL00915,Королёв,149774,P0027,2.5,687.5,Завершен
VK99709,2019-10-22,CL01131,Мытищи,137555,P0095,1.5,-562.5,Завершен
VK57635,2019-10-22,CL00916,Москва,195325,P0075,3.0,1125.0,Отказ
VK25050,2019-10-22,CL00246,Химки,172641,P0004,0.5,137.5,Отказ
VK80486,2019-10-22,CL00795,Мытищи,112203,P0091,2.5,937.5,Завершен
VK26894,2019-10-22,CL00607,Подольск,105806,P0091,5.0,1875.0,Завершен
VK32664,2019-10-22,CL00890,Москва,185664,P0113,1.0,375.0,Завершен
VK11686,2019-10-22,CL00477,Красногорск,184058,P0116,1.0,375.0,Завершен
VK69217,2019-10-22,CL00733,Подольск,abcde,P0071,1.0,375.0,Завершен
VK52236,2019-10-22,CL00950,Люберцы,144939,P0111,1.0,375.0,Завершен
VK95746,2019-10-22,CL00261,Реутов,169541,P0061,0.5,187.5,Завершен
VK34956,2019-10-22,CL00390,Королёв,173619,P0053,2.5,937.5,Завершен
VK28657,2019-10-22,CL01025,Подольск,166900,P0049,3.0,825.0,Завершен
VK10188,2019-10-23,CL00671,Мытищи,185054,P0093,0.5,187.5,Завершен
VK43124,2019-10-23,CL01197,Люберцы,184004,P0108,1.5,562.5,Завершен
VK61057,2019-10-23,CL00844,Химки,184853,P0090,0.5,187.5,Завершен
VK44590,2019-10-23,CL00137,Москва,129045,P0059,0.5,187.5,Завершен
VK14014,2019-10-23,CL00509,Красногорск,170419,P0018,2.5,687.5,Завершен
VK48030,2019-10-23,CL00706,Подольск,198274,P0018,3.0,825.0,Завершен
VK82393,2019-10-23,CL01144,Королёв,117206,P0067,5.0,1875.0,Завершен
VK95968,2019-10-23,CL00673,Реутов,192235,P0058,0.5,187.5,Отказ
VK49232,2019-10-23,CL00989,Мытищи,120152,P0031,0.5,137.5,Завершен
VK64116,2019-10-23,CL01085,Мытищи,195176,P0001,1.0,275.0,Завершен
VK77597,2019-10-23,CL00755,Москава,119481,P0038,5.0,1375.0,Завершен
VK48760,2019-10-23,CL00762,Красногорск,103840,XXX999,0.5,187.5,Завершен
VK10795,2019-10-23,CL00461,Люберцы,188686,P0048,0.5,137.5,Завершен
VK95746,2019-10-23,CL00029,Люберцы,159638,P0077,1.5,562.5,Завершен
VK63470,2019-10-23,CL00284,Мытищи,186761,P0119,2.5,937.5,Завершен
VK64486,2019-10-23,CL00023,Подольск,136509,P0093,2.5,937.5,Завершен
VK35577,2019-10-23,CL01190,Королёв,124461,P0044,0.5,137.5,Завершен
VK98652,2019-10-24,CL00416,Королёв,171509,P0114,1.5,562.5,Завершен
VK16124,2019-10-24,CL01156,Реутов,121400,P0087,1.0,-375.0,Завершен
VK25179,2019-10-24,CL00761,Красногорск,123568,P0099,5.0,1875.0,Завершен
VK52549,2019-10-24,CL01042,Мытищи,162759,P0063,1.5,562.5,Завершен
VK67069,2019-10-24,CL00848,Люберцы,149345,P0056,1.5,562.5,Завершен
VK68369,2019-10-24,CL00804,Люберцы,162071,P0012,5.0,1375.0,Завершен
VK80556,2019-10-24,CL00572,Мытищи,180460,P0114,3.0,1125.0,Завершен
VK38973,2019-10-24,CL00586,Люберцы,164634,P0086,1.0,375.0,Завершен
VK46223,2019-10-24,CL00956,Королёв,187445,P0097,0.5,187.5,Завершен
VK41189,2019-10-24,CL00546,Королёв,146160,P0016,2.5,687.5,Завершен
VK57021,2019-10-24,CL00665,Королёв,189463,P0027,0.5,137.5,Завершен
VK53054,2019-10-25,CL00963,Реутов,191242,P0082,1.5,562.5,Завершен
VK96605,2019-10-25,CL00957,Люберцы,155363,P0074,3.0,1125.0,Завершен
VK33730,2019-10-25,CL00149,Королёв,144657,P0060,3.0,1125.0,Завершен
VK56219,2019-10-25,CL00020,Реутов,195561,P0025,0.5,137.5,Завершен
VK52097,2019-10-25,CL00552,Королёв,169758,P0072,2.5,937.5,Завершен
VK89595,2019-10-25,CL00243,Мытищи,159600,P0081,2.0,750.0,Завершен
VK99210,2019-10-25,CL01170,Люберцы,109356,P0061,5.0,1875.0,Отказ
VK87648,2019-10-25,CL00720,Москава,159866,P0039,1.0,275.0,Завершен
VK12401,2019-10-25,CL00243,Мытищи,159600,P0100,5.0,1875.0,Завершен
VK53431,2019-10-25,CL00624,Химки,192243,P0069,3.0,1125.0,Завершен
VK28716,2019-10-25,CL00820,Мытищи,152082,P0007,2.0,550.0,Завершен
VK52616,2019-10-25,CL00188,Подольск,abcde,P0077,2.0,750.0,Завершен
VK23641,2019-10-25,CL00093,Королёв,194276,P0043,5.0,1375.0,Завершен
VK10073,2019-10-25,CL00269,Реутов,196835,P0069,0.5,187.5,Завершен
VK56746,2019-10-25,CL00967,Красногорск,171645,P0003,2.5,687.5,Завершен
VK15108,2019-10-25,CL01117,Реутов,123578,P0115,2.5,937.5,Завершен
VK74991,2019-10-26,CL00985,Королёв,abcde,P0011,0.5,137.5,Завершен
VK23871,2019-10-26,CL00758,Подольск,184233,P0098,1.5,562.5,Завершен
VK42298,2019-10-26,CL00632,Мытищи,190890,P0035,3.0,825.0,Завершен
VK89206,2019-10-26,CL00269,Реутов,196835,P0021,3.0,825.0,Завершен
VK85669,2019-10-26,CL01032,Реутов,159591,P0020,5.0,1375.0,Завершен
VK26599,2019-10-26,CL00803,Химки,127125,P0053,5.0,1875.0,Завершен
VK53038,2019-10-26,CL00518,Химки,198878,P0110,2.0,750.0,Завершен
VK16375,2019-10-26,CL00855,Реутов,189228,P0095,3.0,1125.0,Завершен
VK38878,2019-10-26,CL01079,Королёв,186099,P0033,5.0,1375.0,Завершен
VK73668,2019-10-26,CL00089,Москва,113970,P0065,1.0,375.0,Завершен
VK78032,2019-10-26,CL00567,Химки,198599,P0046,3.0,825.0,Завершен
VK29075,2019-10-26,CL00734,Реутов,196384,P0043,3.0,825.0,Завершен
VK32328,2019-10-27,CL01049,Королёв,153840,P0074,2.0,750.0,Завершен
VK60541,2019-10-27,CL00330,Красногорск,163736,P0063,3.0,1125.0,Завершен
VK55004,2019-10-27,CL00551,Королёв,180980,P0113,3.0,1125.0,Завершен
VK49022,2019-10-27,CL01025,Подольск,166900,P0013,1.5,412.5,Завершен
VK56485,2019-10-27,CL00122,Мытищи,139529,P0028,5.0,1375.0,Завершен
VK61249,2019-10-27,CL00312,Королёв,148331,P0079,2.5,937.5,Завершен
VK43962,2019-10-27,CL00339,Королёв,150052,P0115,0.5,187.5,Завершен
VK95492,2019-10-27,CL01005,Химки,184663,P0024,1.0,275.0,Завершен
VK90114,2019-10-27,CL00244,Химки,abcde,P0048,2.5,687.5,Завершен
VK92139,2019-10-27,CL00193,Королёв,124727,P0073,2.5,937.5,Завершен
VK84408,2019-10-27,CL00834,Красногорск,167537,P0049,3.0,825.0,Завершен
VK89425,2019-10-27,CL00230,Мытищи,188188,P0118,3.0,1125.0,Отказ
VK66255,2019-10-27,CL00065,Люберцы,129831,P0084,3.0,1125.0,Завершен
VK51186,2019-10-27,CL00203,Москва,abcde,P0102,1.5,562.5,Завершен
VK39224,2019-10-27,CL00218,Люберцы,189889,P0018,2.0,550.0,Завершен
VK64609,2019-10-27,CL01072,Мытищи,152502,P0025,3.0,825.0,Завершен
VK82373,2019-10-27,CL00294,Реутов,110205,P0109,3.0,1125.0,Завершен
VK78976,2019-10-27,CL00890,Москва,185664,P0057,0.5,187.5,Завершен
VK22310,2019-10-28,CL00812,Химки,150738,P0070,2.0,750.0,Завершен
VK35336,2019-10-28,CL00126,Красногорск,160258,P0119,3.0,-1125.0,Завершен
VK94137,2019-10-28,CL00452,Реутов,180147,P0062,1.5,562.5,Завершен
VK76566,2019-10-28,CL00386,Подольск,148623,P0058,3.0,1125.0,Отказ
VK86528,2019-10-28,CL00911,Мытищи,159839,P0079,2.5,937.5,Завершен
VK35869,2019-10-28,CL00581,Мытищи,158830,P0110,1.0,375.0,Завершен
VK52145,2019-10-28,CL00056,Реутов,140404,P0048,3.0,825.0,Завершен
VK34784,2019-10-28,CL00551,Королёв,180980,P0095,1.5,562.5,Отказ
VK89169,2019-10-28,CL00477,Красногорск,184058,P0118,2.0,750.0,Завершен
VK17029,2019-10-29,CL00339,Королёв,150052,P0059,1.5,562.5,Завершен
VK26771,2019-10-29,CL00767,Подольск,177662,P0050,1.0,275.0,Завершен
VK73871,2019-10-29,CL00307,Королёв,199598,P0093,1.0,375.0,Завершен
VK90265,2019-10-29,CL00359,Подольск,111221,P0063,0.5,187.5,Завершен
VK86698,2019-10-29,CL00766,Химки,150911,P0082,1.5,562.5,Завершен
VK51151,2019-10-29,CL00811,Москава,170968,P0115,1.0,375.0,Завершен
VK69176,2019-10-29,CL00731,Мытищи,183521,P0079,1.5,562.5,Завершен
VK29503,2019-10-29,CL00967,Красногорск,171645,P0051,0.5,187.5,Завершен
VK61331,2019-10-30,CL00948,Реутов,179450,XXX999,5.0,1375.0,Завершен
VK24126,2019-10-30,CL00359,Подольск,111221,XXX999,0.5,137.5,Завершен
VK96857,2019-10-30,CL00218,Люберцы,189889,P0105,2.5,937.5,Завершен
VK93213,2019-10-30,CL00344,Королёв,119313,P0017,2.5,687.5,Отказ
VK11870,2019-10-30,CL00287,Реутов,188895,P0071,1.0,375.0,Завершен
VK13888,2019-10-30,CL01094,Реутов,128885,P0064,5.0,1875.0,Завершен
VK23548,2019-10-30,CL00804,Люберцы,162071,P0007,2.0,550.0,Завершен
VK29585,2019-10-30,CL00765,Химки,196607,P0100,1.0,375.0,Завершен
VK96011,2019-10-30,CL00522,Реутов,107989,P0088,2.5,937.5,Завершен
VK57799,2019-10-30,CL00407,Подольск,121229,P0031,3.0,825.0,Завершен
VK64951,2019-10-30,CL01117,Реутов,123578,P0012,2.0,550.0,Завершен
VK38362,2019-10-31,CL00556,Химки,169003,P0001,5.0,1375.0,Завершен
VK73983,2019-10-31,CL00936,Красногорск,114945,P0029,1.0,275.0,Завершен
VK35124,2019-10-31,CL00713,Москва,161835,P0049,2.0,550.0,Завершен
VK18089,2019-10-31,CL00782,Подольск,192013,P0065,2.5,937.5,Завершен
VK63878,2019-10-31,CL00090,Химки,191214,P0033,1.5,412.5,Завершен
VK33323,2019-10-31,CL00955,Красногорск,199716,P0005,0.5,137.5,Отказ
VK42007,2019-10-31,CL00510,Подольск,129188,P0113,3.0,1125.0,Завершен
VK96597,2019-10-31,CL00641,Химки,136025,P0011,2.0,550.0,Завершен
VK65586,2019-10-31,CL00315,Королёв,174928,P0034,5.0,1375.0,Завершен
VK99869,2019-10-31,CL00427,Красногорск,120885,P0042,2.5,687.5,Отказ
VK83955,2019-10-31,CL00871,Красногорск,123639,P0084,1.0,375.0,Завершен
VK54192,2019-10-31,CL01017,Королёв,147020,P0111,2.0,750.0,Завершен
VK23655,2019-10-31,CL00944,Королёв,177242,P0066,3.0,1125.0,Отказ
VK14866,2019-10-31,CL00166,Реутов,165597,P0117,2.0,750.0,Завершен
VK70585,2019-10-31,CL00630,Люберцы,177354,P0066,2.0,750.0,Завершен
VK18799,2019-10-31,CL00085,Люберцы,abcde,P0011,0.5,137.5,Завершен
VK99897,2019-11-01,CL00986,Красногорск,abcde,P0074,2.5,937.5,Завершен
VK40305,2019-11-01,CL00962,Красногорск,113432,P0108,1.0,375.0,Завершен
VK19511,2019-11-01,CL00304,Химки,133550,P0103,2.5,937.5,Завершен
VK85758,2019-11-01,CL00213,Подольск,145293,P0029,3.0,825.0,Завершен
VK89875,2019-11-01,CL00630,Люберцы,177354,P0058,2.0,750.0,Завершен
VK54194,2019-11-01,CL00410,Подольск,180534,P0004,1.0,275.0,Завершен
VK21146,2019-11-01,CL00049,Химки,134600,P0018,1.0,275.0,Отказ
VK64775,2019-11-01,CL00455,Красногорск,160249,P0083,1.0,375.0,Завершен
VK68314,2019-11-02,CL00230,Мытищи,188188,XXX999,3.0,825.0,Завершен
VK81762,2019-11-02,CL00147,Подольск,198669,P0008,5.0,1375.0,Завершен
VK35364,2019-11-02,CL00105,Королёв,157125,P0108,1.0,375.0,Отказ
VK96538,2019-11-02,CL00755,Люберцы,119481,P0120,1.0,375.0,Завершен
VK13380,2019-11-02,CL00123,Москва,156148,P0078,2.5,937.5,Завершен
VK31942,2019-11-02,CL00310,Люберцы,177518,P0005,0.5,137.5,Завершен
VK82536,2019-11-02,CL00232,Химки,181205,P0049,2.0,550.0,Завершен
VK43906,2019-11-02,CL00560,Москава,149436,P0046,0.5,137.5,Завершен
VK57929,2019-11-02,CL00413,Москва,103718,P0082,2.0,750.0,Завершен
VK28003,2019-11-02,CL01018,Королёв,123038,P0104,2.5,937.5,Завершен
VK72724,2019-11-03,CL00745,Мытищи,118322,P0078,1.5,562.5,Завершен
VK16928,2019-11-03,CL00994,Москва,abcde,P0049,2.0,550.0,Завершен
VK90585,2019-11-03,CL00915,Королёв,149774,P0047,2.0,550.0,Отказ
VK69475,2019-11-03,CL00837,Подольск,126309,P0104,2.5,937.5,Завершен
VK30324,2019-11-03,CL00348,Мытищи,103694,P0081,1.0,375.0,Завершен
VK88477,2019-11-03,CL00537,Люберцы,169946,P0026,2.0,550.0,Завершен
VK29218,2019-11-03,CL00586,Москава,164634,P0075,1.0,375.0,Завершен
VK19332,2019-11-03,CL01079,Королёв,186099,P0049,2.0,550.0,Завершен
VK59500,2019-11-03,CL00005,Красногорск,114662,P0026,3.0,825.0,Завершен
VK13518,2019-11-03,CL00810,Подольск,187486,P0107,1.5,562.5,Завершен
VK74578,2019-11-03,CL00992,Химки,153429,P0010,0.5,-137.5,Завершен
VK71859,2019-11-04,CL00160,Люберцы,137762,P0114,2.0,750.0,Завершен
VK58192,2019-11-04,CL00232,Химки,181205,P0102,5.0,1875.0,Завершен
VK71107,2019-11-04,CL01131,Мытищи,137555,P0042,3.0,825.0,Отказ
VK26149,2019-11-04,CL00527,Подольск,107552,P0027,2.5,687.5,Завершен
VK44407,2019-11-04,CL00601,Королёв,139692,P0048,1.0,275.0,Завершен
VK57312,2019-11-04,CL00919,Москва,188857,XXX999,1.0,375.0,Завершен
VK98113,2019-11-04,CL00538,Москава,167215,P0054,1.0,375.0,Завершен
VK62285,2019-11-04,CL00482,Подольск,183719,P0035,3.0,825.0,Завершен
VK85602,2019-11-04,CL01200,Москва,163618,P0027,5.0,1375.0,Отказ
VK90845,2019-11-04,CL00729,Люберцы,130339,P0022,2.5,687.5,Отказ
VK82897,2019-11-04,CL00330,Красногорск,163736,P0055,2.5,937.5,Завершен
VK10362,2019-11-04,CL00194,Реутов,153841,P0045,0.5,137.5,Завершен
VK29879,2019-11-05,CL01151,Люберцы,101383,P0006,2.5,687.5,Завершен
VK64038,2019-11-05,CL01052,Мытищи,150523,P0018,3.0,825.0,Завершен
VK52929,2019-11-05,CL01047,Москва,195417,P0090,0.5,187.5,Завершен
VK84796,2019-11-05,CL00040,Королёв,198548,P0064,0.5,187.5,Отказ
VK71470,2019-11-05,CL00897,Химки,134471,P0088,0.5,187.5,Отказ
VK75059,2019-11-05,CL00103,Реутов,146105,P0037,0.5,137.5,Завершен
VK13680,2019-11-05,CL00131,Красногорск,142600,P0047,2.5,687.5,Завершен
VK58788,2019-11-05,CL00164,Москва,140319,P0045,3.0,825.0,Завершен
VK97179,2019-11-05,CL00141,Люберцы,115814,P0004,0.5,-137.5,Завершен
VK31426,2019-11-05,CL01152,Подольск,161498,P0104,1.5,562.5,Завершен
VK92145,2019-11-05,CL00703,Королёв,107212,P0005,3.0,825.0,Завершен
VK96980,2019-11-06,CL01096,Люберцы,112190,P0104,3.0,1125.0,Завершен
VK93886,2019-11-06,CL00576,Мытищи,138715,P0021,5.0,1375.0,Завершен
VK65346,2019-11-06,CL00582,Мытищи,146388,P0116,1.0,375.0,Завершен
VK69153,2019-11-06,CL00351,Подольск,161487,P0093,1.5,562.5,Завершен
VK31888,2019-11-06,CL00404,Королёв,167811,P0021,3.0,825.0,Завершен
VK96914,2019-11-06,CL00145,Химки,139618,P0119,1.5,562.5,Завершен
VK43805,2019-11-06,CL00188,Подольск,178561,P0010,3.0,825.0,Завершен
VK17360,2019-11-06,CL00587,Мытищи,136170,P0065,3.0,1125.0,Завершен
VK49476,2019-11-07,CL00795,Мытищи,112203,P0103,5.0,1875.0,Завершен
VK57601,2019-11-07,CL01036,Люберцы,129215,P0021,2.5,687.5,Завершен
VK61247,2019-11-07,CL00584,Реутов,111101,P0112,2.5,937.5,Завершен
VK46049,2019-11-07,CL00482,Москава,183719,P0078,2.5,937.5,Завершен
VK14569,2019-11-07,CL00501,Королёв,154450,P0102,1.5,562.5,Завершен
VK54224,2019-11-07,CL00615,Мытищи,191326,P0065,2.5,937.5,Отказ
VK47125,2019-11-07,CL00281,Реутов,120631,XXX999,2.5,937.5,Завершен
VK56594,2019-11-07,CL00550,Мытищи,101198,P0099,3.0,1125.0,Отказ
VK53345,2019-11-07,CL00512,Реутов,132441,P0074,2.0,750.0,Завершен
VK85701,2019-11-07,CL01018,Королёв,123038,P0053,0.5,187.5,Завершен
VK96386,2019-11-08,CL00260,Подольск,182978,P0102,1.0,375.0,Отказ
VK36025,2019-11-08,CL00368,Химки,141365,P0056,2.0,750.0,Завершен
VK79713,2019-11-08,CL01159,Люберцы,169722,P0086,3.0,1125.0,Завершен
VK15227,2019-11-08,CL00970,Реутов,136583,P0062,0.5,187.5,Завершен
VK64865,2019-11-08,CL01131,Мытищи,137555,P0084,1.0,375.0,Завершен
VK90766,2019-11-08,CL00245,Москва,131925,XXX999,1.5,562.5,Завершен
VK27597,2019-11-08,CL00586,Люберцы,164634,P0088,2.0,750.0,Завершен
VK53500,2019-11-08,CL00437,Мытищи,112672,P0090,0.5,187.5,Завершен
VK31491,2019-11-08,CL00325,Красногорск,185990,P0088,1.5,562.5,Завершен
VK73474,2019-11-08,CL00685,Мытищи,150335,P0003,5.0,1375.0,Завершен
VK46705,2019-11-09,CL01153,Королёв,162530,P0114,2.5,937.5,Завершен
VK10644,2019-11-09,CL01107,Реутов,abcde,P0026,2.0,550.0,Завершен
VK42493,2019-11-09,CL00950,Люберцы,144939,P0098,1.5,562.5,Завершен
VK73147,2019-11-09,CL00337,Химки,abcde,P0054,2.0,750.0,Завершен
VK43039,2019-11-09,CL01009,Мытищи,125875,P0105,3.0,1125.0,Завершен
VK33624,2019-11-09,CL00960,Люберцы,119192,P0091,3.0,1125.0,Завершен
VK20292,2019-11-09,CL00956,Королёв,187445,P0053,0.5,187.5,Завершен
VK54033,2019-11-09,CL00034,Москва,110500,P0088,2.0,750.0,Завершен
VK45576,2019-11-09,CL00572,Мытищи,180460,P0018,2.5,-687.5,Отказ
VK27851,2019-11-10,CL01042,Мытищи,162759,P0037,2.5,687.5,Завершен
VK37922,2019-11-10,CL00554,Люберцы,191469,P0056,3.0,1125.0,Завершен
VK10427,2019-11-10,CL00343,Люберцы,121012,P0107,2.0,750.0,Завершен
VK88914,2019-11-10,CL00652,Подольск,192281,P0114,3.0,1125.0,Завершен
VK69464,2019-11-10,CL01130,Красногорск,163896,P0052,2.0,750.0,Завершен
VK18388,2019-11-10,CL01059,Красногорск,197175,P0091,1.5,562.5,Завершен
VK42921,2019-11-10,CL00323,Люберцы,186057,P0026,3.0,825.0,Завершен
VK77624,2019-11-10,CL00888,Мытищи,185267,P0089,2.0,750.0,Завершен
VK30079,2019-11-10,CL00121,Химки,190520,P0111,2.5,937.5,Отказ
VK79204,2019-11-10,CL01188,Красногорск,132859,P0114,5.0,1875.0,Завершен
VK72720,2019-11-10,CL00143,Химки,163464,P0070,1.5,562.5,Завершен
VK97697,2019-11-10,CL00323,Люберцы,186057,P0003,2.5,687.5,Завершен
VK93317,2019-11-11,CL00998,Люберцы,157367,P0071,3.0,1125.0,Завершен
VK16928,2019-11-11,CL01099,Подольск,189536,P0080,1.5,562.5,Завершен
VK98498,2019-11-11,CL01105,Королёв,141342,P0068,1.0,375.0,Завершен
VK95271,2019-11-11,CL00658,Реутов,109898,P0008,1.0,275.0,Завершен
VK74495,2019-11-11,CL00188,Подольск,178561,P0044,3.0,825.0,Завершен
VK93327,2019-11-11,CL00428,Королёв,140441,P0089,0.5,187.5,Завершен
VK49092,2019-11-11,CL00191,Королёв,158529,P0011,3.0,825.0,Завершен
VK56156,2019-11-11,CL00067,Люберцы,136585,P0054,2.0,750.0,Завершен
VK53427,2019-11-12,CL00520,Красногорск,188150,P0044,2.5,687.5,Завершен
VK40362,2019-11-12,CL01144,Королёв,117206,P0072,2.5,937.5,Завершен
VK48856,2019-11-12,CL00891,Москва,154627,P0019,1.5,412.5,Завершен
VK13764,2019-11-12,CL00781,Люберцы,138602,P0102,0.5,-187.5,Завершен
VK82217,2019-11-12,CL01029,Королёв,105297,XXX999,1.0,275.0,Завершен
VK54379,2019-11-12,CL01049,Королёв,153840,P0024,3.0,825.0,Завершен
VK32459,2019-11-12,CL00991,Мытищи,133018,P0105,1.0,375.0,Отказ
VK80817,2019-11-12,CL00104,Реутов,154921,P0050,3.0,825.0,Завершен
VK15439,2019-11-12,CL01198,Мытищи,186362,P0030,2.0,550.0,Завершен
VK90406,2019-11-12,CL00648,Мытищи,131056,P0021,1.5,412.5,Завершен
VK89393,2019-11-12,CL00987,Москва,127627,P0051,1.5,562.5,Завершен
VK60021,2019-11-13,CL00444,Красногорск,166809,P0060,1.0,375.0,Завершен
VK48401,2019-11-13,CL00328,Мытищи,155496,P0091,2.5,937.5,Завершен
VK72984,2019-11-13,CL00794,Мытищи,149212,P0087,1.0,375.0,Завершен
VK66030,2019-11-13,CL00162,Химки,171376,P0053,2.5,937.5,Завершен
VK54292,2019-11-13,CL00445,Люберцы,102180,P0098,2.5,937.5,Завершен
VK79361,2019-11-13,CL00488,Люберцы,190802,P0103,1.0,375.0,Завершен
VK13808,2019-11-13,CL00783,Москва,141709,P0114,2.0,750.0,Завершен
VK10824,2019-11-13,CL01043,Химки,184837,P0046,3.0,825.0,Завершен
VK73323,2019-11-13,CL00782,Подольск,192013,P0109,2.5,937.5,Завершен
VK45210,2019-11-13,CL00979,Красногорск,128632,P0064,2.0,750.0,Завершен
VK93365,2019-11-14,CL00644,Москва,157850,P0040,5.0,1375.0,Завершен
VK32310,2019-11-14,CL00673,Реутов,192235,P0118,3.0,1125.0,Завершен
VK68741,2019-11-14,CL00230,Мытищи,188188,P0071,2.5,937.5,Завершен
VK31393,2019-11-14,CL00430,Химки,146254,P0118,0.5,187.5,Завершен
VK29974,2019-11-14,CL00582,Мытищи,146388,P0051,5.0,1875.0,Завершен
VK48057,2019-11-14,CL00806,Люберцы,171319,P0099,1.5,562.5,Завершен
VK99644,2019-11-14,CL00897,Химки,134471,P0106,2.0,750.0,Завершен
VK48931,2019-11-15,CL00894,Люберцы,113235,P0035,2.0,550.0,Завершен
VK44675,2019-11-15,CL00871,Красногорск,123639,P0093,1.5,562.5,Завершен
VK75465,2019-11-15,CL00242,Москава,136160,P0009,3.0,825.0,Завершен
VK34564,2019-11-15,CL00020,Реутов,195561,P0047,3.0,825.0,Завершен
VK19247,2019-11-15,CL00370,Люберцы,184790,P0115,3.0,1125.0,Завершен
VK81350,2019-11-15,CL00955,Красногорск,199716,P0115,3.0,1125.0,Завершен
VK80078,2019-11-15,CL00239,Королёв,136666,P0057,2.5,937.5,Завершен
VK67370,2019-11-15,CL00913,Подольск,191248,P0069,2.0,750.0,Завершен
VK65474,2019-11-15,CL00869,Подольск,126253,P0104,0.5,187.5,Отказ
VK90604,2019-11-15,CL01120,Подольск,196802,P0028,1.0,275.0,Завершен
VK86373,2019-11-15,CL01141,Москва,168679,P0116,1.5,562.5,Завершен
VK46575,2019-11-15,CL00022,Мытищи,124931,P0047,5.0,1375.0,Завершен
VK14164,2019-11-15,CL00229,Мытищи,101824,P0072,1.0,375.0,Завершен
VK93385,2019-11-15,CL00649,Красногорск,179988,P0049,2.0,550.0,Завершен
VK37043,2019-11-15,CL00860,Люберцы,186194,P0030,2.5,687.5,Завершен
VK37093,2019-11-16,CL00839,Химки,160846,P0009,1.5,412.5,Завершен
VK35916,2019-11-16,CL01102,Красногорск,113983,P0072,2.0,750.0,Завершен
VK12775,2019-11-16,CL00319,Королёв,179928,P0034,1.5,412.5,Завершен
VK68962,2019-11-16,CL00730,Красногорск,198028,P0080,1.0,375.0,Завершен
VK70398,2019-11-16,CL00990,Королёв,104965,P0042,2.0,550.0,Завершен
VK59934,2019-11-16,CL00829,Москава,139722,P0115,0.5,187.5,Завершен
VK96514,2019-11-16,CL00967,Красногорск,171645,P0112,1.5,562.5,Завершен
VK86200,2019-11-16,CL00682,Подольск,194690,P0027,2.5,687.5,Завершен
VK56327,2019-11-16,CL00848,Люберцы,149345,P0075,3.0,1125.0,Завершен
VK54991,2019-11-16,CL01061,Мытищи,171267,P0044,2.0,-550.0,Завершен
VK58214,2019-11-16,CL00348,Мытищи,103694,P0052,2.5,937.5,Завершен
VK18795,2019-11-17,CL00440,Москва,117961,P0085,3.0,1125.0,Завершен
VK34244,2019-11-17,CL00255,Королёв,180623,P0071,2.5,937.5,Завершен
VK59055,2019-11-17,CL00856,Москва,138745,P0064,0.5,187.5,Завершен
VK48777,2019-11-17,CL00937,Химки,146548,P0116,2.0,750.0,Завершен
VK36805,2019-11-17,CL00078,Реутов,122810,P0104,1.5,562.5,Завершен
VK97138,2019-11-17,CL00241,Красногорск,189873,P0074,0.5,187.5,Завершен
VK60556,2019-11-17,CL00815,Подольск,199246,P0088,1.0,375.0,Завершен
VK44350,2019-11-17,CL00354,Мытищи,131147,XXX999,5.0,1875.0,Завершен
VK77225,2019-11-17,CL00299,Реутов,168676,P0110,2.0,750.0,Завершен
VK28546,2019-11-17,CL01059,Красногорск,197175,P0001,3.0,825.0,Завершен
VK34713,2019-11-17,CL00365,Подольск,189742,P0035,1.5,412.5,Завершен
VK99548,2019-11-17,CL00995,Мытищи,176756,P0032,5.0,1375.0,Завершен
VK22001,2019-11-17,CL00214,Реутов,159878,P0024,5.0,1375.0,Завершен
VK49662,2019-11-18,CL01073,Москва,183345,P0064,5.0,1875.0,Завершен
VK40569,2019-11-18,CL00647,Люберцы,111401,P0014,3.0,825.0,Завершен
VK58088,2019-11-18,CL01186,Подольск,141515,P0015,1.5,412.5,Завершен
VK38093,2019-11-18,CL00859,Королёв,188063,P0051,2.0,750.0,Отказ
VK91711,2019-11-18,CL01190,Королёв,124461,P0117,2.5,937.5,Завершен
VK70513,2019-11-18,CL00674,Москва,110215,P0027,2.0,550.0,Завершен
VK21427,2019-11-18,CL00449,Подольск,131745,P0048,2.0,550.0,Завершен
VK48057,2019-11-18,CL00229,Мытищи,101824,P0106,1.0,375.0,Завершен
VK25269,2019-11-18,CL00501,Королёв,154450,P0018,5.0,1375.0,Завершен
VK31682,2019-11-18,CL00255,Королёв,180623,P0044,1.0,275.0,Отказ
VK36714,2019-11-18,CL00441,Королёв,119521,P0109,2.5,937.5,Отказ
VK39332,2019-11-18,CL01042,Мытищи,162759,P0106,2.5,937.5,Отказ
VK87602,2019-11-18,CL01193,Люберцы,159517,P0059,0.5,187.5,Отказ
VK24115,2019-11-19,CL01069,Люберцы,175713,P0110,0.5,187.5,Завершен
VK87344,2019-11-19,CL00643,Мытищи,135112,P0114,3.0,1125.0,Завершен
VK19188,2019-11-19,CL00179,Королёв,199613,P0060,0.5,187.5,Завершен
VK52065,2019-11-19,CL01000,Подольск,117875,P0001,3.0,825.0,Завершен
VK37118,2019-11-19,CL00275,Красногорск,148176,P0017,2.0,550.0,Завершен
VK29871,2019-11-19,CL00198,Мытищи,157711,P0036,0.5,137.5,Завершен
VK92055,2019-11-19,CL00645,Реутов,185678,P0120,1.0,375.0,Завершен
VK49373,2019-11-19,CL00306,Москава,182306,P0010,2.0,550.0,Завершен
VK19070,2019-11-19,CL00241,Красногорск,189873,P0080,3.0,1125.0,Завершен
VK95877,2019-11-19,CL00085,Люберцы,126100,P0072,2.0,750.0,Отказ
VK83817,2019-11-19,CL00076,Люберцы,142753,P0013,1.0,275.0,Завершен
VK13954,2019-11-20,CL00817,Химки,155492,P0008,0.5,137.5,Завершен
VK36993,2019-11-20,CL00460,Королёв,194589,P0035,0.5,137.5,Завершен
VK42638,2019-11-20,CL00341,Люберцы,162991,P0031,5.0,1375.0,Завершен
VK44537,2019-11-20,CL00527,Подольск,107552,P0024,1.5,412.5,Завершен
VK13645,2019-11-20,CL00755,Люберцы,119481,P0095,2.5,937.5,Завершен
VK78057,2019-11-20,CL01036,Люберцы,129215,P0009,2.0,550.0,Отказ
VK55212,2019-11-20,CL00006,Люберцы,131571,P0046,2.0,550.0,Завершен
VK75002,2019-11-20,CL00851,Люберцы,114169,P0102,0.5,187.5,Завершен
VK30119,2019-11-20,CL00911,Мытищи,159839,P0014,2.0,550.0,Завершен
VK67605,2019-11-21,CL00520,Красногорск,188150,P0023,1.5,412.5,Завершен
VK34636,2019-11-21,CL00516,Королёв,192181,P0007,5.0,1375.0,Завершен
VK90222,2019-11-21,CL00520,Красногорск,188150,P0083,5.0,1875.0,Завершен
VK36971,2019-11-21,CL00265,Красногорск,152262,P0007,2.0,550.0,Завершен
VK70510,2019-11-21,CL00074,Химки,109171,P0015,0.5,137.5,Завершен
VK87831,2019-11-21,CL00655,Люберцы,116631,P0062,0.5,187.5,Отказ
VK88275,2019-11-21,CL01051,Подольск,144914,P0073,2.5,937.5,Завершен
VK62022,2019-11-21,CL01036,Люберцы,129215,P0051,5.0,1875.0,Завершен
VK42186,2019-11-21,CL00036,Реутов,174668,P0116,2.0,-750.0,Завершен
VK42482,2019-11-21,CL01143,Реутов,132426,P0040,5.0,1375.0,Завершен
VK17768,2019-11-21,CL00980,Москва,145351,P0007,1.0,275.0,Завершен
VK99284,2019-11-21,CL00566,Москва,141220,P0008,0.5,137.5,Завершен
VK11166,2019-11-21,CL01130,Красногорск,163896,P0105,1.5,562.5,Завершен
VK85729,2019-11-22,CL01030,Королёв,134649,P0020,3.0,825.0,Отказ
VK78760,2019-11-22,CL00495,Москава,178094,P0087,2.0,750.0,Завершен
VK81006,2019-11-22,CL00965,Красногорск,107051,P0012,5.0,1375.0,Завершен
VK99901,2019-11-22,CL01088,Люберцы,166353,P0091,5.0,1875.0,Завершен
VK54258,2019-11-22,CL00498,Подольск,168202,P0113,1.5,562.5,Завершен
VK51466,2019-11-22,CL00819,Москава,195302,P0089,3.0,1125.0,Завершен
VK91291,2019-11-22,CL00021,Мытищи,195448,P0075,5.0,1875.0,Завершен
VK85511,2019-11-22,CL00848,Люберцы,149345,P0048,5.0,1375.0,Завершен
VK38150,2019-11-22,CL00213,Подольск,145293,P0096,2.0,750.0,Завершен
VK31639,2019-11-22,CL00801,Москва,156047,P0092,1.5,562.5,Завершен
VK66146,2019-11-22,CL00119,Подольск,114168,P0113,5.0,1875.0,Завершен
VK37025,2019-11-22,CL00808,Подольск,134510,P0004,2.0,550.0,Завершен
VK35618,2019-11-22,CL00169,Химки,175392,P0047,2.5,687.5,Завершен
VK93218,2019-11-22,CL00365,Подольск,189742,P0023,2.0,550.0,Завершен
VK41525,2019-11-22,CL00638,Химки,173607,P0027,1.0,275.0,Завершен
VK10638,2019-11-23,CL00439,Подольск,166731,P0104,1.5,562.5,Завершен
VK45304,2019-11-23,CL01068,Подольск,172733,P0015,2.5,687.5,Завершен
VK58479,2019-11-23,CL00335,Королёв,147749,P0118,1.5,562.5,Завершен
VK24777,2019-11-23,CL01118,Химки,194478,P0085,2.0,750.0,Завершен
VK38072,2019-11-23,CL00124,Мытищи,144725,P0042,3.0,825.0,Завершен
VK18970,2019-11-23,CL00977,Реутов,152876,P0079,3.0,-1125.0,Завершен
VK59965,2019-11-23,CL00471,Химки,137649,P0006,0.5,137.5,Завершен
VK60686,2019-11-23,CL00364,Красногорск,146176,P0032,0.5,137.5,Завершен
VK59158,2019-11-23,CL00117,Химки,133586,P0048,0.5,137.5,Завершен
VK89635,2019-11-23,CL01149,Люберцы,163131,P0107,0.5,187.5,Отказ
VK12901,2019-11-23,CL01139,Мытищи,abcde,P0080,1.0,375.0,Завершен
VK54536,2019-11-23,CL01146,Королёв,170855,P0034,5.0,1375.0,Завершен
VK59687,2019-11-23,CL01125,Химки,162460,P0028,3.0,825.0,Завершен
VK44985,2019-11-24,CL00748,Люберцы,109828,P0077,2.0,750.0,Завершен
VK48019,2019-11-24,CL00445,Люберцы,102180,P0064,5.0,1875.0,Отказ
VK92822,2019-11-24,CL00463,Москва,193603,P0052,5.0,1875.0,Завершен
VK54297,2019-11-24,CL01174,Москва,196380,P0081,3.0,1125.0,Завершен
VK98416,2019-11-24,CL00356,Мытищи,165513,P0033,5.0,1375.0,Завершен
VK13756,2019-11-24,CL00505,Москва,109046,P0022,2.0,550.0,Завершен
VK10910,2019-11-24,CL00416,Королёв,171509,P0028,0.5,137.5,Завершен
VK88770,2019-11-24,CL00854,Химки,131496,P0119,5.0,1875.0,Отказ
VK28044,2019-11-24,CL00062,Люберцы,191917,P0105,2.0,750.0,Завершен
VK29639,2019-11-24,CL00010,Химки,198994,P0047,1.0,275.0,Завершен
VK59336,2019-11-24,CL00111,Химки,144236,P0089,1.0,375.0,Завершен
VK45003,2019-11-24,CL00652,Подольск,192281,P0069,5.0,1875.0,Завершен
VK22974,2019-11-24,CL00872,Королёв,123176,P0005,3.0,825.0,Завершен
VK86739,2019-11-25,CL00729,Люберцы,130339,P0059,3.0,1125.0,Завершен
VK89240,2019-11-25,CL00052,Красногорск,183507,XXX999,1.0,275.0,Завершен
VK99518,2019-11-25,CL00761,Красногорск,123568,P0008,2.5,687.5,Отказ
VK24876,2019-11-25,CL00839,Химки,160846,P0040,1.5,412.5,Отказ
VK44029,2019-11-25,CL00617,Москва,184930,P0031,0.5,137.5,Завершен
VK12524,2019-11-25,CL00271,Мытищи,187207,P0049,5.0,1375.0,Завершен
VK26267,2019-11-26,CL00133,Люберцы,191905,P0088,2.5,937.5,Завершен
VK87845,2019-11-26,CL00574,Королёв,172487,P0107,1.5,562.5,Завершен
VK90354,2019-11-26,CL00501,Королёв,154450,P0120,1.5,562.5,Завершен
VK85507,2019-11-26,CL00197,Королёв,116547,P0005,3.0,825.0,Завершен
VK21081,2019-11-26,CL00367,Королёв,126422,P0032,1.5,412.5,Завершен
VK72387,2019-11-26,CL00291,Королёв,123028,P0110,3.0,1125.0,Завершен
VK56363,2019-11-26,CL01005,Химки,184663,P0039,5.0,1375.0,Завершен
VK72213,2019-11-26,CL00671,Мытищи,185054,P0117,5.0,1875.0,Завершен
VK11016,2019-11-26,CL00843,Люберцы,106507,P0038,1.5,412.5,Завершен
VK18760,2019-11-26,CL01071,Химки,191660,P0077,0.5,187.5,Завершен
VK36829,2019-11-26,CL00048,Москава,127607,P0050,3.0,825.0,Завершен
VK19816,2019-11-27,CL00844,Химки,184853,P0046,2.0,550.0,Завершен
VK15367,2019-11-27,CL00449,Подольск,131745,P0040,3.0,825.0,Завершен
VK84223,2019-11-27,CL00136,Королёв,164332,P0033,5.0,1375.0,Завершен
VK21778,2019-11-27,CL00765,Химки,196607,P0093,1.5,-562.5,Завершен
VK47803,2019-11-27,CL00928,Химки,158220,P0033,3.0,825.0,Завершен
VK93505,2019-11-27,CL00873,Москва,135851,P0012,1.0,275.0,Завершен
VK16327,2019-11-28,CL00630,Люберцы,177354,P0120,0.5,187.5,Завершен
VK52691,2019-11-28,CL00890,Москва,185664,P0034,1.0,275.0,Завершен
VK69814,2019-11-28,CL00273,Красногорск,166507,P0068,2.0,750.0,Завершен
VK20851,2019-11-28,CL00486,Реутов,198796,P0120,3.0,1125.0,Завершен
VK27025,2019-11-28,CL01055,Москва,169655,P0037,1.5,-412.5,Завершен
VK18486,2019-11-28,CL00453,Москва,167984,P0088,3.0,1125.0,Завершен
VK71439,2019-11-28,CL00992,Химки,153429,P0032,5.0,1375.0,Завершен
VK78385,2019-11-28,CL00091,Москва,115906,P0106,0.5,187.5,Завершен
VK19566,2019-11-28,CL00345,Мытищи,129102,P0100,5.0,1875.0,Завершен
VK73916,2019-11-28,CL00815,Подольск,199246,P0070,3.0,1125.0,Завершен
VK25203,2019-11-28,CL00800,Реутов,164349,P0065,3.0,1125.0,Завершен
VK49412,2019-11-28,CL00785,Мытищи,141879,P0097,2.0,750.0,Завершен
VK60046,2019-11-28,CL00390,Королёв,173619,P0105,2.0,750.0,Завершен
VK71440,2019-11-29,CL00668,Королёв,156072,P0112,2.0,750.0,Отказ
VK25859,2019-11-29,CL00848,Люберцы,149345,P0057,2.5,937.5,Завершен
VK41752,2019-11-29,CL00603,Реутов,178372,P0010,3.0,825.0,Завершен
VK22426,2019-11-29,CL00503,Москва,100395,P0103,1.0,375.0,Завершен
VK95170,2019-11-29,CL01182,Королёв,120315,P0085,1.0,375.0,Отказ
VK14036,2019-11-29,CL00946,Реутов,163298,P0095,3.0,1125.0,Завершен
VK31757,2019-11-29,CL00804,Люберцы,162071,P0070,2.5,937.5,Завершен
VK86749,2019-11-29,CL00682,Подольск,194690,P0044,2.0,550.0,Завершен
VK97273,2019-11-29,CL01031,Химки,127102,P0031,0.5,137.5,Завершен
VK63722,2019-11-30,CL00101,Королёв,abcde,P0004,1.5,412.5,Завершен
VK97639,2019-11-30,CL00277,Люберцы,135818,XXX999,1.5,562.5,Завершен
VK24210,2019-11-30,CL00150,Москва,162616,P0012,2.5,687.5,Завершен
VK11818,2019-11-30,CL00762,Красногорск,103840,P0045,5.0,1375.0,Завершен
VK71916,2019-11-30,CL01188,Красногорск,132859,P0062,1.0,375.0,Завершен
VK87821,2019-11-30,CL00536,Реутов,172362,P0042,0.5,137.5,Завершен
VK68591,2019-11-30,CL00890,Москва,185664,P0073,5.0,1875.0,Завершен
VK73886,2019-11-30,CL00154,Химки,149856,P0045,0.5,137.5,Завершен
VK79170,2019-11-30,CL00321,Реутов,188984,P0044,2.5,687.5,Завершен
VK64645,2019-11-30,CL00928,Химки,158220,XXX999,3.0,825.0,Завершен
VK66969,2019-11-30,CL00279,Реутов,197120,P0113,3.0,1125.0,Завершен
VK45562,2019-12-01,CL00103,Реутов,146105,P0092,1.0,375.0,Завершен
VK67041,2019-12-01,CL00174,Красногорск,121079,P0007,2.5,687.5,Завершен
VK80887,2019-12-01,CL00523,Реутов,106145,P0094,2.0,-750.0,Завершен
VK99668,2019-12-01,CL00651,Москва,169767,P0093,2.0,750.0,Завершен
VK55562,2019-12-01,CL00817,Химки,155492,P0050,1.0,275.0,Завершен
VK47538,2019-12-01,CL00721,Красногорск,173899,P0030,0.5,137.5,Завершен
VK54605,2019-12-01,CL00600,Люберцы,109064,P0101,3.0,1125.0,Завершен
VK27462,2019-12-01,CL01132,Подольск,183962,P0079,2.0,750.0,Завершен
VK57244,2019-12-01,CL00405,Подольск,172260,P0030,2.0,550.0,Завершен
VK62062,2019-12-02,CL00752,Реутов,151773,P0029,2.0,550.0,Завершен
VK39591,2019-12-02,CL00972,Красногорск,120290,P0099,2.5,937.5,Завершен
VK60979,2019-12-02,CL00408,Химки,168012,P0028,0.5,137.5,Завершен
VK43513,2019-12-02,CL00792,Химки,109661,P0014,3.0,825.0,Завершен
VK58656,2019-12-02,CL00605,Москва,147124,P0107,1.5,562.5,Завершен
VK11325,2019-12-02,CL00504,Мытищи,145158,P0114,2.0,750.0,Завершен
VK14326,2019-12-02,CL00320,Красногорск,137079,P0105,2.5,937.5,Завершен
VK43804,2019-12-02,CL00663,Реутов,164843,P0028,2.0,550.0,Завершен
VK59951,2019-12-02,CL00549,Москва,182667,P0029,5.0,1375.0,Завершен
VK66712,2019-12-02,CL00065,Москава,129831,P0078,1.0,375.0,Завершен
VK94842,2019-12-02,CL00688,Москва,186298,P0018,2.5,687.5,Завершен
VK62391,2019-12-02,CL00964,Москва,150797,P0108,1.0,375.0,Завершен
VK56944,2019-12-03,CL00222,Люберцы,104373,P0009,0.5,137.5,Завершен
VK37517,2019-12-03,CL00768,Красногорск,103697,P0046,5.0,1375.0,Завершен
VK63502,2019-12-03,CL00260,Подольск,182978,P0115,2.0,750.0,Завершен
VK35444,2019-12-03,CL00159,Подольск,159048,P0019,2.5,687.5,Завершен
VK40218,2019-12-03,CL00080,Люберцы,176019,P0050,1.0,275.0,Завершен
VK26976,2019-12-03,CL00970,Реутов,136583,P0036,1.0,275.0,Завершен
VK56524,2019-12-03,CL00914,Подольск,177430,P0045,1.0,275.0,Завершен
VK78109,2019-12-03,CL00268,Мытищи,111188,P0079,3.0,1125.0,Завершен
VK38719,2019-12-03,CL00251,Подольск,131186,P0092,1.0,375.0,Завершен
VK34410,2019-12-03,CL01043,Химки,184837,P0101,2.0,750.0,Завершен
VK40568,2019-12-04,CL00759,Москва,193502,P0066,1.5,562.5,Завершен
VK26225,2019-12-04,CL00821,Люберцы,101620,P0092,5.0,1875.0,Завершен
VK77454,2019-12-04,CL00986,Красногорск,112577,P0039,3.0,825.0,Завершен
VK58121,2019-12-04,CL00510,Подольск,129188,XXX999,1.0,375.0,Завершен
VK20812,2019-12-04,CL00098,Красногорск,170798,P0032,2.0,550.0,Завершен
VK73814,2019-12-04,CL00880,Химки,145134,P0044,1.0,275.0,Завершен
VK11656,2019-12-04,CL00277,Люберцы,135818,P0074,2.5,937.5,Завершен
VK67657,2019-12-04,CL01117,Реутов,123578,P0069,1.5,562.5,Завершен
VK94111,2019-12-04,CL00902,Подольск,167070,P0008,0.5,137.5,Завершен
VK98805,2019-12-04,CL00185,Мытищи,120181,P0054,3.0,1125.0,Завершен
VK39157,2019-12-05,CL00624,Химки,192243,P0030,3.0,825.0,Завершен
VK30623,2019-12-05,CL00465,Королёв,170592,P0119,2.0,750.0,Завершен
VK52363,2019-12-05,CL00711,Красногорск,113487,P0040,2.0,550.0,Завершен
VK92475,2019-12-05,CL00164,Москва,140319,P0110,1.0,375.0,Завершен
VK94894,2019-12-05,CL00217,Люберцы,186275,P0107,5.0,1875.0,Завершен
VK78966,2019-12-06,CL00502,Москва,188181,P0066,3.0,1125.0,Завершен
VK84994,2019-12-06,CL00662,Мытищи,152129,P0105,2.5,937.5,Завершен
VK69875,2019-12-06,CL01025,Подольск,166900,P0037,0.5,137.5,Завершен
VK71439,2019-12-06,CL01120,Подольск,196802,P0010,2.5,687.5,Завершен
VK38533,2019-12-06,CL00144,Люберцы,125443,P0057,3.0,1125.0,Завершен
VK58797,2019-12-06,CL00698,Реутов,110803,P0086,3.0,1125.0,Завершен
VK22399,2019-12-06,CL00625,Мытищи,170371,P0039,0.5,137.5,Завершен
VK66172,2019-12-07,CL00549,Москва,182667,P0025,2.5,687.5,Завершен
VK86490,2019-12-07,CL00841,Королёв,123276,P0083,1.0,375.0,Завершен
VK21668,2019-12-07,CL00472,Люберцы,111725,P0007,1.5,412.5,Завершен
VK79171,2019-12-07,CL00839,Химки,160846,P0039,3.0,825.0,Отказ
VK29219,2019-12-07,CL01080,Химки,178579,XXX999,1.5,562.5,Завершен
VK32137,2019-12-07,CL00663,Реутов,abcde,P0056,5.0,1875.0,Завершен
VK64346,2019-12-08,CL00133,Люберцы,abcde,P0053,2.5,937.5,Завершен
VK43707,2019-12-08,CL00018,Химки,153354,P0056,1.0,375.0,Завершен
VK88181,2019-12-08,CL00942,Королёв,124979,P0084,2.5,937.5,Завершен
VK82919,2019-12-08,CL01012,Красногорск,143036,P0027,1.5,412.5,Отказ
VK47486,2019-12-08,CL00715,Реутов,132540,P0052,2.5,937.5,Завершен
VK96838,2019-12-08,CL00690,Реутов,107152,P0009,2.0,550.0,Завершен
VK19763,2019-12-08,CL00638,Москава,173607,P0089,3.0,1125.0,Завершен
VK74303,2019-12-08,CL00318,Москава,192749,P0090,2.0,750.0,Отказ
VK29610,2019-12-08,CL01013,Подольск,147774,P0048,1.0,275.0,Отказ
VK12057,2019-12-08,CL00138,Химки,176225,P0036,3.0,825.0,Завершен
VK71307,2019-12-08,CL00017,Химки,194811,P0068,3.0,1125.0,Завершен
VK59288,2019-12-08,CL01103,Мытищи,186956,P0074,1.0,375.0,Завершен
VK31986,2019-12-08,CL00631,Подольск,131270,P0024,1.0,275.0,Завершен
VK96089,2019-12-08,CL00734,Реутов,196384,P0066,1.5,562.5,Завершен
VK61306,2019-12-09,CL00511,Москва,160686,P0088,0.5,187.5,Завершен
VK86055,2019-12-09,CL00458,Москава,139008,P0014,0.5,137.5,Завершен
VK11360,2019-12-09,CL00663,Реутов,164843,P0003,0.5,137.5,Отказ
VK66464,2019-12-09,CL00121,Химки,190520,P0114,1.5,562.5,Завершен
VK13002,2019-12-09,CL00157,Химки,134687,P0102,2.0,750.0,Завершен
VK30218,2019-12-09,CL00427,Красногорск,120885,P0107,3.0,1125.0,Завершен
VK68625,2019-12-09,CL00738,Красногорск,170244,P0120,2.0,750.0,Завершен
VK84844,2019-12-09,CL00717,Мытищи,106903,P0049,5.0,1375.0,Завершен
VK97093,2019-12-09,CL00081,Королёв,188555,P0028,3.0,825.0,Завершен
VK90483,2019-12-09,CL01098,Красногорск,175197,P0021,2.0,550.0,Завершен
VK46620,2019-12-09,CL01095,Красногорск,146281,P0068,1.5,562.5,Завершен
VK66458,2019-12-09,CL00530,Королёв,112119,P0040,0.5,137.5,Завершен
VK67059,2019-12-10,CL00533,Королёв,143642,P0097,3.0,1125.0,Завершен
VK43415,2019-12-10,CL00663,Реутов,164843,P0038,2.5,687.5,Завершен
VK40645,2019-12-10,CL01175,Химки,189318,P0013,2.0,550.0,Завершен
VK81971,2019-12-10,CL00118,Подольск,198032,P0001,2.5,687.5,Завершен
VK52674,2019-12-10,CL01118,Москава,194478,P0073,0.5,187.5,Завершен
VK85051,2019-12-10,CL00520,Красногорск,188150,P0088,1.0,375.0,Завершен
VK60985,2019-12-10,CL00766,Химки,150911,P0085,0.5,187.5,Завершен
VK21518,2019-12-10,CL00078,Реутов,122810,P0067,2.0,750.0,Завершен
VK81083,2019-12-10,CL00489,Москва,161000,P0024,2.5,687.5,Завершен
VK68898,2019-12-10,CL00247,Химки,130539,P0014,5.0,1375.0,Завершен
VK98220,2019-12-11,CL00583,Красногорск,101617,P0031,3.0,825.0,Завершен
VK89725,2019-12-11,CL00292,Реутов,130161,P0061,2.0,750.0,Завершен
VK39136,2019-12-11,CL00496,Королёв,147419,P0116,3.0,-1125.0,Завершен
VK40434,2019-12-11,CL00077,Люберцы,125144,P0012,1.5,412.5,Завершен
VK63175,2019-12-11,CL00383,Москва,179635,P0007,1.5,412.5,Завершен
VK24692,2019-12-11,CL00638,Химки,173607,P0024,2.5,687.5,Завершен
VK99919,2019-12-11,CL00624,Химки,192243,P0028,1.0,275.0,Завершен
VK40819,2019-12-11,CL00039,Химки,117154,P0024,1.5,412.5,Завершен
VK10669,2019-12-11,CL00975,Мытищи,141662,P0089,2.5,937.5,Завершен
VK37469,2019-12-11,CL00940,Мытищи,125679,P0009,2.5,687.5,Завершен
VK64998,2019-12-11,CL00575,Реутов,176791,P0108,1.5,562.5,Завершен
VK65989,2019-12-11,CL00179,Королёв,199613,P0016,2.5,687.5,Завершен
VK86992,2019-12-11,CL00871,Красногорск,123639,XXX999,0.5,187.5,Завершен
VK72513,2019-12-11,CL00748,Люберцы,109828,P0048,5.0,1375.0,Отказ
VK86393,2019-12-12,CL00031,Подольск,128534,P0120,2.0,750.0,Завершен
VK20737,2019-12-12,CL00866,Королёв,183151,P0002,0.5,137.5,Завершен
VK33254,2019-12-12,CL00408,Химки,168012,P0070,2.0,750.0,Отказ
VK15803,2019-12-12,CL00791,Красногорск,113294,P0024,0.5,137.5,Завершен
VK58864,2019-12-13,CL00926,Красногорск,136458,P0004,1.0,275.0,Завершен
VK64523,2019-12-13,CL00559,Химки,110566,P0031,1.0,275.0,Завершен
VK62572,2019-12-13,CL00868,Реутов,154146,P0002,3.0,825.0,Завершен
VK39284,2019-12-13,CL01193,Люберцы,159517,P0066,0.5,187.5,Завершен
VK10042,2019-12-13,CL01089,Мытищи,144560,P0046,2.5,687.5,Завершен
VK31934,2019-12-13,CL00586,Люберцы,164634,P0027,5.0,1375.0,Завершен
VK73166,2019-12-13,CL01150,Мытищи,147943,P0053,2.5,937.5,Завершен
VK11515,2019-12-13,CL00111,Химки,144236,P0099,1.0,375.0,Завершен
VK14085,2019-12-13,CL00034,Москва,110500,P0082,0.5,187.5,Завершен
VK48574,2019-12-13,CL00403,Подольск,184192,P0034,0.5,137.5,Завершен
VK71039,2019-12-13,CL01027,Подольск,118398,P0062,5.0,1875.0,Завершен
VK22142,2019-12-13,CL00794,Мытищи,149212,P0064,0.5,187.5,Завершен
VK85548,2019-12-14,CL01140,Мытищи,162021,P0053,1.0,375.0,Завершен
VK20680,2019-12-14,CL00698,Реутов,110803,P0069,2.0,750.0,Завершен
VK96542,2019-12-14,CL00903,Мытищи,184454,P0019,2.5,687.5,Завершен
VK11020,2019-12-14,CL00389,Химки,103396,P0099,2.0,750.0,Отказ
VK50788,2019-12-14,CL00535,Королёв,191177,XXX999,2.5,937.5,Отказ
VK88308,2019-12-14,CL00125,Москава,113833,P0013,2.5,687.5,Завершен
VK46627,2019-12-15,CL00461,Люберцы,abcde,P0056,0.5,187.5,Завершен
VK27664,2019-12-15,CL01088,Люберцы,166353,P0082,2.5,937.5,Завершен
VK44758,2019-12-15,CL00223,Подольск,138680,P0106,0.5,187.5,Завершен
VK37944,2019-12-15,CL00804,Люберцы,162071,P0003,0.5,137.5,Завершен
VK19573,2019-12-15,CL00878,Москва,199201,P0115,2.0,750.0,Завершен
VK78439,2019-12-15,CL00472,Люберцы,111725,P0086,2.0,750.0,Завершен
VK30250,2019-12-15,CL00468,Химки,154172,XXX999,2.5,937.5,Завершен
VK80897,2019-12-15,CL01089,Мытищи,144560,P0055,3.0,1125.0,Завершен
VK23922,2019-12-15,CL00163,Подольск,118643,P0092,0.5,187.5,Завершен
VK25917,2019-12-16,CL00241,Красногорск,189873,P0098,0.5,187.5,Завершен
VK97578,2019-12-16,CL00577,Мытищи,120214,P0101,3.0,1125.0,Завершен
VK40149,2019-12-16,CL00743,Москва,134100,P0087,3.0,1125.0,Завершен
VK89783,2019-12-16,CL00260,Подольск,182978,P0069,5.0,1875.0,Завершен
VK33869,2019-12-16,CL00750,Подольск,abcde,P0003,1.0,275.0,Завершен
VK76580,2019-12-16,CL00876,Реутов,162573,P0037,1.5,412.5,Завершен
VK27780,2019-12-16,CL01065,Реутов,133244,P0073,5.0,1875.0,Завершен
VK29745,2019-12-16,CL00975,Мытищи,141662,P0101,0.5,187.5,Завершен
VK47288,2019-12-16,CL00536,Реутов,172362,P0045,1.0,275.0,Завершен
VK88647,2019-12-16,CL00039,Химки,117154,P0047,5.0,1375.0,Завершен
VK76177,2019-12-16,CL00413,Москва,103718,P0068,2.0,750.0,Завершен
VK23822,2019-12-16,CL00916,Москва,195325,P0048,3.0,825.0,Завершен
VK86372,2019-12-16,CL00603,Реутов,178372,P0050,5.0,1375.0,Отказ
VK24121,2019-12-16,CL01162,Королёв,181625,P0040,3.0,825.0,Завершен
VK23529,2019-12-17,CL01183,Мытищи,165525,P0094,5.0,1875.0,Завершен
VK11747,2019-12-17,CL01123,Королёв,173680,P0005,3.0,825.0,Завершен
VK63355,2019-12-17,CL00333,Красногорск,181006,P0037,1.5,412.5,Завершен
VK80925,2019-12-17,CL01190,Королёв,124461,P0067,5.0,1875.0,Отказ
VK90109,2019-12-17,CL00767,Подольск,177662,P0023,3.0,825.0,Отказ
VK43640,2019-12-17,CL01068,Подольск,172733,P0045,2.0,550.0,Завершен
VK82326,2019-12-17,CL00903,Мытищи,184454,P0020,0.5,137.5,Завершен
VK65686,2019-12-17,CL00851,Люберцы,114169,P0102,5.0,1875.0,Завершен
VK46764,2019-12-17,CL00860,Люберцы,186194,P0058,2.5,937.5,Завершен
VK13910,2019-12-17,CL00008,Подольск,172063,P0049,2.5,687.5,Завершен
VK87414,2019-12-17,CL00674,Москва,110215,P0063,5.0,1875.0,Завершен
VK98405,2019-12-18,CL00382,Реутов,198290,P0028,1.5,412.5,Завершен
VK47703,2019-12-18,CL00254,Королёв,147453,P0001,5.0,1375.0,Завершен
VK61188,2019-12-18,CL00295,Реутов,192995,P0084,2.0,750.0,Завершен
VK88717,2019-12-18,CL01198,Мытищи,186362,P0106,2.5,937.5,Отказ
VK15884,2019-12-18,CL01090,Люберцы,175352,P0092,5.0,1875.0,Завершен
VK47446,2019-12-18,CL00006,Люберцы,131571,P0102,0.5,187.5,Завершен
VK92577,2019-12-18,CL00403,Подольск,184192,P0099,2.0,750.0,Завершен
VK48468,2019-12-18,CL00183,Подольск,101792,P0024,2.0,550.0,Завершен
VK77993,2019-12-18,CL00384,Москва,130932,P0042,3.0,825.0,Завершен
VK11877,2019-12-18,CL00977,Реутов,152876,P0045,1.5,412.5,Завершен
VK99965,2019-12-18,CL00650,Подольск,127082,P0067,1.0,375.0,Завершен
VK68456,2019-12-18,CL00734,Реутов,196384,P0069,2.0,750.0,Завершен
VK61148,2019-12-18,CL00481,Москва,138669,P0117,2.0,750.0,Отказ
VK92749,2019-12-19,CL00157,Химки,134687,P0086,2.5,937.5,Завершен
VK73323,2019-12-19,CL00492,Химки,117507,P0117,5.0,1875.0,Завершен
VK61882,2019-12-19,CL00824,Красногорск,134620,P0025,3.0,825.0,Отказ
VK75226,2019-12-19,CL01156,Реутов,121400,P0119,1.5,-562.5,Завершен
VK99629,2019-12-19,CL00663,Реутов,164843,P0039,3.0,825.0,Завершен
VK18245,2019-12-19,CL00783,Москва,141709,P0053,1.5,562.5,Отказ
VK75174,2019-12-19,CL00364,Красногорск,abcde,P0037,1.5,412.5,Завершен
VK29335,2019-12-19,CL00221,Подольск,182242,P0013,1.0,275.0,Завершен
VK33502,2019-12-19,CL00644,Москва,157850,P0099,1.5,562.5,Завершен
VK54770,2019-12-19,CL00561,Москва,192123,P0048,1.0,275.0,Завершен
VK39840,2019-12-20,CL00230,Мытищи,188188,P0042,3.0,825.0,Завершен
VK21489,2019-12-20,CL00414,Москва,175598,P0011,1.5,412.5,Завершен
VK77506,2019-12-20,CL00102,Реутов,176556,P0067,1.0,375.0,Завершен
VK64225,2019-12-20,CL00411,Подольск,176106,XXX999,1.5,562.5,Завершен
VK91746,2019-12-20,CL00279,Реутов,197120,P0079,0.5,187.5,Завершен
VK29583,2019-12-20,CL00389,Химки,103396,P0039,1.0,275.0,Завершен
VK26197,2019-12-20,CL00139,Королёв,145056,P0023,1.0,275.0,Завершен
VK29252,2019-12-20,CL00961,Люберцы,170932,P0099,0.5,187.5,Завершен
VK43835,2019-12-20,CL00264,Реутов,129949,P0018,2.5,687.5,Завершен
VK35799,2019-12-21,CL00995,Мытищи,abcde,P0031,2.5,687.5,Завершен
VK71024,2019-12-21,CL00413,Москва,103718,P0009,3.0,825.0,Завершен
VK81302,2019-12-21,CL00288,Люберцы,151807,P0059,5.0,1875.0,Завершен
VK49811,2019-12-21,CL00358,Москва,131531,P0111,1.0,375.0,Завершен
VK22670,2019-12-21,CL00793,Люберцы,abcde,P0056,0.5,187.5,Завершен
VK79586,2019-12-21,CL00756,Химки,165390,P0017,0.5,137.5,Завершен
VK38444,2019-12-21,CL00161,Королёв,130595,P0035,1.0,275.0,Завершен
VK38448,2019-12-22,CL00368,Химки,141365,P0028,5.0,1375.0,Завершен
VK76051,2019-12-22,CL00520,Красногорск,188150,P0051,3.0,1125.0,Завершен
VK46993,2019-12-22,CL01073,Москва,183345,P0088,2.0,750.0,Завершен
VK55459,2019-12-22,CL00649,Красногорск,179988,P0084,5.0,1875.0,Завершен
VK37945,2019-12-22,CL01144,Королёв,117206,P0001,5.0,1375.0,Завершен
VK75833,2019-12-22,CL01078,Москва,122973,P0080,5.0,1875.0,Завершен
VK28835,2019-12-22,CL00594,Королёв,152198,P0110,2.5,937.5,Завершен
VK34453,2019-12-23,CL00999,Реутов,104039,P0083,2.5,937.5,Завершен
VK16037,2019-12-23,CL00648,Мытищи,131056,P0118,2.5,937.5,Отказ
VK57909,2019-12-23,CL01044,Москва,abcde,P0120,1.0,375.0,Завершен
VK79109,2019-12-23,CL00461,Люберцы,188686,XXX999,1.0,275.0,Завершен
VK71830,2019-12-23,CL01187,Королёв,102798,P0076,1.0,375.0,Завершен
VK44340,2019-12-23,CL01028,Подольск,174162,P0056,1.0,375.0,Отказ
VK96070,2019-12-24,CL00749,Мытищи,184670,P0114,2.0,750.0,Завершен
VK48736,2019-12-24,CL00569,Реутов,170852,P0106,3.0,1125.0,Отказ
VK20774,2019-12-24,CL00514,Москва,154950,P0047,3.0,825.0,Завершен
VK44514,2019-12-24,CL00534,Москва,124906,P0065,1.5,562.5,Завершен
VK25962,2019-12-24,CL00649,Красногорск,179988,P0103,1.0,375.0,Отказ
VK20698,2019-12-24,CL00583,Красногорск,101617,P0038,0.5,137.5,Завершен
VK56592,2019-12-24,CL00875,Мытищи,156847,P0036,1.5,412.5,Завершен
VK46258,2019-12-25,CL00087,Королёв,182544,P0074,5.0,1875.0,Завершен
VK69103,2019-12-25,CL00373,Реутов,150678,P0069,5.0,1875.0,Завершен
VK90643,2019-12-25,CL00321,Реутов,188984,P0118,1.0,375.0,Завершен
VK13296,2019-12-25,CL00159,Москава,159048,P0105,2.0,750.0,Отказ
VK37003,2019-12-25,CL01032,Реутов,159591,P0058,5.0,1875.0,Отказ
VK39659,2019-12-25,CL01184,Красногорск,199557,P0006,5.0,1375.0,Завершен
VK88597,2019-12-25,CL00222,Люберцы,104373,P0043,1.5,412.5,Завершен
VK81137,2019-12-25,CL00035,Мытищи,188501,P0075,2.0,750.0,Завершен
VK82292,2019-12-25,CL00376,Мытищи,123652,P0095,3.0,1125.0,Завершен
VK19020,2019-12-25,CL00789,Москва,196021,P0092,3.0,-1125.0,Завершен
VK76399,2019-12-25,CL00788,Мытищи,114160,P0059,3.0,1125.0,Завершен
VK72411,2019-12-25,CL00088,Реутов,131979,P0046,0.5,137.5,Завершен
VK27148,2019-12-25,CL00569,Реутов,170852,P0048,2.5,687.5,Завершен
VK88916,2019-12-26,CL01040,Химки,120625,P0092,1.0,375.0,Завершен
VK15368,2019-12-26,CL00584,Реутов,111101,P0119,1.5,562.5,Завершен
VK69043,2019-12-26,CL00220,Красногорск,124920,P0099,2.0,750.0,Отказ
VK50920,2019-12-26,CL00266,Мытищи,140963,P0071,1.0,375.0,Завершен
VK78860,2019-12-26,CL00466,Люберцы,180698,P0077,3.0,-1125.0,Завершен
VK82820,2019-12-26,CL00394,Подольск,158341,P0120,1.0,375.0,Завершен
VK71813,2019-12-26,CL01103,Мытищи,186956,P0039,2.0,550.0,Завершен
VK43533,2019-12-26,CL00449,Москава,131745,P0027,3.0,825.0,Завершен
VK80617,2019-12-27,CL00534,Москва,124906,P0083,5.0,1875.0,Завершен
VK37856,2019-12-27,CL00455,Красногорск,160249,P0108,1.0,375.0,Завершен
VK64439,2019-12-27,CL00199,Королёв,118894,P0098,5.0,1875.0,Завершен
VK31631,2019-12-27,CL00148,Мытищи,175243,P0079,5.0,-1875.0,Завершен
VK44287,2019-12-27,CL01130,Красногорск,163896,P0098,2.0,750.0,Завершен
VK65923,2019-12-27,CL00455,Красногорск,160249,P0056,5.0,1875.0,Завершен
VK38245,2019-12-27,CL00182,Москва,179806,P0047,1.5,412.5,Завершен
VK14808,2019-12-28,CL00667,Мытищи,120707,P0052,2.5,937.5,Завершен
VK62047,2019-12-28,CL00539,Королёв,194688,P0056,2.0,750.0,Завершен
VK81182,2019-12-28,CL00678,Мытищи,113425,P0042,0.5,137.5,Завершен
VK22386,2019-12-28,CL00981,Химки,180439,P0092,1.5,562.5,Завершен
VK95646,2019-12-28,CL01058,Реутов,163192,P0019,1.0,275.0,Завершен
VK54571,2019-12-28,CL01029,Королёв,105297,P0085,1.5,562.5,Завершен
VK46322,2019-12-28,CL00982,Москва,142065,P0110,2.5,-937.5,Завершен
VK83717,2019-12-28,CL00180,Химки,117172,P0025,2.5,687.5,Завершен
VK63840,2019-12-29,CL00729,Люберцы,130339,P0100,2.5,937.5,Отказ
VK55824,2019-12-29,CL00747,Химки,148790,P0094,3.0,1125.0,Завершен
VK82415,2019-12-29,CL00052,Красногорск,183507,P0070,1.5,562.5,Завершен
VK58794,2019-12-29,CL00429,Москва,151543,P0001,5.0,1375.0,Завершен
VK31878,2019-12-29,CL00604,Реутов,abcde,P0057,2.5,937.5,Завершен
VK75488,2019-12-29,CL00520,Красногорск,188150,P0113,0.5,187.5,Завершен
VK23684,2019-12-29,CL00934,Красногорск,129218,P0053,2.5,937.5,Завершен
VK63754,2019-12-29,CL00108,Реутов,186900,P0071,1.0,375.0,Завершен
VK61626,2019-12-29,CL00447,Москва,134803,P0013,1.0,275.0,Завершен
VK82797,2019-12-30,CL00483,Реутов,111368,P0046,5.0,1375.0,Завершен
VK95505,2019-12-30,CL01150,Мытищи,147943,P0024,0.5,137.5,Завершен
VK33482,2019-12-30,CL00296,Люберцы,102733,P0061,2.5,937.5,Завершен
VK27075,2019-12-30,CL00633,Реутов,118070,P0001,2.0,550.0,Завершен
VK89551,2019-12-30,CL00613,Подольск,144966,P0077,1.0,375.0,Завершен
VK74226,2019-12-30,CL00153,Мытищи,115525,P0089,0.5,187.5,Завершен
VK57621,2019-12-30,CL00017,Химки,194811,P0042,5.0,1375.0,Завершен
VK22317,2019-12-30,CL00764,Химки,113124,P0035,5.0,1375.0,Отказ
VK89926,2019-12-30,CL01054,Подольск,123255,P0114,0.5,187.5,Отказ
VK42779,2019-12-31,CL00752,Реутов,151773,P0111,5.0,1875.0,Завершен
VK89377,2019-12-31,CL00843,Люберцы,106507,P0064,5.0,1875.0,Завершен
VK92423,2019-12-31,CL00737,Подольск,158925,P0116,0.5,187.5,Завершен
VK84801,2019-12-31,CL01103,Мытищи,186956,P0107,5.0,1875.0,Завершен
VK73072,2019-12-31,CL01137,Королёв,124102,P0074,0.5,187.5,Завершен
VK13507,2019-12-31,CL00252,Москва,106868,P0040,1.0,275.0,Завершен
VK85011,2019-12-31,CL00904,Королёв,138800,P0005,2.0,550.0,Завершен
VK40299,2019-12-31,CL00399,Красногорск,148353,P0035,2.0,550.0,Завершен
VK30739,2020-01-01,CL00871,Красногорск,123639,P0069,2.5,937.5,Завершен
VK91323,2020-01-01,CL01053,Мытищи,168512,P0091,1.5,562.5,Завершен
VK94620,2020-01-01,CL00631,Подольск,131270,P0068,2.0,750.0,Завершен
VK99394,2020-01-01,CL00927,Химки,149628,P0014,1.5,412.5,Завершен
VK30572,2020-01-01,CL00565,Люберцы,109744,P0073,2.0,750.0,Завершен
VK71198,2020-01-01,CL00330,Красногорск,163736,P0047,5.0,1375.0,Завершен
VK99298,2020-01-01,CL00320,Красногорск,137079,P0058,0.5,187.5,Завершен
VK91078,2020-01-01,CL00440,Москва,117961,P0036,1.5,412.5,Завершен
VK71150,2020-01-01,CL00345,Мытищи,129102,P0038,0.5,137.5,Завершен
VK91965,2020-01-01,CL00265,Красногорск,152262,P0017,3.0,825.0,Завершен
VK98283,2020-01-02,CL00255,Королёв,180623,P0080,5.0,1875.0,Завершен
VK55451,2020-01-02,CL01150,Мытищи,147943,P0012,2.5,687.5,Завершен
VK72763,2020-01-02,CL00374,Подольск,165211,P0042,2.5,687.5,Завершен
VK87484,2020-01-02,CL00396,Люберцы,120644,P0113,5.0,1875.0,Завершен
VK35499,2020-01-02,CL00482,Подольск,183719,P0042,1.5,412.5,Завершен
VK45591,2020-01-02,CL00163,Подольск,118643,P0095,5.0,1875.0,Завершен
VK60158,2020-01-02,CL00051,Реутов,105778,P0047,2.0,550.0,Отказ
VK61853,2020-01-02,CL00633,Реутов,118070,P0085,1.0,375.0,Завершен
VK65613,2020-01-02,CL00393,Химки,109706,P0009,5.0,1375.0,Завершен
VK55960,2020-01-02,CL00712,Химки,100336,P0115,5.0,1875.0,Завершен
VK44581,2020-01-02,CL00152,Подольск,173772,P0115,2.5,937.5,Завершен
VK68254,2020-01-02,CL00177,Красногорск,152976,P0116,3.0,1125.0,Завершен
VK60464,2020-01-02,CL01132,Подольск,183962,P0075,3.0,1125.0,Завершен
VK41275,2020-01-03,CL00835,Мытищи,166426,P0027,5.0,1375.0,Завершен
VK43127,2020-01-03,CL00392,Химки,137431,P0117,1.5,562.5,Завершен
VK14728,2020-01-03,CL00646,Люберцы,104224,P0027,5.0,1375.0,Завершен
VK43185,2020-01-03,CL00732,Мытищи,108163,P0006,3.0,825.0,Завершен
VK41632,2020-01-03,CL00360,Мытищи,171313,P0017,0.5,137.5,Завершен
VK88710,2020-01-03,CL00632,Мытищи,190890,P0063,2.0,750.0,Завершен
VK45768,2020-01-03,CL00685,Мытищи,150335,P0045,3.0,825.0,Отказ
VK78710,2020-01-03,CL01177,Мытищи,183692,P0058,3.0,1125.0,Завершен
VK39752,2020-01-03,CL00259,Мытищи,119442,P0111,2.5,937.5,Завершен
VK53616,2020-01-03,CL00682,Подольск,194690,P0053,3.0,1125.0,Завершен
VK86067,2020-01-04,CL00894,Люберцы,113235,P0085,1.5,562.5,Завершен
VK89582,2020-01-04,CL01077,Реутов,168289,P0086,1.0,375.0,Завершен
VK88752,2020-01-04,CL00145,Химки,139618,P0020,0.5,137.5,Завершен
VK78794,2020-01-04,CL00325,Красногорск,185990,P0075,2.0,750.0,Завершен
VK46267,2020-01-04,CL00748,Люберцы,109828,P0117,0.5,187.5,Завершен
VK72222,2020-01-04,CL00558,Красногорск,160161,P0092,5.0,1875.0,Завершен
VK17256,2020-01-04,CL00012,Королёв,159177,P0037,1.0,275.0,Завершен
VK14894,2020-01-05,CL00909,Москава,157372,P0026,5.0,1375.0,Завершен
VK27890,2020-01-05,CL00598,Подольск,172102,P0008,1.0,275.0,Завершен
VK84760,2020-01-05,CL00294,Реутов,110205,P0084,2.0,750.0,Завершен
VK24609,2020-01-05,CL00304,Химки,133550,P0027,2.5,687.5,Завершен
VK17036,2020-01-05,CL01057,Реутов,148546,P0097,1.5,562.5,Завершен
VK85440,2020-01-05,CL00814,Люберцы,193625,P0072,3.0,1125.0,Завершен
VK88161,2020-01-06,CL01076,Мытищи,194960,P0003,0.5,137.5,Завершен
VK49194,2020-01-06,CL00470,Подольск,162350,P0004,1.5,412.5,Завершен
VK70487,2020-01-06,CL00051,Реутов,105778,P0009,2.5,687.5,Завершен
VK71516,2020-01-06,CL00019,Мытищи,156498,P0080,2.0,750.0,Завершен
VK40940,2020-01-06,CL00826,Подольск,118855,P0020,1.0,275.0,Завершен
VK65982,2020-01-06,CL01034,Люберцы,134513,P0076,5.0,1875.0,Завершен
VK38175,2020-01-06,CL00581,Мытищи,158830,P0092,0.5,187.5,Завершен
VK95891,2020-01-06,CL00442,Красногорск,141750,P0079,1.5,562.5,Завершен
VK72004,2020-01-06,CL01178,Химки,abcde,P0037,1.5,412.5,Завершен
VK54747,2020-01-06,CL01132,Подольск,183962,P0110,2.5,937.5,Завершен
VK62314,2020-01-07,CL00264,Реутов,129949,P0053,2.5,937.5,Завершен
VK84709,2020-01-07,CL01153,Королёв,abcde,P0104,0.5,187.5,Завершен
VK74485,2020-01-07,CL00803,Химки,127125,P0014,0.5,137.5,Завершен
VK88410,2020-01-07,CL00924,Москва,120568,P0095,2.0,750.0,Завершен
VK49006,2020-01-07,CL00390,Королёв,173619,P0114,3.0,1125.0,Завершен
VK25611,2020-01-08,CL01060,Реутов,162539,P0095,5.0,1875.0,Завершен
VK45039,2020-01-08,CL00631,Подольск,131270,P0027,0.5,137.5,Завершен
VK69646,2020-01-08,CL00170,Люберцы,199125,P0048,0.5,137.5,Завершен
VK80496,2020-01-08,CL00515,Химки,113224,P0038,2.5,-687.5,Завершен
VK67850,2020-01-08,CL00540,Красногорск,148589,P0115,3.0,1125.0,Завершен
VK77146,2020-01-08,CL00718,Химки,106019,P0050,2.5,687.5,Завершен
VK39884,2020-01-08,CL01035,Реутов,147880,P0026,1.0,275.0,Завершен
VK56041,2020-01-08,CL01196,Химки,165214,P0006,1.5,412.5,Завершен
VK85043,2020-01-09,CL00622,Москва,125863,P0071,2.5,937.5,Завершен
VK87021,2020-01-09,CL00705,Москва,145443,P0092,1.5,562.5,Завершен
VK34404,2020-01-09,CL00060,Подольск,103248,P0031,1.0,275.0,Отказ
VK92094,2020-01-09,CL00462,Москава,119198,P0096,3.0,1125.0,Отказ
VK54863,2020-01-09,CL00653,Люберцы,167425,P0002,1.5,412.5,Завершен
VK91919,2020-01-09,CL00104,Реутов,154921,P0003,1.0,275.0,Завершен
VK57396,2020-01-09,CL00384,Москва,130932,P0086,5.0,1875.0,Отказ
VK95062,2020-01-09,CL00809,Королёв,135200,P0062,1.0,375.0,Завершен
VK89567,2020-01-09,CL00958,Мытищи,119048,P0065,0.5,187.5,Завершен
VK62717,2020-01-09,CL00516,Королёв,192181,XXX999,2.5,687.5,Завершен
VK12795,2020-01-09,CL00789,Москва,196021,P0092,2.0,750.0,Завершен
VK70674,2020-01-10,CL01189,Королёв,173272,P0030,5.0,1375.0,Завершен
VK13375,2020-01-10,CL00140,Красногорск,159473,P0003,1.0,275.0,Завершен
VK92307,2020-01-10,CL01047,Москва,195417,P0073,0.5,187.5,Завершен
VK22244,2020-01-10,CL01135,Красногорск,138188,P0001,2.5,687.5,Завершен
VK52776,2020-01-10,CL00454,Красногорск,162701,P0093,2.5,937.5,Завершен
VK26780,2020-01-10,CL00531,Москва,188299,P0013,0.5,137.5,Отказ
VK79690,2020-01-10,CL00649,Красногорск,179988,P0075,1.0,375.0,Отказ
VK60398,2020-01-10,CL00817,Химки,155492,P0090,1.0,375.0,Завершен
VK17270,2020-01-10,CL00264,Реутов,abcde,P0012,2.5,687.5,Завершен
VK26311,2020-01-10,CL00533,Королёв,143642,P0088,1.5,562.5,Завершен
VK84267,2020-01-10,CL00120,Люберцы,149192,P0113,5.0,1875.0,Завершен
VK17328,2020-01-10,CL01041,Мытищи,154344,P0039,1.0,275.0,Завершен
VK47733,2020-01-10,CL00987,Москва,127627,P0043,1.5,412.5,Завершен
VK30553,2020-01-11,CL00370,Люберцы,184790,P0036,5.0,1375.0,Отказ
VK98931,2020-01-11,CL00947,Подольск,116827,P0021,2.0,550.0,Завершен
VK28098,2020-01-11,CL00080,Люберцы,176019,P0029,1.0,275.0,Завершен
VK27236,2020-01-11,CL00927,Химки,149628,P0056,2.0,750.0,Завершен
VK22906,2020-01-11,CL00435,Химки,137827,P0114,2.5,937.5,Завершен
VK57492,2020-01-11,CL00065,Люберцы,129831,P0045,2.5,687.5,Завершен
VK99857,2020-01-11,CL00691,Королёв,131599,P0076,1.5,562.5,Завершен
VK78937,2020-01-11,CL00115,Москва,126130,P0029,2.0,550.0,Завершен
VK60814,2020-01-12,CL00016,Мытищи,136500,P0119,3.0,1125.0,Завершен
VK54378,2020-01-12,CL00412,Москава,194454,P0079,0.5,187.5,Завершен
VK48557,2020-01-12,CL00397,Красногорск,115907,P0002,0.5,137.5,Завершен
VK86703,2020-01-12,CL00290,Люберцы,115726,P0093,2.5,937.5,Завершен
VK52642,2020-01-12,CL00240,Красногорск,158287,P0109,3.0,1125.0,Завершен
VK84987,2020-01-12,CL00789,Москва,196021,P0002,3.0,825.0,Отказ
VK47762,2020-01-12,CL00073,Люберцы,157154,P0108,1.0,375.0,Завершен
VK15383,2020-01-12,CL00622,Москва,125863,P0080,2.0,750.0,Завершен
VK13507,2020-01-12,CL00916,Москва,195325,P0054,1.0,375.0,Завершен
VK64129,2020-01-12,CL00609,Москва,129098,P0111,2.0,750.0,Завершен
VK55438,2020-01-12,CL00452,Реутов,180147,P0019,2.5,687.5,Завершен
VK37568,2020-01-12,CL00268,Мытищи,111188,P0085,5.0,1875.0,Завершен
VK76624,2020-01-12,CL00586,Люберцы,164634,P0076,1.5,562.5,Завершен
VK18126,2020-01-12,CL01161,Подольск,183478,P0021,2.5,687.5,Отказ
VK92258,2020-01-13,CL00749,Мытищи,184670,P0118,5.0,1875.0,Завершен
VK45587,2020-01-13,CL00606,Мытищи,186193,P0029,2.0,550.0,Завершен
VK33582,2020-01-13,CL00268,Мытищи,111188,P0112,1.5,562.5,Завершен
VK25397,2020-01-13,CL00976,Подольск,166209,P0029,1.5,412.5,Завершен
VK68638,2020-01-13,CL00222,Люберцы,104373,P0006,1.0,275.0,Завершен
VK86912,2020-01-13,CL00185,Мытищи,120181,P0055,1.0,375.0,Завершен
VK73245,2020-01-13,CL00651,Москва,169767,P0067,5.0,1875.0,Завершен
VK15051,2020-01-13,CL01112,Реутов,142655,P0069,2.5,937.5,Завершен
VK47358,2020-01-13,CL00288,Люберцы,151807,P0054,0.5,187.5,Завершен
VK57734,2020-01-13,CL00580,Красногорск,113399,P0082,5.0,1875.0,Завершен
VK81751,2020-01-13,CL00020,Реутов,195561,P0069,2.5,937.5,Завершен
VK86824,2020-01-14,CL00935,Красногорск,181232,P0027,1.0,275.0,Завершен
VK13915,2020-01-14,CL00192,Красногорск,199991,P0090,1.0,375.0,Завершен
VK66482,2020-01-14,CL00246,Химки,172641,P0095,1.0,375.0,Завершен
VK12729,2020-01-14,CL00780,Химки,122983,P0040,2.0,550.0,Завершен
VK30298,2020-01-14,CL00523,Реутов,106145,P0073,2.0,750.0,Завершен
VK74332,2020-01-14,CL00367,Королёв,126422,P0075,5.0,1875.0,Завершен
VK62075,2020-01-14,CL00252,Москва,106868,P0008,1.0,275.0,Завершен
VK18225,2020-01-14,CL00577,Мытищи,120214,P0013,1.5,412.5,Завершен
VK24834,2020-01-14,CL00206,Москва,107355,P0058,1.5,562.5,Завершен
VK46215,2020-01-14,CL00467,Химки,169604,P0077,3.0,1125.0,Завершен
VK56677,2020-01-15,CL00897,Химки,134471,P0010,5.0,1375.0,Завершен
VK86091,2020-01-15,CL00245,Москва,131925,P0120,5.0,1875.0,Отказ
VK64706,2020-01-15,CL01090,Люберцы,abcde,P0049,0.5,137.5,Отказ
VK48496,2020-01-15,CL00466,Люберцы,180698,P0101,5.0,1875.0,Завершен
VK21638,2020-01-15,CL00210,Королёв,118758,P0114,1.0,375.0,Отказ
VK99193,2020-01-15,CL01147,Королёв,191438,P0025,1.5,412.5,Завершен
VK30797,2020-01-15,CL00457,Королёв,132311,P0058,2.0,750.0,Завершен
VK85901,2020-01-15,CL00490,Подольск,165866,P0070,0.5,187.5,Завершен
VK39237,2020-01-15,CL00928,Химки,158220,P0043,2.0,550.0,Завершен
VK16058,2020-01-15,CL00503,Москва,100395,P0020,2.0,550.0,Завершен
VK99345,2020-01-15,CL01001,Люберцы,118884,P0003,5.0,1375.0,Завершен
VK97586,2020-01-15,CL00525,Реутов,149343,P0007,1.0,275.0,Завершен
VK78617,2020-01-15,CL00001,Люберцы,159470,P0009,3.0,825.0,Завершен
VK38460,2020-01-16,CL00911,Мытищи,159839,P0017,3.0,825.0,Завершен
VK75506,2020-01-16,CL00786,Мытищи,187821,P0039,2.5,687.5,Завершен
VK10319,2020-01-16,CL01138,Подольск,186772,P0032,2.5,687.5,Отказ
VK40959,2020-01-16,CL01198,Мытищи,186362,P0085,3.0,1125.0,Завершен
VK68660,2020-01-16,CL00832,Красногорск,154627,P0088,2.5,937.5,Завершен
VK95836,2020-01-16,CL00665,Королёв,189463,P0079,2.5,937.5,Завершен
VK90601,2020-01-16,CL00726,Красногорск,186154,P0010,0.5,137.5,Завершен
VK47136,2020-01-16,CL00336,Королёв,198617,P0067,1.0,375.0,Завершен
VK64029,2020-01-16,CL00341,Люберцы,162991,P0056,2.0,750.0,Завершен
VK62976,2020-01-16,CL00040,Королёв,198548,P0079,5.0,1875.0,Завершен
VK38472,2020-01-17,CL00012,Королёв,159177,P0076,2.0,750.0,Завершен
VK53903,2020-01-17,CL00456,Красногорск,194493,P0057,5.0,1875.0,Завершен
VK52865,2020-01-17,CL01102,Красногорск,113983,P0053,1.0,375.0,Отказ
VK62871,2020-01-17,CL00304,Химки,133550,XXX999,1.5,562.5,Завершен
VK35688,2020-01-17,CL00654,Москава,153948,P0012,1.5,412.5,Завершен
VK30001,2020-01-17,CL00001,Люберцы,159470,P0063,2.5,937.5,Завершен
VK86459,2020-01-17,CL01152,Подольск,161498,P0078,3.0,1125.0,Завершен
VK82813,2020-01-17,CL00858,Химки,193502,P0066,5.0,1875.0,Отказ
VK45162,2020-01-17,CL00495,Химки,178094,P0074,2.5,937.5,Завершен
VK60934,2020-01-17,CL00505,Москва,109046,P0071,5.0,1875.0,Завершен
VK78073,2020-01-17,CL00627,Люберцы,164157,P0116,2.0,750.0,Завершен
VK25956,2020-01-17,CL00173,Мытищи,153523,XXX999,0.5,187.5,Завершен
VK40199,2020-01-18,CL00471,Химки,137649,P0005,1.0,275.0,Завершен
VK45368,2020-01-18,CL00510,Подольск,129188,P0076,2.0,750.0,Завершен
VK98537,2020-01-18,CL01049,Королёв,153840,P0114,0.5,187.5,Завершен
VK77460,2020-01-18,CL01152,Подольск,161498,P0024,3.0,825.0,Отказ
VK49426,2020-01-18,CL00114,Красногорск,108993,P0113,2.0,750.0,Завершен
VK78265,2020-01-18,CL00373,Реутов,150678,P0055,3.0,1125.0,Завершен
VK42061,2020-01-18,CL01028,Подольск,174162,P0014,1.5,412.5,Завершен
VK53214,2020-01-18,CL00299,Реутов,168676,P0029,0.5,137.5,Завершен
VK93774,2020-01-19,CL00595,Люберцы,182955,P0060,3.0,1125.0,Завершен
VK44598,2020-01-19,CL00255,Королёв,180623,P0024,1.5,412.5,Завершен
VK39385,2020-01-19,CL00174,Красногорск,121079,P0107,1.0,375.0,Завершен
VK58187,2020-01-19,CL00763,Москва,161824,P0060,1.0,375.0,Завершен
VK66936,2020-01-19,CL00176,Москва,141224,P0033,2.0,550.0,Завершен
VK42939,2020-01-19,CL00062,Люберцы,191917,P0002,1.5,412.5,Завершен
VK15545,2020-01-19,CL00460,Королёв,194589,P0006,5.0,1375.0,Завершен
VK21505,2020-01-19,CL00785,Мытищи,141879,P0086,0.5,187.5,Завершен
VK68074,2020-01-19,CL00632,Мытищи,190890,P0031,3.0,825.0,Завершен
VK40858,2020-01-20,CL01101,Люберцы,126577,P0098,1.5,562.5,Завершен
VK81739,2020-01-20,CL00605,Москва,147124,P0099,1.0,375.0,Завершен
VK21480,2020-01-20,CL00309,Подольск,161462,P0012,1.5,412.5,Отказ
VK34580,2020-01-20,CL00600,Люберцы,109064,P0023,3.0,825.0,Завершен
VK83748,2020-01-20,CL01197,Люберцы,184004,P0041,1.0,275.0,Завершен
VK72363,2020-01-20,CL00508,Реутов,189486,P0039,2.5,687.5,Завершен
VK36845,2020-01-20,CL00628,Реутов,176939,P0054,2.0,750.0,Завершен
VK98030,2020-01-20,CL00532,Мытищи,199837,P0089,1.0,375.0,Завершен
VK16241,2020-01-20,CL01072,Мытищи,152502,P0090,2.5,937.5,Завершен
VK12743,2020-01-21,CL00684,Химки,113168,P0107,1.5,562.5,Завершен
VK72007,2020-01-21,CL01158,Химки,180375,P0010,1.5,412.5,Завершен
VK56051,2020-01-21,CL00079,Реутов,100053,P0068,0.5,187.5,Завершен
VK22541,2020-01-21,CL00614,Химки,145652,P0061,2.5,937.5,Завершен
VK38255,2020-01-21,CL00840,Москава,131711,P0081,0.5,187.5,Завершен
VK76034,2020-01-21,CL00875,Мытищи,156847,P0030,1.5,412.5,Завершен
VK50909,2020-01-21,CL00701,Люберцы,195677,P0047,5.0,1375.0,Завершен
VK73436,2020-01-21,CL00097,Мытищи,130735,P0096,5.0,-1875.0,Отказ
VK58009,2020-01-21,CL00243,Мытищи,159600,P0118,2.0,750.0,Завершен
VK66112,2020-01-21,CL01069,Люберцы,175713,P0045,0.5,137.5,Завершен
VK30072,2020-01-21,CL00324,Красногорск,186980,P0112,0.5,187.5,Отказ
VK82058,2020-01-21,CL00720,Красногорск,159866,P0070,1.0,-375.0,Завершен
VK46962,2020-01-22,CL00400,Подольск,111300,P0042,2.5,687.5,Завершен
VK33542,2020-01-22,CL01107,Реутов,175584,P0051,1.0,375.0,Завершен
VK56057,2020-01-22,CL00808,Подольск,134510,P0104,2.0,750.0,Завершен
VK33007,2020-01-22,CL00175,Реутов,137777,P0101,2.0,750.0,Завершен
VK21330,2020-01-22,CL00908,Москва,186947,P0100,1.0,-375.0,Завершен
VK54532,2020-01-22,CL00210,Королёв,118758,XXX999,2.0,550.0,Завершен
VK29076,2020-01-22,CL00737,Подольск,158925,P0035,2.5,687.5,Отказ
VK53484,2020-01-22,CL00852,Мытищи,136239,P0098,1.5,562.5,Завершен
VK69887,2020-01-22,CL01065,Реутов,133244,P0012,1.5,412.5,Завершен
VK98401,2020-01-22,CL00563,Мытищи,105577,P0091,1.0,375.0,Завершен
VK69459,2020-01-23,CL00375,Люберцы,195300,P0081,0.5,187.5,Завершен
VK36556,2020-01-23,CL00013,Химки,144313,P0112,5.0,1875.0,Завершен
VK41578,2020-01-23,CL00179,Королёв,199613,P0091,5.0,1875.0,Завершен
VK34592,2020-01-23,CL00769,Подольск,124672,P0082,1.5,562.5,Завершен
VK40323,2020-01-23,CL00496,Королёв,147419,P0040,2.5,687.5,Завершен
VK58572,2020-01-23,CL00282,Москава,174395,P0011,0.5,137.5,Завершен
VK86383,2020-01-23,CL01191,Москава,136087,P0100,1.5,562.5,Завершен
VK20734,2020-01-23,CL01108,Москва,155466,P0103,3.0,1125.0,Завершен
VK53364,2020-01-23,CL00678,Мытищи,113425,P0096,5.0,1875.0,Завершен
VK67981,2020-01-23,CL00416,Королёв,171509,P0054,2.0,750.0,Завершен
VK29042,2020-01-23,CL00572,Мытищи,180460,P0105,2.5,937.5,Завершен
VK79207,2020-01-23,CL00120,Люберцы,149192,P0110,5.0,1875.0,Завершен
VK45574,2020-01-23,CL00998,Люберцы,157367,P0088,1.0,375.0,Отказ
VK44742,2020-01-23,CL01077,Реутов,168289,P0060,1.0,375.0,Завершен
VK10853,2020-01-24,CL00681,Подольск,173831,P0018,1.0,275.0,Завершен
VK58274,2020-01-24,CL00090,Химки,191214,P0105,1.5,562.5,Завершен
VK71009,2020-01-24,CL01047,Москва,195417,P0090,3.0,1125.0,Завершен
VK10379,2020-01-24,CL00541,Реутов,129002,P0013,3.0,825.0,Завершен
VK46937,2020-01-24,CL00673,Реутов,192235,P0070,2.5,937.5,Завершен
VK44543,2020-01-24,CL00759,Москва,193502,P0018,0.5,137.5,Завершен
VK68847,2020-01-24,CL01094,Реутов,128885,P0086,1.0,375.0,Завершен
VK29231,2020-01-24,CL00592,Красногорск,156441,P0055,0.5,187.5,Завершен
VK11405,2020-01-24,CL00174,Красногорск,121079,P0115,0.5,187.5,Завершен
VK45331,2020-01-24,CL00555,Подольск,112624,P0031,5.0,1375.0,Завершен
VK34108,2020-01-24,CL00966,Люберцы,158073,P0058,2.0,750.0,Отказ
VK91579,2020-01-24,CL00904,Королёв,138800,P0108,1.5,562.5,Завершен
VK99123,2020-01-24,CL00857,Реутов,196564,P0054,1.0,375.0,Завершен
VK37809,2020-01-24,CL00781,Москава,138602,P0090,5.0,1875.0,Завершен
VK19068,2020-01-25,CL00359,Подольск,111221,P0090,0.5,187.5,Завершен
VK57590,2020-01-25,CL00939,Королёв,193959,P0015,0.5,137.5,Завершен
VK59600,2020-01-25,CL00766,Химки,150911,P0019,5.0,1375.0,Завершен
VK34799,2020-01-25,CL00642,Люберцы,159942,P0026,2.5,-687.5,Завершен
VK19651,2020-01-25,CL01024,Подольск,129269,XXX999,1.0,375.0,Завершен
VK59255,2020-01-25,CL00184,Мытищи,114871,P0058,2.0,-750.0,Завершен
VK13660,2020-01-25,CL00914,Подольск,177430,P0065,1.5,562.5,Завершен
VK43777,2020-01-25,CL00514,Москва,154950,P0033,2.5,687.5,Завершен
VK60555,2020-01-25,CL00450,Мытищи,157807,P0045,3.0,825.0,Завершен
VK92507,2020-01-25,CL00350,Подольск,137601,P0092,1.5,562.5,Завершен
VK56523,2020-01-25,CL00442,Красногорск,141750,P0010,1.5,412.5,Завершен
VK53784,2020-01-25,CL00515,Химки,113224,P0013,5.0,1375.0,Завершен
VK58314,2020-01-25,CL00383,Москва,179635,P0083,2.5,937.5,Завершен
VK75203,2020-01-25,CL00755,Люберцы,119481,P0063,2.0,750.0,Отказ
VK60095,2020-01-25,CL00384,Москва,130932,P0068,5.0,1875.0,Завершен
VK85569,2020-01-25,CL01134,Мытищи,145039,P0017,5.0,1375.0,Завершен
VK77178,2020-01-26,CL00015,Москва,104117,P0095,0.5,187.5,Завершен
VK25406,2020-01-26,CL00023,Подольск,136509,P0006,5.0,1375.0,Завершен
VK38872,2020-01-26,CL01162,Королёв,181625,P0035,0.5,137.5,Завершен
VK87022,2020-01-26,CL00954,Красногорск,117389,P0120,2.0,750.0,Завершен
VK46482,2020-01-26,CL01019,Люберцы,118350,P0112,3.0,1125.0,Отказ
VK82842,2020-01-26,CL00096,Королёв,135992,P0023,5.0,1375.0,Завершен
VK16417,2020-01-26,CL00112,Люберцы,155255,P0033,0.5,137.5,Завершен
VK27817,2020-01-26,CL00388,Красногорск,185139,P0015,0.5,137.5,Завершен
VK97395,2020-01-26,CL00410,Подольск,180534,P0012,2.0,550.0,Завершен
VK55183,2020-01-26,CL00704,Подольск,192785,P0105,1.0,375.0,Завершен
VK97422,2020-01-26,CL00378,Люберцы,194065,P0082,5.0,1875.0,Завершен
VK46376,2020-01-27,CL00718,Химки,106019,P0039,5.0,1375.0,Отказ
VK27580,2020-01-27,CL00096,Королёв,135992,P0017,3.0,825.0,Завершен
VK26966,2020-01-27,CL01188,Красногорск,132859,P0062,3.0,1125.0,Завершен
VK54020,2020-01-27,CL00899,Москва,127222,P0118,0.5,187.5,Завершен
VK88629,2020-01-27,CL01043,Химки,184837,P0079,2.0,750.0,Завершен
VK13692,2020-01-27,CL00314,Королёв,196851,P0094,2.0,-750.0,Завершен
VK93327,2020-01-27,CL00721,Красногорск,173899,P0013,2.0,550.0,Завершен
VK57450,2020-01-27,CL00871,Красногорск,123639,P0008,1.5,412.5,Завершен
VK83784,2020-01-27,CL00209,Подольск,150140,P0114,2.0,750.0,Завершен
VK87705,2020-01-27,CL00506,Москва,123590,P0089,3.0,1125.0,Завершен
VK14839,2020-01-27,CL00246,Химки,172641,P0016,5.0,1375.0,Завершен
VK25745,2020-01-27,CL00030,Реутов,195748,P0065,1.5,562.5,Завершен
VK41478,2020-01-27,CL00392,Химки,137431,P0066,1.0,375.0,Завершен
VK84571,2020-01-27,CL00639,Реутов,154477,P0057,5.0,1875.0,Завершен
VK47002,2020-01-27,CL00971,Подольск,abcde,P0008,3.0,825.0,Завершен
VK97846,2020-01-27,CL00182,Москва,179806,XXX999,3.0,825.0,Завершен
VK90506,2020-01-28,CL01145,Москва,146771,P0038,1.5,412.5,Завершен
VK53659,2020-01-28,CL00909,Красногорск,157372,P0075,2.5,937.5,Завершен
VK38332,2020-01-28,CL00035,Мытищи,188501,P0025,3.0,-825.0,Завершен
VK60676,2020-01-28,CL01098,Красногорск,175197,P0078,2.5,937.5,Завершен
VK71561,2020-01-28,CL00075,Красногорск,116334,P0043,2.5,687.5,Завершен
VK55962,2020-01-28,CL00719,Мытищи,137002,P0094,5.0,1875.0,Завершен
VK20519,2020-01-28,CL00917,Королёв,114802,P0119,1.0,375.0,Завершен
VK59802,2020-01-28,CL00588,Люберцы,110082,P0018,2.5,687.5,Завершен
VK85750,2020-01-28,CL00083,Мытищи,187012,P0100,1.5,562.5,Завершен
VK15191,2020-01-29,CL00786,Мытищи,187821,P0046,2.0,550.0,Завершен
VK79516,2020-01-29,CL00498,Подольск,168202,P0021,1.5,412.5,Завершен
VK72579,2020-01-29,CL00973,Подольск,178234,P0100,1.0,375.0,Завершен
VK53178,2020-01-29,CL00566,Москва,141220,P0094,1.5,562.5,Завершен
VK65512,2020-01-29,CL01191,Красногорск,136087,P0105,5.0,1875.0,Завершен
VK27793,2020-01-29,CL00701,Люберцы,195677,P0060,3.0,1125.0,Завершен
VK81940,2020-01-29,CL00014,Химки,100942,P0087,2.5,937.5,Завершен
VK76083,2020-01-29,CL00554,Люберцы,191469,P0046,2.0,550.0,Завершен
VK83207,2020-01-29,CL01160,Реутов,108973,P0096,0.5,187.5,Завершен
VK97091,2020-01-29,CL00545,Красногорск,164044,P0081,1.0,375.0,Завершен
VK58285,2020-01-29,CL00036,Реутов,174668,P0110,2.5,937.5,Завершен
VK84787,2020-01-29,CL01107,Реутов,175584,P0046,0.5,137.5,Завершен
VK28015,2020-01-29,CL01191,Красногорск,136087,P0031,1.0,275.0,Завершен
VK67736,2020-01-29,CL00006,Люберцы,131571,P0028,2.5,687.5,Завершен
VK66557,2020-01-29,CL00765,Химки,196607,P0005,3.0,825.0,Завершен
VK42458,2020-01-30,CL01079,Королёв,186099,P0017,1.5,412.5,Завершен
VK20025,2020-01-30,CL00147,Подольск,198669,P0101,2.5,-937.5,Завершен
VK74874,2020-01-30,CL00787,Королёв,127483,P0016,0.5,137.5,Завершен
VK87019,2020-01-30,CL00017,Химки,194811,P0084,1.5,562.5,Отказ
VK70218,2020-01-30,CL01029,Королёв,105297,P0098,1.0,375.0,Завершен
VK45608,2020-01-30,CL00564,Химки,190739,P0062,1.0,375.0,Отказ
VK34654,2020-01-30,CL00881,Подольск,165973,P0074,2.5,937.5,Отказ
VK58910,2020-01-30,CL00497,Мытищи,abcde,P0106,2.0,750.0,Завершен
VK64749,2020-01-30,CL01045,Подольск,105136,P0034,2.0,550.0,Завершен
VK43630,2020-01-30,CL00846,Москва,117342,P0050,1.0,275.0,Завершен
VK23162,2020-01-30,CL00589,Люберцы,194489,P0090,1.0,375.0,Завершен
VK70373,2020-01-30,CL00346,Красногорск,154381,P0038,2.0,550.0,Завершен
VK72120,2020-01-31,CL00943,Мытищи,106094,P0034,5.0,1375.0,Завершен
VK55718,2020-01-31,CL00794,Мытищи,149212,P0007,1.5,412.5,Завершен
VK29694,2020-01-31,CL01045,Подольск,105136,P0016,1.5,-412.5,Завершен
VK10183,2020-01-31,CL00478,Москава,161344,P0097,0.5,187.5,Завершен
VK19306,2020-01-31,CL00540,Красногорск,148589,P0004,0.5,-137.5,Завершен
VK93935,2020-01-31,CL00627,Люберцы,164157,P0045,2.5,687.5,Завершен
VK91585,2020-01-31,CL00374,Подольск,165211,P0082,2.5,937.5,Завершен
VK30397,2020-01-31,CL00550,Мытищи,101198,P0072,3.0,1125.0,Завершен
VK92268,2020-01-31,CL01034,Люберцы,134513,P0007,5.0,1375.0,Завершен
VK53820,2020-02-01,CL00248,Подольск,178116,P0071,2.0,750.0,Завершен
VK31321,2020-02-01,CL00049,Химки,134600,P0105,1.5,562.5,Завершен
VK26179,2020-02-01,CL01076,Мытищи,194960,P0066,0.5,187.5,Завершен
VK42854,2020-02-01,CL00201,Реутов,143065,P0030,5.0,1375.0,Завершен
VK32232,2020-02-01,CL00053,Подольск,172309,P0053,5.0,1875.0,Завершен
VK84660,2020-02-01,CL00347,Реутов,130903,P0109,1.0,375.0,Завершен
VK20926,2020-02-01,CL00292,Реутов,130161,P0112,1.5,562.5,Отказ
VK97347,2020-02-01,CL00110,Подольск,149689,P0045,5.0,1375.0,Завершен
VK92890,2020-02-02,CL00825,Королёв,162003,P0061,1.0,375.0,Отказ
VK33241,2020-02-02,CL00480,Королёв,194188,P0119,5.0,1875.0,Завершен
VK31686,2020-02-02,CL00041,Москва,173792,P0068,0.5,-187.5,Завершен
VK73911,2020-02-02,CL00396,Люберцы,120644,P0046,1.5,412.5,Завершен
VK60196,2020-02-02,CL00027,Реутов,128016,P0089,1.5,562.5,Завершен
VK89609,2020-02-02,CL00737,Подольск,158925,P0087,2.5,937.5,Отказ
VK97091,2020-02-02,CL00327,Реутов,143054,P0045,1.5,412.5,Завершен
VK54010,2020-02-02,CL00151,Мытищи,109710,P0009,5.0,1375.0,Отказ
VK38617,2020-02-02,CL01200,Москва,163618,P0099,1.5,562.5,Завершен
VK58917,2020-02-03,CL00625,Мытищи,170371,P0010,2.5,687.5,Отказ
VK32339,2020-02-03,CL00417,Люберцы,189783,P0061,3.0,1125.0,Завершен
VK53148,2020-02-03,CL00929,Мытищи,158598,P0028,2.5,687.5,Отказ
VK49848,2020-02-03,CL01051,Подольск,144914,P0026,1.0,275.0,Завершен
VK21225,2020-02-03,CL00907,Реутов,112451,P0080,2.5,937.5,Завершен
VK25223,2020-02-03,CL00535,Королёв,191177,P0106,5.0,1875.0,Завершен
VK95250,2020-02-03,CL00027,Реутов,128016,P0056,3.0,1125.0,Завершен
VK15630,2020-02-04,CL01143,Реутов,132426,P0073,0.5,187.5,Завершен
VK76334,2020-02-04,CL00648,Мытищи,131056,P0114,1.0,375.0,Отказ
VK50268,2020-02-04,CL00900,Красногорск,101671,P0079,3.0,1125.0,Завершен
VK75954,2020-02-04,CL00806,Люберцы,171319,P0079,2.0,750.0,Завершен
VK61249,2020-02-04,CL00926,Красногорск,136458,P0089,2.5,937.5,Завершен
VK48967,2020-02-04,CL00705,Москва,145443,P0068,2.0,750.0,Завершен
VK81101,2020-02-04,CL00189,Мытищи,154387,P0108,2.5,937.5,Отказ
VK88624,2020-02-04,CL01119,Химки,149923,P0018,1.0,275.0,Завершен
VK60539,2020-02-04,CL00953,Химки,abcde,P0028,0.5,137.5,Завершен
VK52853,2020-02-04,CL00026,Мытищи,130982,P0107,2.0,750.0,Завершен
VK42860,2020-02-05,CL00282,Люберцы,174395,P0043,1.5,412.5,Завершен
VK26434,2020-02-05,CL00661,Мытищи,160089,P0081,3.0,1125.0,Завершен
VK43003,2020-02-05,CL00535,Королёв,191177,P0041,1.0,275.0,Завершен
VK61519,2020-02-05,CL01104,Москва,170972,P0076,2.0,750.0,Завершен
VK92540,2020-02-05,CL00501,Москава,154450,P0059,2.0,750.0,Завершен
VK30722,2020-02-05,CL00813,Королёв,130886,P0110,1.0,375.0,Завершен
VK65916,2020-02-06,CL00535,Королёв,191177,P0029,2.0,550.0,Завершен
VK71573,2020-02-06,CL00861,Люберцы,116769,P0093,3.0,1125.0,Завершен
VK80658,2020-02-06,CL00762,Красногорск,103840,P0108,1.5,562.5,Отказ
VK75432,2020-02-06,CL01191,Красногорск,136087,P0104,3.0,1125.0,Завершен
VK19835,2020-02-06,CL00853,Люберцы,193204,P0072,2.0,750.0,Завершен
VK54307,2020-02-06,CL00912,Реутов,162684,XXX999,0.5,137.5,Завершен
VK16784,2020-02-06,CL00163,Подольск,118643,P0011,1.0,275.0,Завершен
VK38660,2020-02-06,CL00779,Красногорск,173659,P0116,0.5,187.5,Завершен
VK58545,2020-02-06,CL00467,Химки,169604,P0047,3.0,825.0,Отказ
VK98239,2020-02-06,CL00356,Мытищи,165513,P0110,5.0,1875.0,Отказ
VK88426,2020-02-06,CL00562,Мытищи,156873,P0004,5.0,1375.0,Завершен
VK28958,2020-02-06,CL00493,Подольск,179395,P0003,3.0,825.0,Завершен
VK28031,2020-02-06,CL00159,Подольск,159048,P0032,1.5,412.5,Завершен
VK23552,2020-02-07,CL00747,Химки,148790,P0030,1.0,275.0,Завершен
VK77015,2020-02-07,CL00704,Подольск,192785,P0043,5.0,1375.0,Завершен
VK59981,2020-02-07,CL00241,Красногорск,189873,P0093,2.5,937.5,Завершен
VK42695,2020-02-08,CL00759,Москва,193502,P0047,3.0,825.0,Завершен
VK17474,2020-02-08,CL00121,Химки,190520,P0010,1.5,412.5,Завершен
VK71509,2020-02-08,CL00540,Красногорск,148589,P0116,1.5,562.5,Отказ
VK10432,2020-02-08,CL00997,Люберцы,139498,P0073,5.0,1875.0,Завершен
VK10803,2020-02-08,CL00021,Мытищи,195448,P0049,2.0,550.0,Завершен
VK48998,2020-02-08,CL00536,Реутов,172362,P0007,3.0,825.0,Завершен
VK85742,2020-02-08,CL00080,Люберцы,176019,P0120,2.5,937.5,Завершен
VK62363,2020-02-08,CL01106,Люберцы,166995,P0099,2.5,937.5,Завершен
VK69777,2020-02-08,CL01176,Красногорск,195451,P0024,1.0,275.0,Завершен
VK34763,2020-02-09,CL00904,Королёв,138800,P0043,1.0,275.0,Завершен
VK52913,2020-02-09,CL00077,Люберцы,125144,P0061,3.0,1125.0,Отказ
VK48554,2020-02-09,CL00760,Королёв,163527,P0016,2.5,687.5,Отказ
VK37285,2020-02-09,CL00305,Подольск,199642,P0007,0.5,137.5,Завершен
VK24383,2020-02-09,CL00358,Москва,131531,P0020,3.0,825.0,Завершен
VK23041,2020-02-09,CL00610,Королёв,160694,P0011,3.0,825.0,Завершен
VK73814,2020-02-10,CL00143,Химки,163464,P0053,2.0,750.0,Завершен
VK71095,2020-02-10,CL00166,Реутов,165597,P0073,5.0,1875.0,Завершен
VK15182,2020-02-10,CL00088,Реутов,131979,P0058,5.0,1875.0,Завершен
VK98923,2020-02-10,CL00777,Мытищи,142284,P0120,3.0,1125.0,Завершен
VK81433,2020-02-10,CL00762,Красногорск,103840,P0117,1.0,375.0,Завершен
VK20509,2020-02-10,CL01012,Красногорск,143036,P0116,0.5,187.5,Завершен
VK78986,2020-02-10,CL00114,Красногорск,108993,P0047,2.0,-550.0,Отказ
VK84737,2020-02-10,CL01160,Реутов,108973,P0020,5.0,1375.0,Завершен
VK50266,2020-02-10,CL00062,Люберцы,abcde,P0042,5.0,1375.0,Завершен
VK99389,2020-02-10,CL00492,Химки,117507,P0016,3.0,825.0,Завершен
VK21492,2020-02-11,CL00708,Реутов,108371,P0080,5.0,1875.0,Завершен
VK36980,2020-02-11,CL01022,Реутов,127886,P0003,1.5,412.5,Завершен
VK23782,2020-02-11,CL00282,Люберцы,174395,P0042,1.0,275.0,Завершен
VK76043,2020-02-11,CL01015,Химки,183995,P0078,0.5,187.5,Завершен
VK41553,2020-02-11,CL00584,Реутов,111101,XXX999,2.0,550.0,Завершен
VK53821,2020-02-11,CL00969,Подольск,196348,P0103,0.5,187.5,Завершен
VK44002,2020-02-11,CL00306,Подольск,182306,P0014,5.0,1375.0,Завершен
VK13506,2020-02-11,CL00946,Реутов,163298,P0004,3.0,825.0,Завершен
VK79802,2020-02-11,CL00400,Подольск,111300,P0025,1.0,275.0,Завершен
VK30062,2020-02-12,CL00023,Подольск,136509,P0035,1.0,275.0,Отказ
VK43138,2020-02-12,CL00532,Мытищи,199837,P0098,1.5,562.5,Отказ
VK68686,2020-02-12,CL00976,Подольск,166209,P0052,0.5,187.5,Завершен
VK44313,2020-02-12,CL00682,Подольск,194690,P0081,0.5,187.5,Завершен
VK93153,2020-02-12,CL00152,Подольск,173772,P0093,2.0,750.0,Отказ
VK68407,2020-02-12,CL00560,Мытищи,149436,P0108,2.5,937.5,Завершен
VK35108,2020-02-12,CL00447,Москава,134803,P0089,3.0,1125.0,Завершен
VK46903,2020-02-12,CL01130,Красногорск,163896,P0009,1.0,275.0,Завершен
VK72684,2020-02-12,CL00254,Королёв,abcde,P0092,2.5,937.5,Завершен
VK11408,2020-02-12,CL00774,Москва,176888,P0060,5.0,1875.0,Завершен
VK12700,2020-02-12,CL00010,Химки,198994,P0115,1.0,375.0,Завершен
VK50814,2020-02-12,CL00946,Реутов,163298,P0104,1.5,562.5,Завершен
VK37924,2020-02-12,CL01136,Реутов,158313,P0062,3.0,1125.0,Завершен
VK50034,2020-02-12,CL00854,Химки,131496,P0034,3.0,825.0,Завершен
VK70850,2020-02-13,CL01043,Химки,184837,P0024,2.0,550.0,Завершен
VK74110,2020-02-13,CL01187,Королёв,102798,P0104,1.0,375.0,Завершен
VK20060,2020-02-13,CL00278,Красногорск,123777,P0023,2.0,550.0,Завершен
VK88631,2020-02-13,CL00604,Реутов,190663,P0014,3.0,825.0,Завершен
VK86291,2020-02-13,CL00214,Реутов,159878,P0047,5.0,1375.0,Завершен
VK82577,2020-02-13,CL01078,Москва,122973,P0025,2.5,687.5,Завершен
VK74370,2020-02-13,CL01108,Москва,155466,P0013,5.0,1375.0,Завершен
VK67403,2020-02-13,CL00766,Химки,150911,P0061,2.0,750.0,Завершен
VK38539,2020-02-13,CL01161,Подольск,183478,P0060,1.5,562.5,Завершен
VK31068,2020-02-14,CL00692,Мытищи,101581,P0046,3.0,825.0,Завершен
VK72462,2020-02-14,CL00232,Химки,181205,P0090,0.5,187.5,Завершен
VK57349,2020-02-14,CL00162,Химки,171376,XXX999,1.0,275.0,Отказ
VK51823,2020-02-14,CL00120,Люберцы,149192,P0033,0.5,137.5,Завершен
VK63724,2020-02-14,CL00501,Королёв,154450,P0007,1.5,412.5,Завершен
VK21074,2020-02-14,CL01036,Люберцы,129215,P0043,2.5,687.5,Завершен
VK69800,2020-02-14,CL00278,Красногорск,123777,P0060,3.0,1125.0,Завершен
VK46772,2020-02-14,CL00121,Химки,190520,P0018,5.0,1375.0,Завершен
VK99861,2020-02-14,CL00705,Москва,145443,P0072,0.5,187.5,Завершен
VK85856,2020-02-14,CL00714,Реутов,123456,P0005,0.5,137.5,Завершен
VK50854,2020-02-14,CL00240,Красногорск,158287,P0103,3.0,1125.0,Завершен
VK42502,2020-02-14,CL00769,Подольск,124672,P0035,3.0,825.0,Завершен
VK24017,2020-02-14,CL00261,Реутов,169541,P0076,3.0,1125.0,Завершен
VK96727,2020-02-15,CL01118,Химки,194478,P0106,3.0,1125.0,Завершен
VK14321,2020-02-15,CL00214,Реутов,159878,P0116,2.0,750.0,Завершен
VK50064,2020-02-15,CL00983,Мытищи,170809,P0030,1.5,412.5,Завершен
VK40872,2020-02-15,CL00063,Реутов,161694,P0004,2.5,687.5,Завершен
VK20636,2020-02-15,CL00130,Королёв,160910,P0076,2.5,937.5,Завершен
VK42985,2020-02-15,CL00309,Подольск,161462,P0092,3.0,1125.0,Завершен
VK39871,2020-02-15,CL00534,Москва,124906,P0088,0.5,187.5,Завершен
VK65112,2020-02-15,CL00855,Реутов,189228,P0079,2.5,937.5,Завершен
VK17149,2020-02-15,CL00662,Мытищи,152129,P0044,2.0,550.0,Отказ
VK93215,2020-02-15,CL00227,Москава,118449,P0058,3.0,1125.0,Завершен
VK69005,2020-02-16,CL01004,Мытищи,198080,P0033,5.0,1375.0,Завершен
VK77652,2020-02-16,CL00807,Подольск,149996,P0053,5.0,1875.0,Завершен
VK64156,2020-02-16,CL00986,Красногорск,112577,P0077,3.0,1125.0,Завершен
VK75973,2020-02-16,CL00568,Мытищи,173919,P0014,2.0,550.0,Завершен
VK80440,2020-02-17,CL00981,Химки,180439,XXX999,1.5,412.5,Завершен
VK46633,2020-02-17,CL00193,Королёв,124727,P0025,3.0,825.0,Отказ
VK13012,2020-02-17,CL00766,Химки,150911,P0063,0.5,187.5,Завершен
VK82345,2020-02-17,CL00265,Красногорск,152262,P0081,3.0,1125.0,Завершен
VK20724,2020-02-17,CL00662,Мытищи,152129,P0058,2.0,750.0,Завершен
VK45837,2020-02-17,CL00069,Москва,134237,P0062,2.5,937.5,Завершен
VK26525,2020-02-17,CL00167,Королёв,105224,XXX999,1.0,275.0,Завершен
VK75216,2020-02-17,CL00013,Химки,144313,P0057,5.0,1875.0,Завершен
VK83787,2020-02-17,CL00030,Реутов,195748,P0005,0.5,137.5,Завершен
VK20769,2020-02-17,CL00215,Химки,163335,P0059,2.5,937.5,Завершен
VK93766,2020-02-18,CL00415,Химки,154602,P0004,0.5,137.5,Завершен
VK39829,2020-02-18,CL00429,Москва,151543,P0018,5.0,1375.0,Отказ
VK70822,2020-02-18,CL00693,Красногорск,174498,P0024,2.5,687.5,Завершен
VK75563,2020-02-18,CL01141,Москва,168679,P0101,2.0,750.0,Завершен
VK44225,2020-02-18,CL00712,Химки,100336,P0082,2.5,937.5,Завершен
VK31082,2020-02-18,CL00315,Королёв,174928,P0078,2.0,750.0,Завершен
VK47029,2020-02-18,CL01167,Химки,140838,P0095,1.5,562.5,Завершен
VK23799,2020-02-18,CL00848,Люберцы,149345,P0083,5.0,1875.0,Завершен
VK53332,2020-02-19,CL00121,Химки,190520,P0007,2.0,550.0,Завершен
VK51314,2020-02-19,CL00682,Подольск,194690,P0056,1.0,375.0,Завершен
VK98048,2020-02-19,CL00010,Химки,198994,P0056,0.5,187.5,Завершен
VK19573,2020-02-19,CL00394,Подольск,158341,P0097,1.0,375.0,Завершен
VK24315,2020-02-19,CL00162,Химки,171376,P0088,5.0,1875.0,Завершен
VK87577,2020-02-19,CL00380,Москва,146210,P0102,3.0,1125.0,Отказ
VK13541,2020-02-19,CL01152,Подольск,161498,P0088,5.0,1875.0,Завершен
VK59699,2020-02-19,CL00781,Люберцы,138602,P0010,3.0,825.0,Завершен
VK42485,2020-02-19,CL00206,Москва,107355,P0003,0.5,-137.5,Завершен
VK65552,2020-02-20,CL00296,Люберцы,102733,P0103,1.5,562.5,Завершен
VK95719,2020-02-20,CL00362,Красногорск,102128,P0089,5.0,1875.0,Завершен
VK57911,2020-02-20,CL01066,Реутов,180200,P0051,1.0,375.0,Завершен
VK44801,2020-02-20,CL00854,Химки,131496,P0068,5.0,1875.0,Завершен
VK65629,2020-02-20,CL01143,Реутов,132426,P0020,3.0,825.0,Завершен
VK63655,2020-02-20,CL01063,Мытищи,149155,P0072,0.5,187.5,Завершен
VK50982,2020-02-20,CL00232,Химки,181205,P0039,0.5,137.5,Завершен
VK84825,2020-02-20,CL00253,Москава,197735,P0035,3.0,825.0,Завершен
VK45407,2020-02-20,CL00978,Красногорск,127964,P0104,3.0,1125.0,Завершен
VK21176,2020-02-20,CL00641,Химки,136025,P0043,3.0,825.0,Завершен
VK53181,2020-02-20,CL00960,Люберцы,119192,P0095,2.5,937.5,Завершен
VK51514,2020-02-20,CL00951,Королёв,118111,P0118,1.5,562.5,Завершен
VK62622,2020-02-20,CL00233,Химки,183283,P0008,2.5,687.5,Завершен
VK77000,2020-02-21,CL00814,Люберцы,193625,P0041,1.0,275.0,Завершен
VK97774,2020-02-21,CL00761,Красногорск,123568,P0093,0.5,187.5,Завершен
VK53680,2020-02-21,CL01036,Люберцы,129215,P0057,3.0,1125.0,Завершен
VK77878,2020-02-21,CL00763,Москва,161824,P0085,3.0,1125.0,Завершен
VK74990,2020-02-21,CL00778,Подольск,157261,P0017,0.5,137.5,Завершен
VK75152,2020-02-21,CL01077,Реутов,168289,P0095,1.5,562.5,Отказ
VK21538,2020-02-21,CL00749,Москава,184670,P0078,3.0,1125.0,Завершен
VK92634,2020-02-21,CL00163,Подольск,118643,P0086,2.5,937.5,Завершен
VK37763,2020-02-21,CL00406,Подольск,107263,P0113,5.0,1875.0,Завершен
VK48625,2020-02-21,CL00108,Реутов,186900,P0019,1.5,412.5,Завершен
VK46765,2020-02-21,CL00849,Королёв,abcde,P0081,1.0,375.0,Завершен
VK74532,2020-02-21,CL01145,Москва,146771,P0112,3.0,1125.0,Завершен
VK47391,2020-02-21,CL00737,Подольск,158925,P0036,2.0,550.0,Завершен
VK84120,2020-02-21,CL00647,Люберцы,111401,P0074,5.0,1875.0,Завершен
VK86978,2020-02-21,CL00354,Мытищи,131147,P0089,2.0,750.0,Завершен
VK65985,2020-02-21,CL01099,Подольск,189536,P0097,1.0,375.0,Отказ
VK83724,2020-02-22,CL00249,Люберцы,118964,P0043,2.5,687.5,Завершен
VK48044,2020-02-22,CL00540,Красногорск,148589,P0058,1.5,562.5,Завершен
VK12712,2020-02-22,CL00530,Королёв,112119,P0078,3.0,1125.0,Завершен
VK25896,2020-02-22,CL01133,Реутов,174925,P0094,2.5,937.5,Завершен
VK43313,2020-02-22,CL01146,Королёв,170855,P0080,0.5,187.5,Завершен
VK57246,2020-02-22,CL00869,Подольск,126253,P0056,0.5,187.5,Завершен
VK56429,2020-02-22,CL00162,Химки,171376,P0101,1.5,562.5,Завершен
VK67024,2020-02-22,CL00663,Реутов,164843,P0112,3.0,1125.0,Завершен
VK66903,2020-02-22,CL00974,Люберцы,175061,P0030,0.5,137.5,Отказ
VK90543,2020-02-22,CL00150,Москва,162616,P0034,0.5,137.5,Завершен
VK39170,2020-02-22,CL00376,Мытищи,123652,P0074,5.0,1875.0,Завершен
VK43144,2020-02-22,CL01034,Люберцы,134513,P0103,1.0,375.0,Завершен
VK43902,2020-02-23,CL00482,Подольск,183719,P0011,2.5,687.5,Завершен
VK70283,2020-02-23,CL00634,Реутов,183296,P0102,1.5,562.5,Завершен
VK30354,2020-02-23,CL00863,Химки,197545,P0091,2.5,937.5,Завершен
VK66017,2020-02-23,CL00628,Реутов,176939,P0091,3.0,1125.0,Завершен
VK75454,2020-02-23,CL00312,Королёв,148331,P0021,0.5,137.5,Завершен
VK84699,2020-02-23,CL00847,Москва,179736,P0013,2.5,687.5,Завершен
VK54056,2020-02-23,CL01199,Москва,117009,P0051,2.0,750.0,Завершен
VK56444,2020-02-23,CL00034,Москва,110500,P0027,5.0,-1375.0,Завершен
VK69823,2020-02-23,CL00962,Красногорск,113432,P0064,3.0,1125.0,Завершен
VK25201,2020-02-23,CL01191,Красногорск,136087,P0092,3.0,1125.0,Завершен
VK35302,2020-02-23,CL00262,Королёв,156387,P0120,1.0,375.0,Завершен
VK26953,2020-02-24,CL00645,Реутов,185678,P0046,2.0,550.0,Завершен
VK70511,2020-02-24,CL00072,Мытищи,abcde,P0039,2.0,550.0,Завершен
VK45471,2020-02-24,CL00665,Королёв,189463,P0114,2.0,750.0,Завершен
VK97335,2020-02-24,CL00950,Люберцы,144939,P0063,3.0,1125.0,Отказ
VK46459,2020-02-24,CL00320,Красногорск,137079,P0119,1.5,562.5,Завершен
VK54086,2020-02-24,CL00153,Москава,115525,P0016,3.0,825.0,Завершен
VK27807,2020-02-25,CL01174,Москва,196380,P0111,0.5,187.5,Завершен
VK27204,2020-02-25,CL00296,Люберцы,102733,P0099,3.0,1125.0,Завершен
VK31225,2020-02-25,CL01053,Мытищи,168512,P0085,2.5,937.5,Завершен
VK95177,2020-02-25,CL00600,Люберцы,109064,P0026,0.5,137.5,Завершен
VK54369,2020-02-25,CL00751,Москва,106637,P0020,1.5,412.5,Завершен
VK78929,2020-02-25,CL01195,Химки,108302,P0037,2.5,687.5,Завершен
VK67980,2020-02-25,CL00256,Люберцы,104082,P0014,3.0,825.0,Завершен
VK65050,2020-02-25,CL00165,Королёв,190266,P0055,5.0,1875.0,Завершен
VK45770,2020-02-25,CL00160,Люберцы,137762,P0057,2.0,750.0,Завершен
VK37550,2020-02-25,CL00102,Реутов,176556,P0067,1.0,375.0,Завершен
VK55182,2020-02-26,CL00866,Королёв,183151,P0020,1.0,275.0,Отказ
VK28081,2020-02-26,CL00210,Королёв,118758,P0091,0.5,187.5,Отказ
VK67805,2020-02-26,CL00193,Королёв,124727,P0106,2.0,-750.0,Отказ
VK43745,2020-02-26,CL00512,Реутов,abcde,P0035,5.0,1375.0,Завершен
VK92135,2020-02-26,CL01117,Реутов,123578,P0069,1.0,375.0,Завершен
VK13453,2020-02-27,CL00806,Люберцы,171319,P0006,1.0,275.0,Завершен
VK83441,2020-02-27,CL00366,Королёв,117675,P0052,1.5,562.5,Завершен
VK18584,2020-02-27,CL00511,Москва,160686,P0011,2.5,687.5,Завершен
VK13974,2020-02-27,CL00564,Химки,190739,P0074,2.5,937.5,Завершен
VK57363,2020-02-27,CL00245,Москва,131925,P0089,3.0,1125.0,Завершен
VK37471,2020-02-27,CL00843,Люберцы,106507,P0116,0.5,187.5,Завершен
VK13512,2020-02-28,CL00649,Красногорск,179988,P0053,1.5,562.5,Завершен
VK81317,2020-02-28,CL00417,Люберцы,189783,P0033,2.5,687.5,Завершен
VK89625,2020-02-28,CL00046,Мытищи,117601,P0066,3.0,1125.0,Отказ
VK32652,2020-02-28,CL00910,Мытищи,144921,P0106,0.5,187.5,Завершен
VK92346,2020-02-28,CL00135,Химки,164038,P0050,0.5,137.5,Завершен
VK30528,2020-02-28,CL01191,Красногорск,136087,P0060,2.0,750.0,Отказ
VK86591,2020-02-28,CL00593,Люберцы,191133,P0105,5.0,1875.0,Завершен
VK46605,2020-02-28,CL00105,Королёв,157125,P0059,5.0,1875.0,Завершен
VK88146,2020-02-28,CL01037,Красногорск,145224,P0069,1.5,562.5,Завершен
VK70929,2020-02-29,CL00423,Красногорск,116059,P0026,1.5,412.5,Завершен
VK46657,2020-02-29,CL00426,Химки,120932,P0014,1.5,412.5,Отказ
VK13148,2020-02-29,CL00997,Люберцы,139498,P0077,0.5,187.5,Завершен
VK91955,2020-02-29,CL00520,Красногорск,abcde,P0084,0.5,187.5,Завершен
VK95147,2020-02-29,CL00453,Москва,167984,P0078,2.5,937.5,Завершен
VK73516,2020-02-29,CL00919,Москва,188857,P0088,1.5,562.5,Завершен
VK80937,2020-02-29,CL00676,Москва,115806,P0101,1.5,562.5,Завершен
VK10640,2020-02-29,CL00659,Москава,136467,P0038,1.5,412.5,Завершен
VK22709,2020-02-29,CL00094,Королёв,197472,P0044,2.5,687.5,Завершен
VK48885,2020-02-29,CL00316,Красногорск,165715,P0041,1.5,412.5,Завершен
VK67375,2020-02-29,CL00066,Москва,152227,P0062,2.5,937.5,Завершен
VK13012,2020-02-17,CL00766,Химки,150911,P0063,0.5,187.5,Завершен
VK31878,2019-12-29,CL00604,Реутов,abcde,P0057,2.5,937.5,Завершен
VK88432,2018-08-07,CL00279,Реутов,197120,P0082,5.0,-1875.0,Завершен
VK47389,2019-08-23,CL00032,Москва,107492,P0120,3.0,1125.0,Завершен
VK73413,2019-07-28,CL00105,Королёв,157125,P0037,3.0,825.0,Завершен
VK49228,2019-04-03,CL00508,Реутов,189486,P0036,5.0,1375.0,Завершен
VK79102,2018-12-19,CL00962,Красногорск,abcde,P0033,2.0,550.0,Завершен
VK59494,2019-09-15,CL00740,Мытищи,189922,P0065,1.5,562.5,Завершен
VK65993,2019-07-08,CL00742,Мытищи,146627,P0008,5.0,1375.0,Завершен
VK70735,2018-10-01,CL00527,Подольск,107552,P0053,5.0,1875.0,Завершен
VK96074,2018-10-03,CL01115,Красногорск,155567,P0062,1.5,562.5,Отказ
VK81101,2020-02-04,CL00189,Мытищи,154387,P0108,2.5,937.5,Отказ
VK97543,2019-05-21,CL00393,Химки,109706,P0100,0.5,187.5,Завершен
VK94448,2018-04-16,CL01108,Москва,abcde,P0047,3.0,825.0,Завершен
VK86992,2019-12-11,CL00871,Красногорск,123639,XXX999,0.5,187.5,Завершен
VK42231,2018-06-20,CL01103,Мытищи,186956,P0111,5.0,-1875.0,Завершен
VK17074,2019-09-01,CL00722,Химки,177554,P0060,1.5,562.5,Завершен
VK13507,2020-01-12,CL00916,Москва,195325,P0054,1.0,375.0,Завершен
VK96597,2019-10-31,CL00641,Химки,136025,P0011,2.0,550.0,Завершен
VK51019,2019-04-13,CL00301,Москава,122037,P0022,5.0,1375.0,Завершен
VK89632,2019-10-18,CL00189,Мытищи,154387,P0024,3.0,825.0,Завершен
VK88411,2018-04-21,CL01123,Москава,173680,P0074,3.0,1125.0,Завершен
VK98892,2018-03-14,CL00380,Москава,146210,XXX999,1.5,562.5,Завершен
VK65203,2018-04-13,CL00460,Королёв,194589,P0066,2.5,-937.5,Завершен
VK40783,2018-08-11,CL00812,Химки,abcde,P0064,2.5,937.5,Завершен
VK98027,2018-04-17,CL00265,Москава,152262,P0077,5.0,1875.0,Завершен
VK25184,2018-10-18,CL00959,Москва,198328,P0021,1.0,275.0,Завершен
VK60387,2018-03-25,CL00441,Королёв,abcde,P0007,2.5,687.5,Завершен
VK69230,2019-04-28,CL00554,Люберцы,191469,P0015,1.5,-412.5,Завершен
VK50629,2018-09-12,CL00793,Люберцы,abcde,P0117,1.5,562.5,Завершен
VK93303,2018-12-26,CL00931,Мытищи,104696,P0025,2.0,550.0,Завершен
VK82330,2019-06-19,CL00176,Москава,141224,XXX999,1.5,562.5,Завершен
VK21952,2018-03-10,CL00480,Москава,194188,P0055,3.0,1125.0,Завершен
VK27353,2019-04-25,CL00414,Москава,175598,P0094,5.0,1875.0,Завершен
VK24417,2019-04-14,CL01000,Подольск,117875,P0014,3.0,825.0,Завершен
VK42185,2019-09-13,CL00262,Москава,156387,P0070,2.5,937.5,Завершен
VK86756,2019-02-03,CL00548,Москва,109742,P0116,1.5,562.5,Завершен
VK88220,2019-08-24,CL01096,Люберцы,112190,P0099,1.5,562.5,Отказ
VK79932,2018-05-04,CL00105,Королёв,157125,P0060,2.0,-750.0,Отказ
VK68591,2019-01-02,CL00842,Москава,133903,P0102,1.5,562.5,Отказ
VK93994,2019-07-15,CL00535,Москава,191177,P0060,1.0,375.0,Завершен
VK23933,2019-03-12,CL00284,Мытищи,186761,P0084,0.5,-187.5,Завершен
VK21382,2019-04-10,CL00316,Красногорск,165715,P0082,5.0,1875.0,Завершен
VK20956,2018-06-28,CL00983,Мытищи,170809,XXX999,1.5,412.5,Завершен
VK33714,2019-03-31,CL01019,Люберцы,118350,P0034,1.5,412.5,Завершен
VK15543,2018-12-14,CL00694,Красногорск,122645,P0071,1.5,562.5,Завершен
VK32032,2019-02-14,CL00511,Москва,160686,P0033,2.0,550.0,Завершен
VK12180,2019-08-20,CL00994,Москва,115506,P0003,1.5,412.5,Завершен
VK56194,2019-01-09,CL00097,Мытищи,130735,P0012,2.0,550.0,Завершен
VK88181,2019-12-08,CL00942,Королёв,124979,P0084,2.5,937.5,Завершен
VK64645,2019-11-30,CL00928,Химки,158220,XXX999,3.0,825.0,Завершен
VK77191,2019-06-25,CL00832,Красногорск,abcde,P0053,3.0,1125.0,Завершен
VK33582,2018-03-23,CL00284,Мытищи,186761,P0072,2.5,-937.5,Завершен
VK76155,2018-09-16,CL00044,Красногорск,abcde,P0076,0.5,187.5,Завершен
VK63835,2019-04-23,CL00242,Красногорск,136160,P0031,2.0,550.0,Завершен
VK22879,2018-11-13,CL00880,Химки,145134,P0103,2.0,750.0,Завершен
VK33956,2019-01-09,CL01200,Москва,163618,P0019,1.0,275.0,Завершен
VK60845,2019-01-12,CL00482,Подольск,183719,P0047,1.0,275.0,Отказ
VK24006,2019-09-27,CL00813,Королёв,130886,P0091,1.5,562.5,Отказ
VK35652,2018-10-23,CL01040,Химки,120625,P0045,2.5,-687.5,Завершен
VK29557,2018-12-08,CL01052,Мытищи,150523,P0117,5.0,1875.0,Отказ
VK37409,2019-01-22,CL00118,Подольск,198032,P0057,1.5,562.5,Завершен
VK89551,2019-12-30,CL00613,Подольск,144966,P0077,1.0,375.0,Завершен
VK52964,2019-04-12,CL00256,Люберцы,104082,P0051,5.0,1875.0,Отказ
VK42171,2018-04-29,CL00068,Реутов,abcde,XXX999,1.5,562.5,Завершен
VK54087,2019-08-14,CL00692,Мытищи,101581,P0026,2.0,-550.0,Завершен
VK25380,2018-05-31,CL00129,Красногорск,111359,P0080,1.0,-375.0,Завершен
VK19696,2019-03-01,CL00620,Королёв,153090,P0008,3.0,825.0,Завершен
VK93450,2019-10-21,CL00523,Реутов,abcde,P0033,1.0,275.0,Отказ
VK35035,2018-10-15,CL01024,Подольск,129269,P0113,0.5,187.5,Завершен
VK61707,2019-02-19,CL00271,Мытищи,187207,P0098,3.0,1125.0,Завершен
VK39809,2018-03-07,CL00800,Реутов,abcde,P0071,5.0,1875.0,Завершен
VK47681,2019-02-28,CL01060,Реутов,162539,P0037,2.5,687.5,Завершен
VK15230,2018-09-04,CL00841,Королёв,123276,P0042,1.5,-412.5,Завершен
VK51868,2019-10-15,CL00460,Королёв,194589,P0112,5.0,1875.0,Завершен
VK12043,2018-07-17,CL00600,Люберцы,109064,XXX999,0.5,187.5,Завершен
VK81641,2018-06-13,CL00904,Королёв,138800,XXX999,0.5,137.5,Отказ
VK33083,2018-06-16,CL00611,Красногорск,163277,P0105,1.0,375.0,Завершен
VK18486,2019-11-28,CL00453,Москва,167984,P0088,3.0,1125.0,Завершен
VK19154,2018-09-04,CL00789,Москва,196021,P0009,1.0,275.0,Завершен
VK70251,2019-05-27,CL00309,Подольск,161462,P0042,2.0,550.0,Завершен
VK88656,2018-03-11,CL01196,Химки,165214,P0103,2.0,-750.0,Отказ
VK96236,2019-02-10,CL00532,Мытищи,199837,P0009,2.0,550.0,Завершен
VK94129,2019-03-22,CL00659,Реутов,136467,P0075,2.0,750.0,Завершен
VK81331,2019-05-27,CL00058,Мытищи,173385,P0019,1.5,412.5,Завершен
VK42921,2019-11-10,CL00323,Люберцы,186057,P0026,3.0,825.0,Завершен
VK83179,2018-12-07,CL00612,Люберцы,111253,XXX999,1.0,375.0,Завершен
VK92384,2018-09-18,CL01099,Подольск,189536,P0062,1.5,562.5,Завершен
VK48528,2019-08-21,CL00188,Подольск,178561,P0014,3.0,825.0,Завершен
VK52929,2019-11-05,CL01047,Москва,195417,P0090,0.5,187.5,Завершен
VK35905,2018-11-11,CL00863,Химки,197545,P0029,1.0,275.0,Завершен
VK49522,2019-03-10,CL01080,Химки,178579,P0084,5.0,1875.0,Завершен
VK27980,2019-02-23,CL00479,Москава,143343,P0019,2.0,550.0,Завершен
VK69039,2019-10-11,CL01035,Реутов,147880,P0039,0.5,137.5,Завершен
VK58169,2018-10-26,CL00849,Королёв,161171,P0030,0.5,137.5,Завершен
VK98869,2018-10-13,CL00308,Красногорск,182210,XXX999,1.0,275.0,Отказ
VK40085,2019-08-13,CL00553,Москва,abcde,P0110,5.0,1875.0,Завершен
VK31587,2018-10-15,CL01094,Реутов,abcde,XXX999,2.5,937.5,Завершен
VK60967,2018-06-10,CL00701,Люберцы,195677,P0068,2.5,-937.5,Завершен
VK58963,2018-04-23,CL00022,Мытищи,abcde,XXX999,3.0,1125.0,Завершен
VK47994,2019-02-19,CL01158,Химки,180375,P0094,0.5,187.5,Завершен
VK79248,2018-11-09,CL01125,Химки,162460,P0075,3.0,1125.0,Завершен
VK96825,2019-09-06,CL00094,Королёв,197472,P0043,5.0,1375.0,Завершен
VK41713,2019-01-08,CL00889,Реутов,133526,P0053,2.0,750.0,Завершен
VK19514,2018-10-19,CL00143,Москава,163464,P0096,2.0,750.0,Завершен
VK83864,2018-09-05,CL00401,Москава,193969,P0089,1.0,375.0,Завершен
VK89918,2018-11-28,CL00698,Реутов,110803,P0088,1.5,562.5,Завершен
VK61820,2018-06-09,CL00420,Химки,118830,P0049,1.5,412.5,Завершен
VK20405,2018-05-20,CL00413,Москава,103718,P0081,5.0,1875.0,Завершен
VK48748,2019-02-21,CL00822,Мытищи,119424,P0008,0.5,137.5,Завершен
VK43204,2019-08-28,CL00308,Красногорск,182210,P0028,2.5,687.5,Завершен
VK18888,2018-12-13,CL01071,Химки,191660,P0001,2.5,687.5,Отказ
VK21050,2019-05-30,CL00726,Красногорск,186154,P0020,1.5,412.5,Завершен
VK65441,2019-04-20,CL00719,Мытищи,137002,P0047,2.0,550.0,Завершен
VK83748,2020-01-20,CL01197,Люберцы,184004,P0041,1.0,275.0,Завершен
VK73963,2019-08-08,CL00528,Москава,117575,P0058,2.5,937.5,Завершен
VK27013,2019-04-10,CL01036,Люберцы,129215,P0105,2.0,750.0,Завершен
VK16190,2019-07-30,CL00910,Мытищи,144921,P0025,2.0,550.0,Завершен
VK29400,2018-03-04,CL00196,Реутов,185461,XXX999,1.5,562.5,Завершен
VK24643,2018-04-07,CL00212,Москава,160981,P0016,2.0,550.0,Завершен
VK39548,2018-03-31,CL01193,Люберцы,159517,XXX999,5.0,1875.0,Завершен
VK77193,2018-05-14,CL00147,Подольск,198669,XXX999,0.5,137.5,Завершен
VK58348,2018-08-20,CL01056,Мытищи,117082,XXX999,1.5,412.5,Отказ
VK75174,2019-12-19,CL00364,Красногорск,abcde,P0037,1.5,412.5,Завершен
VK13067,2019-05-19,CL00743,Москава,134100,P0074,2.5,937.5,Завершен
VK62781,2018-07-12,CL00857,Реутов,196564,P0047,1.0,275.0,Завершен
VK79605,2018-12-11,CL00822,Мытищи,119424,P0117,1.0,375.0,Завершен
VK72737,2018-03-16,CL00496,Королёв,abcde,P0115,2.0,750.0,Завершен
VK76005,2018-06-24,CL00359,Подольск,111221,P0056,1.5,-562.5,Завершен
VK19606,2019-01-29,CL00372,Москава,148237,P0088,0.5,-187.5,Завершен
VK44238,2018-12-21,CL01166,Химки,101930,P0056,1.5,562.5,Завершен
VK26777,2019-05-27,CL00418,Люберцы,190257,P0101,1.0,375.0,Завершен
VK72222,2020-01-04,CL00558,Красногорск,160161,P0092,5.0,1875.0,Завершен
VK62198,2019-09-26,CL01040,Химки,120625,P0057,5.0,1875.0,Отказ
VK62437,2019-04-22,CL00248,Подольск,178116,P0004,1.5,412.5,Завершен
VK89902,2018-10-22,CL00114,Красногорск,108993,P0104,1.0,375.0,Завершен
VK29218,2019-11-03,CL00586,Москава,164634,P0075,1.0,375.0,Завершен
VK47416,2018-12-27,CL00326,Подольск,111104,P0068,3.0,1125.0,Завершен
VK70003,2018-06-06,CL00506,Москва,123590,P0076,3.0,-1125.0,Завершен
VK61100,2019-02-28,CL00662,Мытищи,152129,P0116,1.0,375.0,Завершен
VK76608,2018-08-02,CL00961,Люберцы,170932,P0104,3.0,1125.0,Завершен
VK43841,2018-11-03,CL00812,Химки,150738,P0046,0.5,137.5,Отказ
VK33534,2018-04-25,CL00979,Красногорск,128632,P0013,3.0,-825.0,Завершен
VK70511,2020-02-24,CL00072,Мытищи,abcde,P0039,2.0,550.0,Завершен
VK99827,2019-01-26,CL00574,Королёв,172487,P0074,3.0,1125.0,Завершен
VK83346,2019-02-01,CL01042,Мытищи,162759,P0092,2.5,937.5,Завершен
VK14839,2020-01-27,CL00246,Химки,172641,P0016,5.0,1375.0,Завершен
VK20455,2018-07-09,CL00009,Люберцы,abcde,P0053,5.0,1875.0,Завершен
