sale_id,date,client_id,city,zip_code,product_id,meters,total_amount,status
IN40279,2018-03-01,CL00297,Подольск,181018,P0115,0.5,187.5,Завершен
IN35312,2018-03-01,CL00158,Подольск,172350,P0081,2.5,937.5,Завершен
IN84714,2018-03-01,CL00346,Красногорск,154381,P0005,2.5,687.5,Завершен
IN83193,2018-03-01,CL00467,Химки,169604,P0118,3.0,1125.0,Завершен
IN23829,2018-03-01,CL01090,Люберцы,175352,P0050,3.0,825.0,Завершен
IN56918,2018-03-01,CL00778,Подольск,157261,P0059,5.0,1875.0,Завершен
IN97194,2018-03-01,CL00877,Москва,126137,P0017,3.0,825.0,Завершен
IN31864,2018-03-01,CL00751,Москва,106637,P0075,2.0,750.0,Завершен
IN47287,2018-03-02,CL00488,Люберцы,190802,P0029,3.0,825.0,Отказ
IN27705,2018-03-02,CL00704,Подольск,192785,P0076,2.5,937.5,Отказ
IN39083,2018-03-02,CL01008,Королёв,109587,P0115,1.5,562.5,Отказ
IN12844,2018-03-02,CL00199,Королёв,118894,P0044,1.0,275.0,Завершен
IN46170,2018-03-02,CL01182,Королёв,120315,P0007,5.0,1375.0,Завершен
IN84798,2018-03-02,CL00552,Королёв,169758,P0101,2.5,937.5,Завершен
IN85534,2018-03-03,CL00753,Москва,155923,P0025,3.0,825.0,Завершен
IN17329,2018-03-03,CL00793,Люберцы,134226,P0017,2.0,550.0,Отказ
IN66925,2018-03-03,CL00476,Москва,174443,P0089,5.0,1875.0,Завершен
IN25799,2018-03-03,CL00663,Реутов,164843,P0114,2.0,750.0,Завершен
IN95561,2018-03-03,CL00821,Люберцы,101620,P0105,5.0,1875.0,Завершен
IN11498,2018-03-03,CL00495,Химки,178094,P0024,5.0,1375.0,Завершен
IN60133,2018-03-03,CL00962,Красногорск,113432,P0036,3.0,825.0,Завершен
IN90739,2018-03-04,CL01108,Москва,155466,P0076,2.5,937.5,Завершен
IN41760,2018-03-04,CL00021,Мытищи,195448,P0038,3.0,825.0,Завершен
IN66369,2018-03-04,CL01049,Королёв,153840,P0007,0.5,137.5,Завершен
IN85499,2018-03-04,CL00434,Реутов,152505,P0048,1.5,412.5,Завершен
IN64209,2018-03-04,CL01058,Реутов,163192,P0087,0.5,187.5,Завершен
IN21247,2018-03-05,CL00498,Подольск,168202,P0031,1.5,412.5,Завершен
IN41856,2018-03-05,CL00374,Подольск,165211,P0005,0.5,137.5,Завершен
IN47707,2018-03-05,CL00302,Мытищи,125415,P0016,2.5,687.5,Завершен
IN24585,2018-03-05,CL00180,Химки,117172,P0094,0.5,187.5,Завершен
IN12981,2018-03-05,CL00953,Химки,181810,P0029,1.5,412.5,Завершен
IN80517,2018-03-05,CL00946,Реутов,163298,P0050,1.5,412.5,Завершен
IN78585,2018-03-05,CL00839,Химки,160846,P0118,1.0,375.0,Завершен
IN73311,2018-03-05,CL00035,Мытищи,188501,P0077,5.0,1875.0,Завершен
IN28526,2018-03-05,CL00908,Москва,186947,P0067,2.5,937.5,Завершен
IN12410,2018-03-05,CL00873,Москва,135851,P0032,3.0,825.0,Завершен
IN96969,2018-03-05,CL00747,Химки,148790,P0053,2.0,750.0,Завершен
IN32324,2018-03-05,CL00011,Люберцы,188039,P0006,2.5,687.5,Отказ
IN90997,2018-03-05,CL00722,Химки,177554,P0116,0.5,187.5,Завершен
IN95820,2018-03-05,CL00969,Подольск,196348,P0005,1.5,412.5,Отказ
IN42426,2018-03-06,CL01131,Мытищи,137555,P0025,3.0,825.0,Отказ
IN74216,2018-03-06,CL00246,Химки,172641,P0072,2.5,937.5,Завершен
IN12408,2018-03-06,CL00811,Мытищи,170968,P0069,2.0,750.0,Завершен
IN56580,2018-03-06,CL00577,Мытищи,120214,P0058,1.5,562.5,Завершен
IN75700,2018-03-06,CL00970,Реутов,136583,P0078,3.0,1125.0,Завершен
IN92023,2018-03-06,CL00825,Королёв,162003,P0058,1.5,562.5,Завершен
IN13862,2018-03-06,CL00906,Люберцы,188705,P0018,1.5,412.5,Завершен
IN39567,2018-03-06,CL00436,Реутов,172070,P0019,2.5,687.5,Завершен
IN61491,2018-03-06,CL01048,Мытищи,179498,P0045,1.0,275.0,Завершен
IN34632,2018-03-07,CL00818,Реутов,182211,P0087,3.0,1125.0,Завершен
IN13433,2018-03-07,CL00607,Подольск,105806,P0043,0.5,137.5,Завершен
IN90864,2018-03-07,CL00757,Королёв,136670,P0002,5.0,1375.0,Завершен
IN90263,2018-03-07,CL00396,Люберцы,120644,P0081,1.5,562.5,Завершен
IN40266,2018-03-07,CL00852,Мытищи,136239,P0023,1.0,275.0,Завершен
IN74217,2018-03-08,CL00264,Реутов,129949,P0083,2.0,750.0,Завершен
IN69971,2018-03-08,CL00465,Королёв,170592,P0076,3.0,1125.0,Завершен
IN15482,2018-03-08,CL00195,Красногорск,192435,P0016,1.0,275.0,Завершен
IN59856,2018-03-08,CL01032,Реутов,159591,P0047,2.5,687.5,Завершен
IN90151,2018-03-08,CL00200,Подольск,134737,P0047,3.0,825.0,Завершен
IN80275,2018-03-08,CL01042,Мытищи,162759,P0049,3.0,825.0,Завершен
IN15047,2018-03-08,CL00604,Реутов,190663,P0030,2.5,687.5,Завершен
IN86735,2018-03-09,CL00989,Мытищи,120152,P0047,0.5,137.5,Завершен
IN61520,2018-03-09,CL00594,Королёв,152198,P0076,3.0,1125.0,Завершен
IN13265,2018-03-09,CL00535,Королёв,191177,P0113,2.0,750.0,Завершен
IN36467,2018-03-09,CL01191,Красногорск,136087,P0069,1.0,375.0,Завершен
IN52477,2018-03-09,CL00038,Люберцы,193872,P0016,2.0,550.0,Отказ
IN31495,2018-03-09,CL00379,Подольск,146077,P0110,3.0,1125.0,Завершен
IN32398,2018-03-10,CL00389,Химки,103396,P0082,2.5,937.5,Завершен
IN96445,2018-03-10,CL00205,Мытищи,190964,P0097,1.5,562.5,Завершен
IN28953,2018-03-10,CL00451,Реутов,190505,P0083,5.0,1875.0,Завершен
IN16725,2018-03-10,CL01116,Реутов,148799,P0066,1.0,375.0,Завершен
IN68491,2018-03-10,CL00218,Люберцы,189889,P0096,2.0,750.0,Завершен
IN25408,2018-03-10,CL00746,Москва,129135,P0011,1.5,412.5,Завершен
IN10463,2018-03-10,CL00045,Москва,172692,P0077,1.0,375.0,Завершен
IN11600,2018-03-10,CL00856,Москва,138745,P0055,2.5,937.5,Завершен
IN75358,2018-03-10,CL01087,Химки,152947,P0014,2.0,550.0,Завершен
IN89689,2018-03-10,CL00258,Королёв,158138,P0108,2.5,937.5,Завершен
IN87183,2018-03-10,CL00426,Химки,120932,P0054,2.0,750.0,Завершен
IN90096,2018-03-11,CL00084,Мытищи,198453,P0024,1.0,275.0,Завершен
IN87983,2018-03-11,CL00519,Подольск,137914,P0034,3.0,825.0,Завершен
IN33254,2018-03-11,CL00024,Химки,109880,P0081,2.5,937.5,Завершен
IN57210,2018-03-11,CL00304,Химки,133550,P0086,2.0,750.0,Завершен
IN49229,2018-03-11,CL00325,Красногорск,185990,P0093,0.5,187.5,Отказ
IN59668,2018-03-11,CL00623,Реутов,192371,P0041,1.5,412.5,Завершен
IN53750,2018-03-12,CL00050,Люберцы,106658,P0017,2.0,550.0,Завершен
IN93558,2018-03-12,CL00450,Мытищи,157807,P0077,1.5,562.5,Завершен
IN36370,2018-03-12,CL00550,Мытищи,101198,P0047,1.0,275.0,Отказ
IN18891,2018-03-12,CL01154,Москва,138393,P0056,3.0,1125.0,Завершен
IN13816,2018-03-13,CL00860,Люберцы,186194,P0011,3.0,825.0,Завершен
IN53321,2018-03-13,CL00233,Химки,183283,P0052,5.0,1875.0,Завершен
IN98142,2018-03-13,CL01030,Королёв,134649,P0089,5.0,1875.0,Завершен
IN14660,2018-03-13,CL01058,Реутов,163192,P0033,2.0,550.0,Завершен
IN30366,2018-03-13,CL00172,Подольск,157132,P0007,3.0,825.0,Завершен
IN80381,2018-03-13,CL00701,Люберцы,195677,P0099,3.0,1125.0,Завершен
IN46760,2018-03-14,CL00280,Мытищи,128197,P0109,0.5,187.5,Завершен
IN59183,2018-03-14,CL01074,Мытищи,161822,P0047,5.0,1375.0,Отказ
IN31753,2018-03-14,CL01049,Королёв,153840,P0095,3.0,1125.0,Завершен
IN34560,2018-03-14,CL00834,Красногорск,167537,P0029,2.5,687.5,Завершен
IN50407,2018-03-14,CL00568,Мытищи,173919,P0007,2.5,687.5,Завершен
IN14145,2018-03-14,CL00228,Реутов,173048,P0094,3.0,1125.0,Завершен
IN75149,2018-03-14,CL00807,Подольск,149996,P0081,1.5,562.5,Завершен
IN49666,2018-03-14,CL00197,Королёв,116547,P0068,1.0,375.0,Завершен
IN32939,2018-03-14,CL01148,Королёв,183342,P0036,1.0,275.0,Завершен
IN14901,2018-03-14,CL01132,Подольск,183962,P0061,0.5,187.5,Завершен
IN22137,2018-03-14,CL00208,Реутов,123600,P0058,5.0,1875.0,Завершен
IN73263,2018-03-14,CL00218,Люберцы,189889,P0011,2.0,550.0,Завершен
IN54579,2018-03-14,CL00107,Подольск,116728,P0117,2.5,937.5,Завершен
IN78632,2018-03-14,CL00233,Химки,183283,P0089,2.0,750.0,Завершен
IN28781,2018-03-14,CL00192,Красногорск,199991,P0067,1.5,562.5,Завершен
IN98538,2018-03-15,CL00649,Красногорск,179988,P0053,0.5,187.5,Завершен
IN17051,2018-03-15,CL00466,Люберцы,180698,P0083,0.5,187.5,Завершен
IN33459,2018-03-15,CL00639,Реутов,154477,P0079,0.5,187.5,Завершен
IN87693,2018-03-15,CL00403,Подольск,184192,P0058,3.0,1125.0,Завершен
IN85324,2018-03-16,CL00944,Королёв,177242,P0009,5.0,1375.0,Завершен
IN63174,2018-03-16,CL00819,Люберцы,195302,P0011,1.0,275.0,Завершен
IN87459,2018-03-17,CL00192,Красногорск,199991,P0025,1.0,275.0,Завершен
IN67062,2018-03-17,CL01045,Подольск,105136,P0118,2.0,750.0,Завершен
IN81372,2018-03-17,CL01014,Реутов,141053,P0076,2.5,937.5,Завершен
IN96849,2018-03-17,CL00571,Красногорск,157290,P0066,3.0,1125.0,Завершен
IN18058,2018-03-18,CL00334,Реутов,123703,P0106,2.0,750.0,Завершен
IN28208,2018-03-18,CL01103,Мытищи,186956,P0025,0.5,137.5,Завершен
IN93379,2018-03-18,CL00772,Королёв,180495,P0115,2.5,937.5,Завершен
IN29231,2018-03-18,CL01122,Королёв,182660,P0010,5.0,1375.0,Отказ
IN10110,2018-03-19,CL00907,Реутов,112451,P0116,2.5,937.5,Завершен
IN57086,2018-03-19,CL01055,Москва,169655,P0008,3.0,825.0,Завершен
IN14087,2018-03-19,CL00240,Красногорск,158287,P0055,0.5,187.5,Завершен
IN87353,2018-03-19,CL00968,Химки,123255,P0118,1.0,375.0,Завершен
IN60173,2018-03-19,CL00827,Москва,143449,P0066,2.0,750.0,Завершен
IN81449,2018-03-19,CL00245,Москва,131925,P0065,2.0,750.0,Завершен
IN72242,2018-03-19,CL00257,Королёв,155872,P0039,1.0,275.0,Завершен
IN60409,2018-03-19,CL00164,Москва,140319,P0013,1.0,275.0,Завершен
IN64687,2018-03-19,CL01120,Подольск,196802,P0043,5.0,1375.0,Завершен
IN97826,2018-03-19,CL00783,Москва,141709,P0027,1.0,275.0,Завершен
IN19403,2018-03-19,CL00883,Люберцы,168195,P0023,1.0,275.0,Завершен
IN73792,2018-03-19,CL00983,Мытищи,170809,P0039,3.0,825.0,Отказ
IN27796,2018-03-19,CL00101,Королёв,127110,P0065,3.0,1125.0,Завершен
IN78597,2018-03-20,CL01092,Химки,160142,P0038,2.0,550.0,Завершен
IN71925,2018-03-20,CL00395,Красногорск,193000,P0081,2.5,937.5,Отказ
IN97650,2018-03-20,CL00394,Подольск,158341,P0058,3.0,1125.0,Завершен
IN80673,2018-03-20,CL00585,Подольск,122216,P0067,0.5,187.5,Завершен
IN90352,2018-03-20,CL00557,Красногорск,152022,P0059,5.0,1875.0,Завершен
IN91830,2018-03-21,CL00555,Подольск,112624,P0033,3.0,825.0,Завершен
IN20814,2018-03-21,CL00213,Подольск,145293,P0099,0.5,187.5,Завершен
IN46418,2018-03-21,CL00017,Химки,194811,P0085,1.0,375.0,Завершен
IN46827,2018-03-21,CL00003,Мытищи,139117,P0106,1.5,562.5,Завершен
IN11861,2018-03-21,CL00629,Красногорск,160012,P0088,1.5,562.5,Завершен
IN32886,2018-03-21,CL00337,Химки,140562,P0088,3.0,1125.0,Завершен
IN96396,2018-03-21,CL00262,Королёв,156387,P0075,2.5,937.5,Завершен
IN62264,2018-03-22,CL00321,Реутов,188984,P0054,0.5,187.5,Завершен
IN79798,2018-03-22,CL00292,Реутов,130161,P0079,2.0,750.0,Завершен
IN61127,2018-03-22,CL00559,Химки,110566,P0054,1.0,375.0,Завершен
IN79526,2018-03-22,CL00201,Реутов,143065,P0116,2.0,750.0,Завершен
IN47852,2018-03-22,CL00682,Подольск,194690,P0077,5.0,1875.0,Завершен
IN98931,2018-03-22,CL00446,Красногорск,154596,P0073,5.0,1875.0,Завершен
IN99505,2018-03-22,CL01141,Москва,168679,P0094,1.5,562.5,Завершен
IN79637,2018-03-22,CL00044,Красногорск,157433,P0016,0.5,137.5,Отказ
IN66595,2018-03-22,CL00625,Мытищи,170371,P0120,3.0,1125.0,Завершен
IN27027,2018-03-23,CL01077,Реутов,168289,P0031,0.5,137.5,Завершен
IN94922,2018-03-23,CL01176,Красногорск,195451,P0072,2.0,750.0,Завершен
IN34217,2018-03-23,CL00691,Королёв,131599,P0107,2.5,937.5,Завершен
IN43205,2018-03-23,CL00522,Реутов,107989,P0013,0.5,137.5,Завершен
IN19924,2018-03-23,CL00595,Люберцы,182955,P0008,1.5,412.5,Завершен
IN46226,2018-03-23,CL00124,Мытищи,144725,P0089,3.0,1125.0,Завершен
IN97500,2018-03-23,CL01053,Мытищи,168512,P0046,5.0,1375.0,Завершен
IN43729,2018-03-23,CL01108,Москва,155466,P0081,5.0,1875.0,Завершен
IN75234,2018-03-24,CL00199,Королёв,118894,P0012,5.0,1375.0,Завершен
IN10113,2018-03-24,CL00117,Химки,133586,P0046,1.0,275.0,Завершен
IN44922,2018-03-24,CL00798,Химки,153645,P0070,0.5,187.5,Завершен
IN61292,2018-03-24,CL01163,Химки,119942,P0006,1.0,275.0,Завершен
IN74314,2018-03-24,CL00434,Реутов,152505,P0120,2.5,937.5,Отказ
IN19188,2018-03-24,CL00901,Мытищи,187690,P0011,2.0,550.0,Завершен
IN92941,2018-03-25,CL00046,Мытищи,117601,P0006,2.0,550.0,Отказ
IN28342,2018-03-25,CL01139,Мытищи,152041,P0078,2.0,750.0,Завершен
IN87718,2018-03-25,CL00686,Реутов,118327,P0052,0.5,187.5,Завершен
IN18256,2018-03-25,CL00351,Подольск,161487,P0025,1.0,275.0,Завершен
IN23937,2018-03-26,CL00800,Реутов,164349,P0111,0.5,187.5,Завершен
IN90691,2018-03-26,CL00496,Королёв,147419,P0027,0.5,137.5,Завершен
IN36560,2018-03-26,CL00558,Красногорск,160161,P0058,1.0,375.0,Отказ
IN98918,2018-03-26,CL01166,Химки,101930,P0017,2.0,550.0,Завершен
IN49478,2018-03-27,CL01132,Подольск,183962,P0107,0.5,187.5,Завершен
IN83100,2018-03-27,CL00350,Подольск,137601,P0025,1.5,412.5,Завершен
IN79494,2018-03-27,CL01143,Реутов,132426,P0020,1.0,275.0,Завершен
IN80742,2018-03-27,CL00950,Люберцы,144939,P0028,0.5,137.5,Завершен
IN92111,2018-03-27,CL00534,Москва,124906,P0032,2.5,687.5,Завершен
IN16955,2018-03-27,CL00707,Мытищи,103847,P0005,3.0,825.0,Завершен
IN29558,2018-03-27,CL01067,Реутов,154162,P0046,1.0,275.0,Завершен
IN73492,2018-03-28,CL00017,Химки,194811,P0044,0.5,137.5,Завершен
IN28997,2018-03-28,CL00968,Химки,123255,P0021,0.5,137.5,Завершен
IN69636,2018-03-28,CL00835,Мытищи,166426,P0056,1.0,375.0,Завершен
IN27878,2018-03-28,CL00535,Королёв,191177,P0117,1.0,375.0,Завершен
IN92840,2018-03-28,CL01192,Мытищи,158901,P0023,2.0,550.0,Завершен
IN36504,2018-03-28,CL00165,Королёв,190266,P0004,1.5,412.5,Завершен
IN84536,2018-03-28,CL01074,Мытищи,161822,P0078,1.5,562.5,Завершен
IN24563,2018-03-28,CL00191,Королёв,158529,P0041,0.5,137.5,Завершен
IN64817,2018-03-28,CL00082,Королёв,196463,P0073,5.0,1875.0,Завершен
IN38816,2018-03-28,CL00099,Подольск,150205,P0103,1.0,375.0,Завершен
IN87564,2018-03-29,CL00601,Королёв,139692,P0049,1.0,275.0,Завершен
IN10665,2018-03-29,CL01176,Красногорск,195451,P0026,1.0,275.0,Завершен
IN15250,2018-03-29,CL01096,Люберцы,112190,P0041,2.0,550.0,Завершен
IN76088,2018-03-29,CL01018,Королёв,123038,P0049,2.0,550.0,Завершен
IN61684,2018-03-29,CL00519,Подольск,137914,P0013,0.5,137.5,Завершен
IN22844,2018-03-29,CL00061,Красногорск,153964,P0071,2.0,750.0,Завершен
IN20890,2018-03-29,CL00507,Реутов,150132,P0116,2.0,750.0,Завершен
IN63296,2018-03-29,CL00303,Красногорск,184599,P0006,2.5,687.5,Завершен
IN48769,2018-03-29,CL00904,Королёв,138800,P0119,1.0,375.0,Завершен
IN21892,2018-03-29,CL00041,Москва,173792,P0071,1.0,375.0,Завершен
IN49955,2018-03-29,CL01057,Реутов,148546,P0056,0.5,187.5,Завершен
IN84760,2018-03-29,CL00535,Королёв,191177,P0090,1.0,375.0,Завершен
IN98428,2018-03-30,CL00391,Люберцы,192279,P0007,2.5,687.5,Завершен
IN24544,2018-03-30,CL00438,Красногорск,144444,P0104,1.5,562.5,Завершен
IN91151,2018-03-30,CL00882,Подольск,105992,P0104,2.0,750.0,Завершен
IN32972,2018-03-30,CL01129,Подольск,137304,P0045,0.5,137.5,Завершен
IN18782,2018-03-30,CL00984,Москва,149146,P0097,3.0,1125.0,Завершен
IN36832,2018-03-30,CL01021,Мытищи,166476,P0029,2.5,687.5,Завершен
IN48307,2018-03-31,CL00290,Люберцы,115726,P0072,3.0,1125.0,Завершен
IN98251,2018-03-31,CL00174,Красногорск,121079,P0025,2.0,550.0,Завершен
IN18601,2018-03-31,CL00755,Люберцы,119481,P0011,3.0,825.0,Завершен
IN70014,2018-03-31,CL00816,Подольск,121910,P0017,1.0,275.0,Завершен
IN33437,2018-03-31,CL00955,Красногорск,199716,P0055,0.5,187.5,Отказ
IN20085,2018-03-31,CL00744,Москва,159270,P0036,1.5,412.5,Завершен
IN54930,2018-04-01,CL00807,Подольск,149996,P0022,1.5,412.5,Завершен
IN52769,2018-04-01,CL00704,Подольск,192785,P0035,3.0,825.0,Завершен
IN79489,2018-04-01,CL00742,Мытищи,146627,P0047,2.0,550.0,Завершен
IN70031,2018-04-01,CL00359,Подольск,111221,P0092,5.0,1875.0,Завершен
IN50172,2018-04-01,CL00428,Королёв,140441,P0016,1.5,412.5,Завершен
IN39724,2018-04-01,CL00088,Реутов,131979,P0088,1.0,375.0,Завершен
IN47767,2018-04-01,CL00749,Мытищи,184670,P0011,2.0,550.0,Завершен
IN29443,2018-04-01,CL00933,Химки,159796,P0085,5.0,1875.0,Завершен
IN31805,2018-04-01,CL00893,Подольск,189881,P0080,1.5,562.5,Завершен
IN80165,2018-04-01,CL01085,Мытищи,195176,P0056,2.5,937.5,Завершен
IN32984,2018-04-01,CL00286,Химки,114918,P0086,1.5,562.5,Завершен
IN72781,2018-04-02,CL01061,Мытищи,171267,P0064,1.5,562.5,Завершен
IN82215,2018-04-02,CL01048,Мытищи,179498,P0037,0.5,137.5,Завершен
IN62642,2018-04-02,CL00116,Подольск,162070,P0107,0.5,187.5,Завершен
IN68454,2018-04-02,CL00342,Мытищи,167621,P0120,2.5,937.5,Завершен
IN17213,2018-04-02,CL00512,Реутов,132441,P0082,1.5,562.5,Отказ
IN86471,2018-04-02,CL00605,Москва,147124,P0115,2.5,937.5,Завершен
IN46428,2018-04-02,CL00240,Красногорск,158287,P0030,2.5,687.5,Завершен
IN28293,2018-04-03,CL01114,Люберцы,180358,P0108,3.0,1125.0,Завершен
IN21282,2018-04-03,CL00232,Химки,181205,P0097,5.0,1875.0,Завершен
IN72208,2018-04-03,CL01049,Королёв,153840,P0097,1.0,375.0,Завершен
IN53963,2018-04-03,CL00069,Москва,134237,P0112,5.0,1875.0,Завершен
IN87421,2018-04-03,CL01105,Королёв,141342,P0053,0.5,187.5,Завершен
IN10867,2018-04-03,CL00211,Королёв,160236,P0021,5.0,1375.0,Завершен
IN45825,2018-04-03,CL00754,Красногорск,124530,P0114,2.0,750.0,Завершен
IN26276,2018-04-04,CL00333,Красногорск,181006,P0089,5.0,1875.0,Завершен
IN47707,2018-04-04,CL01125,Химки,162460,P0038,3.0,825.0,Завершен
IN94513,2018-04-04,CL00270,Подольск,176869,P0085,2.0,750.0,Завершен
IN46335,2018-04-04,CL00131,Красногорск,142600,P0102,1.0,375.0,Отказ
IN18745,2018-04-04,CL00606,Мытищи,186193,P0004,2.0,550.0,Завершен
IN86161,2018-04-04,CL00356,Мытищи,165513,P0005,2.5,687.5,Завершен
IN43804,2018-04-04,CL00159,Подольск,159048,P0029,2.0,550.0,Завершен
IN49462,2018-04-05,CL00377,Красногорск,142981,P0113,5.0,1875.0,Завершен
IN57516,2018-04-05,CL00374,Подольск,165211,P0096,1.5,562.5,Завершен
IN56088,2018-04-05,CL00616,Красногорск,105856,P0042,0.5,137.5,Завершен
IN27950,2018-04-05,CL01188,Красногорск,132859,P0119,5.0,1875.0,Завершен
IN73556,2018-04-05,CL00866,Королёв,183151,P0076,2.5,937.5,Завершен
IN31368,2018-04-05,CL00777,Мытищи,142284,P0117,2.0,750.0,Завершен
IN12277,2018-04-06,CL00103,Реутов,146105,P0040,0.5,137.5,Завершен
IN57522,2018-04-06,CL00753,Москва,155923,P0086,2.0,750.0,Завершен
IN88335,2018-04-06,CL01020,Люберцы,182132,P0099,1.0,375.0,Завершен
IN73472,2018-04-07,CL00879,Москва,182141,P0031,0.5,137.5,Отказ
IN35736,2018-04-07,CL00238,Подольск,185841,P0078,5.0,1875.0,Завершен
IN96479,2018-04-07,CL00906,Люберцы,188705,P0081,0.5,187.5,Отказ
IN71483,2018-04-07,CL00670,Люберцы,147242,P0045,2.5,687.5,Завершен
IN15672,2018-04-07,CL01119,Химки,149923,P0026,0.5,137.5,Завершен
IN11346,2018-04-07,CL00427,Красногорск,120885,P0081,0.5,187.5,Завершен
IN18957,2018-04-08,CL00366,Королёв,117675,P0103,1.0,375.0,Завершен
IN11832,2018-04-08,CL01014,Реутов,141053,P0031,0.5,137.5,Завершен
IN35106,2018-04-08,CL00674,Москва,110215,P0090,2.5,937.5,Завершен
IN80402,2018-04-08,CL00353,Химки,171932,P0068,1.5,562.5,Завершен
IN15322,2018-04-09,CL00617,Москва,184930,P0087,3.0,1125.0,Завершен
IN25167,2018-04-09,CL00191,Королёв,158529,P0058,0.5,187.5,Завершен
IN88694,2018-04-09,CL00790,Подольск,164629,P0089,2.0,750.0,Завершен
IN68190,2018-04-09,CL01134,Мытищи,145039,P0088,3.0,1125.0,Завершен
IN48088,2018-04-09,CL00213,Подольск,145293,P0015,1.0,275.0,Завершен
IN19123,2018-04-09,CL00591,Москва,143544,P0116,5.0,1875.0,Завершен
IN99015,2018-04-09,CL00045,Москва,172692,P0003,5.0,1375.0,Завершен
IN98363,2018-04-09,CL00357,Химки,138177,P0007,1.5,412.5,Завершен
IN61952,2018-04-09,CL00227,Королёв,118449,P0109,2.0,750.0,Завершен
IN98672,2018-04-09,CL00077,Люберцы,125144,P0096,2.0,750.0,Завершен
IN61748,2018-04-09,CL00778,Подольск,157261,P0069,0.5,187.5,Завершен
IN23332,2018-04-09,CL00116,Подольск,162070,P0016,2.0,550.0,Завершен
IN73508,2018-04-10,CL00681,Подольск,173831,P0019,2.5,687.5,Завершен
IN69589,2018-04-10,CL00186,Люберцы,135838,P0095,2.5,937.5,Завершен
IN75260,2018-04-11,CL01070,Реутов,186413,P0056,1.0,375.0,Завершен
IN81098,2018-04-11,CL00110,Подольск,149689,P0001,2.0,550.0,Завершен
IN80848,2018-04-11,CL00070,Люберцы,178193,P0076,1.5,562.5,Завершен
IN14141,2018-04-11,CL00779,Красногорск,173659,P0017,2.5,687.5,Отказ
IN25615,2018-04-11,CL01004,Мытищи,198080,P0031,2.0,550.0,Завершен
IN59327,2018-04-11,CL00482,Подольск,183719,P0034,2.0,550.0,Завершен
IN14306,2018-04-11,CL00033,Королёв,169615,P0017,2.0,550.0,Завершен
IN49720,2018-04-11,CL00940,Мытищи,125679,P0014,1.0,275.0,Завершен
IN66450,2018-04-11,CL00137,Москва,129045,P0012,3.0,825.0,Завершен
IN86541,2018-04-12,CL00224,Реутов,117322,P0098,1.5,562.5,Завершен
IN91940,2018-04-12,CL00502,Москва,188181,P0026,0.5,137.5,Завершен
IN66118,2018-04-12,CL00330,Красногорск,163736,P0010,1.5,412.5,Завершен
IN52260,2018-04-13,CL00934,Красногорск,129218,P0014,2.0,550.0,Завершен
IN74010,2018-04-13,CL00212,Москва,160981,P0013,2.5,687.5,Отказ
IN36988,2018-04-13,CL00948,Реутов,179450,P0039,0.5,137.5,Завершен
IN97475,2018-04-13,CL00536,Реутов,172362,P0041,1.5,412.5,Завершен
IN49258,2018-04-13,CL00497,Мытищи,171781,P0015,1.5,412.5,Завершен
IN81770,2018-04-14,CL01127,Красногорск,133779,P0028,2.0,550.0,Завершен
IN92292,2018-04-14,CL00961,Люберцы,170932,P0107,1.0,375.0,Завершен
IN34450,2018-04-14,CL00032,Москва,107492,P0047,3.0,825.0,Завершен
IN96613,2018-04-14,CL00831,Химки,197481,P0014,2.5,687.5,Завершен
IN71249,2018-04-14,CL00668,Королёв,156072,P0072,5.0,1875.0,Завершен
IN79824,2018-04-14,CL00334,Реутов,123703,P0030,1.5,412.5,Завершен
IN67164,2018-04-15,CL00531,Москва,188299,P0026,2.0,550.0,Завершен
IN14850,2018-04-15,CL00700,Подольск,151213,P0117,2.0,750.0,Завершен
IN27882,2018-04-15,CL00301,Химки,122037,P0005,1.0,275.0,Завершен
IN46408,2018-04-15,CL00583,Красногорск,101617,P0008,0.5,137.5,Завершен
IN86076,2018-04-16,CL00904,Королёв,138800,P0094,0.5,187.5,Завершен
IN43004,2018-04-16,CL01190,Королёв,124461,P0098,5.0,1875.0,Завершен
IN41205,2018-04-16,CL00095,Королёв,132406,P0064,2.0,750.0,Завершен
IN51079,2018-04-16,CL00562,Мытищи,156873,P0053,2.5,937.5,Завершен
IN61111,2018-04-16,CL00010,Химки,198994,P0088,1.5,562.5,Завершен
IN40924,2018-04-16,CL00446,Красногорск,154596,P0102,5.0,1875.0,Завершен
IN24000,2018-04-16,CL00002,Люберцы,199871,P0085,2.0,750.0,Завершен
IN80111,2018-04-17,CL00170,Люберцы,199125,P0059,5.0,1875.0,Завершен
IN67986,2018-04-17,CL01181,Реутов,101170,P0078,5.0,1875.0,Завершен
IN61508,2018-04-17,CL00751,Москва,106637,P0102,2.0,750.0,Отказ
IN40862,2018-04-17,CL00584,Реутов,111101,P0085,1.5,562.5,Завершен
IN31001,2018-04-17,CL00148,Мытищи,175243,P0107,1.5,562.5,Завершен
IN94466,2018-04-17,CL00007,Мытищи,109071,P0078,2.0,750.0,Завершен
IN45918,2018-04-17,CL01118,Химки,194478,P0051,2.0,750.0,Завершен
IN74447,2018-04-17,CL00554,Люберцы,191469,P0043,5.0,1375.0,Отказ
IN53610,2018-04-17,CL00754,Красногорск,124530,P0039,2.0,550.0,Завершен
IN23159,2018-04-17,CL00612,Люберцы,111253,P0063,3.0,1125.0,Завершен
IN44205,2018-04-17,CL00564,Химки,190739,P0097,5.0,1875.0,Завершен
IN65164,2018-04-17,CL00763,Москва,161824,P0118,2.5,937.5,Отказ
IN87728,2018-04-18,CL00864,Реутов,143426,P0085,1.5,562.5,Завершен
IN46935,2018-04-18,CL01194,Реутов,102453,P0039,5.0,1375.0,Завершен
IN58182,2018-04-18,CL00475,Королёв,198173,P0031,1.0,275.0,Отказ
IN59456,2018-04-18,CL01179,Мытищи,156906,P0066,1.0,375.0,Завершен
IN39423,2018-04-18,CL00179,Королёв,199613,P0100,5.0,1875.0,Завершен
IN83207,2018-04-18,CL00647,Люберцы,111401,P0038,0.5,137.5,Завершен
IN34975,2018-04-19,CL00437,Мытищи,112672,P0031,1.0,275.0,Завершен
IN44891,2018-04-19,CL01104,Москва,170972,P0088,5.0,1875.0,Завершен
IN60079,2018-04-19,CL00817,Химки,155492,P0067,1.5,562.5,Завершен
IN94834,2018-04-20,CL00537,Люберцы,169946,P0039,1.5,412.5,Завершен
IN71457,2018-04-20,CL00882,Подольск,105992,P0046,2.0,550.0,Отказ
IN44116,2018-04-21,CL00631,Подольск,131270,P0093,0.5,187.5,Завершен
IN54456,2018-04-21,CL00373,Реутов,150678,P0076,1.0,375.0,Завершен
IN51591,2018-04-21,CL00088,Реутов,131979,P0095,2.0,750.0,Завершен
IN28585,2018-04-21,CL00310,Люберцы,177518,P0046,3.0,825.0,Завершен
IN15788,2018-04-21,CL00018,Химки,153354,P0086,1.5,562.5,Завершен
IN46831,2018-04-21,CL00763,Москва,161824,P0023,1.0,275.0,Завершен
IN66372,2018-04-21,CL00391,Люберцы,192279,P0003,3.0,825.0,Завершен
IN44500,2018-04-21,CL00881,Подольск,165973,P0027,1.5,412.5,Завершен
IN44571,2018-04-21,CL00502,Москва,188181,P0066,2.5,937.5,Завершен
IN31624,2018-04-21,CL01001,Люберцы,118884,P0107,2.5,937.5,Завершен
IN36703,2018-04-22,CL00399,Красногорск,148353,P0078,0.5,187.5,Завершен
IN32058,2018-04-22,CL00781,Люберцы,138602,P0094,5.0,1875.0,Завершен
IN45755,2018-04-22,CL00725,Химки,183354,P0079,3.0,1125.0,Завершен
IN86765,2018-04-22,CL01025,Подольск,166900,P0034,2.5,687.5,Завершен
IN10540,2018-04-22,CL00699,Люберцы,110357,P0066,1.0,375.0,Завершен
IN33667,2018-04-22,CL00202,Красногорск,199536,P0013,2.5,687.5,Завершен
IN42264,2018-04-22,CL01170,Люберцы,109356,P0040,2.0,550.0,Завершен
IN22360,2018-04-22,CL00613,Подольск,144966,P0001,5.0,1375.0,Завершен
IN59989,2018-04-23,CL00512,Реутов,132441,P0046,2.5,687.5,Завершен
IN33332,2018-04-23,CL00241,Красногорск,189873,P0007,0.5,137.5,Завершен
IN62286,2018-04-23,CL00037,Москва,154948,P0015,1.0,275.0,Завершен
IN37292,2018-04-23,CL00149,Королёв,144657,P0089,0.5,187.5,Отказ
IN62742,2018-04-23,CL00055,Москва,176350,P0108,1.0,375.0,Завершен
IN95729,2018-04-23,CL00449,Подольск,131745,P0056,1.5,562.5,Завершен
IN74336,2018-04-23,CL00863,Химки,197545,P0026,1.0,275.0,Завершен
IN50645,2018-04-23,CL00910,Мытищи,144921,P0042,5.0,1375.0,Завершен
IN57060,2018-04-23,CL00170,Люберцы,199125,P0042,3.0,825.0,Завершен
IN58163,2018-04-23,CL00142,Красногорск,170236,P0098,3.0,1125.0,Отказ
IN68385,2018-04-23,CL00317,Москва,145015,P0053,2.5,937.5,Завершен
IN83801,2018-04-23,CL01156,Реутов,121400,P0013,2.0,550.0,Завершен
IN42591,2018-04-24,CL00806,Люберцы,171319,P0114,3.0,1125.0,Завершен
IN84519,2018-04-24,CL00913,Подольск,191248,P0010,2.5,687.5,Завершен
IN15910,2018-04-24,CL00269,Реутов,196835,P0038,0.5,137.5,Завершен
IN65694,2018-04-24,CL00820,Мытищи,152082,P0086,2.5,937.5,Завершен
IN96619,2018-04-24,CL00142,Красногорск,170236,P0037,2.0,550.0,Отказ
IN43211,2018-04-24,CL00355,Мытищи,155027,P0081,3.0,1125.0,Завершен
IN20717,2018-04-24,CL00428,Королёв,140441,P0092,1.5,562.5,Завершен
IN32509,2018-04-25,CL00429,Москва,151543,P0078,2.0,750.0,Завершен
IN63096,2018-04-25,CL00745,Мытищи,118322,P0080,3.0,1125.0,Завершен
IN88890,2018-04-25,CL01036,Люберцы,129215,P0107,5.0,1875.0,Завершен
IN91067,2018-04-25,CL01102,Красногорск,113983,P0008,3.0,825.0,Завершен
IN57281,2018-04-25,CL00707,Мытищи,103847,P0077,5.0,1875.0,Завершен
IN68918,2018-04-26,CL00989,Мытищи,120152,P0019,2.0,550.0,Отказ
IN48644,2018-04-26,CL00526,Королёв,129536,P0019,2.5,687.5,Завершен
IN61345,2018-04-26,CL00514,Москва,154950,P0074,2.5,937.5,Завершен
IN23456,2018-04-26,CL01172,Москва,193674,P0081,0.5,187.5,Завершен
IN66595,2018-04-26,CL00538,Люберцы,167215,P0107,3.0,1125.0,Завершен
IN85846,2018-04-26,CL00283,Москва,198885,P0050,2.0,550.0,Завершен
IN48112,2018-04-26,CL00647,Люберцы,111401,P0014,2.5,687.5,Завершен
IN73714,2018-04-26,CL00901,Мытищи,187690,P0013,0.5,137.5,Завершен
IN90149,2018-04-26,CL00472,Люберцы,111725,P0015,2.5,687.5,Завершен
IN73950,2018-04-26,CL00413,Москва,103718,P0070,3.0,1125.0,Завершен
IN79246,2018-04-26,CL00681,Подольск,173831,P0095,1.0,375.0,Завершен
IN51399,2018-04-26,CL00580,Красногорск,113399,P0118,0.5,187.5,Завершен
IN96108,2018-04-27,CL00120,Люберцы,149192,P0010,1.5,412.5,Завершен
IN48455,2018-04-27,CL00522,Реутов,107989,P0088,2.0,750.0,Завершен
IN64638,2018-04-27,CL00869,Подольск,126253,P0011,3.0,825.0,Завершен
IN95524,2018-04-27,CL00145,Химки,139618,P0042,5.0,1375.0,Завершен
IN71908,2018-04-27,CL01131,Мытищи,137555,P0066,3.0,1125.0,Завершен
IN31237,2018-04-27,CL00658,Реутов,109898,P0005,5.0,1375.0,Завершен
IN89908,2018-04-28,CL00694,Красногорск,122645,P0037,0.5,137.5,Завершен
IN23352,2018-04-28,CL00034,Москва,110500,P0010,5.0,1375.0,Завершен
IN76493,2018-04-28,CL00370,Люберцы,184790,P0008,5.0,1375.0,Завершен
IN25474,2018-04-28,CL00364,Красногорск,146176,P0071,0.5,187.5,Завершен
IN57400,2018-04-28,CL00925,Королёв,109812,P0030,5.0,1375.0,Завершен
IN67870,2018-04-28,CL00023,Подольск,136509,P0011,1.0,275.0,Завершен
IN23014,2018-04-28,CL00362,Красногорск,102128,P0051,5.0,1875.0,Завершен
IN28087,2018-04-29,CL00089,Москва,113970,P0090,2.0,750.0,Завершен
IN63648,2018-04-29,CL01171,Подольск,132778,P0094,5.0,1875.0,Завершен
IN77653,2018-04-29,CL00296,Люберцы,102733,P0001,2.0,550.0,Завершен
IN13901,2018-04-29,CL00436,Реутов,172070,P0099,5.0,1875.0,Завершен
IN11303,2018-04-29,CL00327,Реутов,143054,P0050,2.0,550.0,Завершен
IN19120,2018-04-29,CL00142,Красногорск,170236,P0096,3.0,1125.0,Завершен
IN67952,2018-04-30,CL00314,Королёв,196851,P0048,5.0,1375.0,Завершен
IN95033,2018-04-30,CL00803,Химки,127125,P0113,3.0,1125.0,Завершен
IN49522,2018-04-30,CL00235,Москва,139893,P0090,2.0,750.0,Завершен
IN53842,2018-04-30,CL00721,Красногорск,173899,P0068,0.5,187.5,Отказ
IN26515,2018-04-30,CL00603,Реутов,178372,P0064,2.0,750.0,Завершен
IN47214,2018-04-30,CL00971,Подольск,133425,P0105,2.5,937.5,Завершен
IN82323,2018-04-30,CL00962,Красногорск,113432,P0116,1.0,375.0,Отказ
IN93320,2018-04-30,CL00465,Королёв,170592,P0021,1.5,412.5,Завершен
IN54430,2018-05-01,CL00061,Красногорск,153964,P0094,3.0,1125.0,Отказ
IN86230,2018-05-01,CL01181,Реутов,101170,P0118,1.0,375.0,Завершен
IN92279,2018-05-01,CL01155,Москва,124716,P0091,2.5,937.5,Завершен
IN88059,2018-05-01,CL00433,Подольск,195355,P0038,3.0,825.0,Завершен
IN47294,2018-05-01,CL00620,Королёв,153090,P0068,1.0,375.0,Завершен
IN85073,2018-05-01,CL00061,Красногорск,153964,P0055,3.0,1125.0,Завершен
IN59501,2018-05-01,CL00085,Люберцы,126100,P0063,3.0,1125.0,Завершен
IN23792,2018-05-01,CL00012,Королёв,159177,P0111,2.5,937.5,Завершен
IN74165,2018-05-02,CL00596,Химки,136739,P0045,3.0,825.0,Завершен
IN31344,2018-05-02,CL00440,Москва,117961,P0026,3.0,825.0,Завершен
IN73539,2018-05-02,CL00177,Красногорск,152976,P0004,1.0,275.0,Завершен
IN77264,2018-05-02,CL00995,Мытищи,176756,P0116,3.0,1125.0,Завершен
IN37871,2018-05-02,CL00414,Москва,175598,P0070,5.0,1875.0,Завершен
IN30557,2018-05-02,CL00446,Красногорск,154596,P0064,2.0,750.0,Завершен
IN25566,2018-05-02,CL00034,Москва,110500,P0047,2.5,687.5,Завершен
IN24461,2018-05-02,CL00260,Подольск,182978,P0038,2.5,687.5,Завершен
IN68973,2018-05-03,CL00319,Королёв,179928,P0039,3.0,825.0,Завершен
IN52626,2018-05-03,CL01095,Красногорск,146281,P0099,3.0,1125.0,Завершен
IN97097,2018-05-03,CL00879,Москва,182141,P0039,0.5,137.5,Завершен
IN40516,2018-05-03,CL00745,Мытищи,118322,P0101,2.5,937.5,Завершен
IN16005,2018-05-03,CL01084,Химки,196590,P0117,2.0,750.0,Завершен
IN46356,2018-05-03,CL00873,Москва,135851,P0037,3.0,825.0,Завершен
IN31707,2018-05-03,CL00934,Красногорск,129218,P0086,3.0,1125.0,Отказ
IN92589,2018-05-03,CL00462,Реутов,119198,P0049,3.0,825.0,Отказ
IN50481,2018-05-03,CL00010,Химки,198994,P0033,5.0,1375.0,Завершен
IN94399,2018-05-03,CL00508,Реутов,189486,P0003,2.5,687.5,Завершен
IN21747,2018-05-04,CL00160,Люберцы,137762,P0118,1.0,375.0,Завершен
IN63382,2018-05-04,CL01015,Химки,183995,P0088,1.0,375.0,Завершен
IN90540,2018-05-04,CL01089,Мытищи,144560,P0077,3.0,1125.0,Завершен
IN17667,2018-05-04,CL00520,Красногорск,188150,P0080,1.5,562.5,Завершен
IN58929,2018-05-05,CL00145,Химки,139618,P0025,5.0,1375.0,Завершен
IN42133,2018-05-05,CL00918,Королёв,134290,P0118,2.5,937.5,Завершен
IN82764,2018-05-05,CL00809,Королёв,135200,P0015,2.5,687.5,Завершен
IN70902,2018-05-05,CL00417,Люберцы,189783,P0115,2.0,750.0,Отказ
IN95597,2018-05-05,CL00572,Мытищи,180460,P0025,5.0,1375.0,Завершен
IN73201,2018-05-05,CL00694,Красногорск,122645,P0022,1.0,275.0,Отказ
IN99128,2018-05-05,CL01153,Королёв,162530,P0032,1.5,412.5,Завершен
IN92864,2018-05-05,CL00180,Химки,117172,P0079,2.0,750.0,Завершен
IN76889,2018-05-05,CL00125,Реутов,113833,P0023,1.0,275.0,Завершен
IN80004,2018-05-05,CL00827,Москва,143449,P0093,1.5,562.5,Отказ
IN21759,2018-05-05,CL00598,Подольск,172102,P0040,2.5,687.5,Отказ
IN28304,2018-05-05,CL00286,Химки,114918,P0048,2.0,550.0,Завершен
IN46629,2018-05-05,CL00425,Люберцы,180658,P0081,3.0,1125.0,Завершен
IN76167,2018-05-05,CL00639,Реутов,154477,P0022,2.0,550.0,Завершен
IN99404,2018-05-05,CL00500,Мытищи,158390,P0119,5.0,1875.0,Завершен
IN69338,2018-05-05,CL00171,Королёв,157963,P0102,1.5,562.5,Завершен
IN52157,2018-05-05,CL00630,Люберцы,177354,P0013,1.5,412.5,Завершен
IN88579,2018-05-05,CL01002,Красногорск,101461,P0001,1.5,412.5,Завершен
IN27527,2018-05-05,CL00387,Королёв,175225,P0002,1.5,412.5,Отказ
IN89794,2018-05-05,CL00323,Люберцы,186057,P0049,3.0,825.0,Завершен
IN12592,2018-05-06,CL00082,Королёв,196463,P0027,2.0,550.0,Отказ
IN56900,2018-05-06,CL00070,Люберцы,178193,P0048,5.0,1375.0,Завершен
IN90405,2018-05-06,CL01172,Москва,193674,P0094,1.0,375.0,Отказ
IN38986,2018-05-06,CL00925,Королёв,109812,P0011,3.0,825.0,Завершен
IN57579,2018-05-06,CL01160,Реутов,108973,P0008,1.0,275.0,Завершен
IN89433,2018-05-06,CL00375,Люберцы,195300,P0048,0.5,137.5,Завершен
IN44029,2018-05-07,CL00117,Химки,133586,P0091,3.0,1125.0,Отказ
IN78561,2018-05-07,CL00774,Москва,176888,P0017,2.5,687.5,Завершен
IN19757,2018-05-08,CL00698,Реутов,110803,P0109,3.0,1125.0,Завершен
IN53152,2018-05-08,CL00515,Химки,113224,P0012,1.0,275.0,Завершен
IN91958,2018-05-08,CL00853,Люберцы,193204,P0076,1.5,562.5,Отказ
IN66616,2018-05-08,CL00037,Москва,154948,P0061,0.5,187.5,Отказ
IN92090,2018-05-08,CL00985,Королёв,185397,P0120,5.0,1875.0,Отказ
IN42394,2018-05-08,CL00870,Реутов,159974,P0087,1.5,562.5,Завершен
IN54669,2018-05-08,CL00642,Люберцы,159942,P0001,0.5,137.5,Завершен
IN53724,2018-05-08,CL01104,Москва,170972,P0013,5.0,1375.0,Отказ
IN19556,2018-05-08,CL00628,Реутов,176939,P0056,2.5,937.5,Завершен
IN40554,2018-05-09,CL00257,Королёв,155872,P0119,2.5,937.5,Завершен
IN96471,2018-05-09,CL01006,Подольск,180856,P0085,5.0,1875.0,Завершен
IN60321,2018-05-09,CL00249,Люберцы,118964,P0099,2.5,937.5,Отказ
IN91292,2018-05-09,CL00590,Химки,117758,P0070,2.0,750.0,Завершен
IN29321,2018-05-10,CL01189,Королёв,173272,P0065,2.5,937.5,Завершен
IN54944,2018-05-10,CL00720,Красногорск,159866,P0089,2.0,750.0,Завершен
IN11059,2018-05-10,CL00848,Люберцы,149345,P0025,1.5,412.5,Завершен
IN98906,2018-05-10,CL00520,Красногорск,188150,P0008,2.5,687.5,Завершен
IN76467,2018-05-10,CL00593,Люберцы,191133,P0078,1.0,375.0,Отказ
IN17157,2018-05-10,CL00106,Москва,187670,P0059,5.0,1875.0,Завершен
IN36263,2018-05-10,CL00272,Москва,178696,P0028,2.0,550.0,Завершен
IN18965,2018-05-10,CL01162,Королёв,181625,P0014,3.0,825.0,Завершен
IN72354,2018-05-10,CL00713,Москва,161835,P0083,1.5,562.5,Завершен
IN71263,2018-05-10,CL00842,Красногорск,133903,P0049,3.0,825.0,Завершен
IN28664,2018-05-11,CL00765,Химки,196607,P0055,0.5,187.5,Завершен
IN92750,2018-05-11,CL00014,Химки,100942,P0042,1.5,412.5,Завершен
IN57174,2018-05-11,CL00251,Подольск,131186,P0018,2.5,687.5,Завершен
IN36099,2018-05-11,CL00524,Реутов,141777,P0045,0.5,137.5,Завершен
IN38697,2018-05-11,CL00837,Подольск,126309,P0083,1.0,375.0,Завершен
IN54540,2018-05-11,CL01187,Королёв,102798,P0069,1.5,562.5,Завершен
IN33401,2018-05-11,CL00356,Мытищи,165513,P0061,5.0,1875.0,Завершен
IN44313,2018-05-11,CL00477,Красногорск,184058,P0037,1.0,275.0,Отказ
IN98795,2018-05-11,CL00649,Красногорск,179988,P0082,0.5,187.5,Отказ
IN24544,2018-05-11,CL00088,Реутов,131979,P0060,1.0,375.0,Завершен
IN90744,2018-05-12,CL00755,Люберцы,119481,P0052,1.0,375.0,Завершен
IN80184,2018-05-12,CL00363,Мытищи,196068,P0100,2.5,937.5,Завершен
IN52949,2018-05-12,CL00965,Красногорск,107051,P0075,1.5,562.5,Завершен
IN46709,2018-05-12,CL00703,Королёв,107212,P0109,1.0,375.0,Отказ
IN76619,2018-05-12,CL00913,Подольск,191248,P0066,5.0,1875.0,Завершен
IN37425,2018-05-12,CL00494,Реутов,161712,P0019,2.5,687.5,Завершен
IN71691,2018-05-12,CL00133,Люберцы,191905,P0003,3.0,825.0,Отказ
IN91412,2018-05-13,CL00637,Красногорск,163518,P0044,0.5,137.5,Завершен
IN71282,2018-05-13,CL00704,Подольск,192785,P0045,1.5,412.5,Завершен
IN75213,2018-05-13,CL00695,Мытищи,108851,P0116,2.0,750.0,Завершен
IN13239,2018-05-13,CL00620,Королёв,153090,P0085,1.5,562.5,Завершен
IN44815,2018-05-13,CL00202,Красногорск,199536,P0035,1.0,275.0,Завершен
IN20802,2018-05-13,CL00532,Мытищи,199837,P0008,3.0,825.0,Отказ
IN77212,2018-05-13,CL00715,Реутов,132540,P0006,1.5,412.5,Завершен
IN46231,2018-05-13,CL00130,Королёв,160910,P0043,2.5,687.5,Завершен
IN19351,2018-05-13,CL00060,Подольск,103248,P0111,1.0,375.0,Отказ
IN36254,2018-05-13,CL00404,Королёв,167811,P0005,1.5,412.5,Отказ
IN11268,2018-05-14,CL00336,Королёв,198617,P0094,5.0,1875.0,Завершен
IN56486,2018-05-14,CL00788,Мытищи,114160,P0011,2.0,550.0,Завершен
IN65799,2018-05-14,CL00281,Реутов,120631,P0073,1.5,562.5,Завершен
IN80464,2018-05-14,CL00520,Красногорск,188150,P0097,3.0,1125.0,Завершен
IN13046,2018-05-14,CL00202,Красногорск,199536,P0090,1.5,562.5,Завершен
IN28236,2018-05-14,CL00078,Реутов,122810,P0080,2.5,937.5,Завершен
IN36083,2018-05-15,CL00064,Химки,160332,P0117,2.0,750.0,Отказ
IN60579,2018-05-15,CL00774,Москва,176888,P0022,0.5,137.5,Завершен
IN48155,2018-05-15,CL00370,Люберцы,184790,P0056,1.5,562.5,Завершен
IN69593,2018-05-15,CL01068,Подольск,172733,P0108,3.0,1125.0,Завершен
IN28702,2018-05-16,CL00625,Мытищи,170371,P0059,1.0,375.0,Отказ
IN62328,2018-05-16,CL00991,Мытищи,133018,P0003,2.0,550.0,Отказ
IN78925,2018-05-16,CL00501,Королёв,154450,P0094,2.5,937.5,Завершен
IN74350,2018-05-16,CL00488,Люберцы,190802,P0013,1.5,412.5,Завершен
IN15122,2018-05-16,CL00629,Красногорск,160012,P0074,2.0,750.0,Завершен
IN94711,2018-05-16,CL00602,Люберцы,193747,P0109,3.0,1125.0,Отказ
IN20031,2018-05-17,CL00792,Химки,109661,P0008,0.5,137.5,Завершен
IN52731,2018-05-17,CL00129,Красногорск,111359,P0119,5.0,1875.0,Завершен
IN43130,2018-05-17,CL00447,Москва,134803,P0090,2.0,750.0,Завершен
IN70577,2018-05-17,CL00480,Королёв,194188,P0120,1.0,375.0,Завершен
IN98555,2018-05-17,CL00684,Химки,113168,P0065,0.5,187.5,Отказ
IN55043,2018-05-17,CL01064,Красногорск,113970,P0001,3.0,825.0,Завершен
IN35480,2018-05-17,CL00614,Химки,145652,P0093,3.0,1125.0,Завершен
IN42847,2018-05-17,CL00041,Москва,173792,P0107,2.0,750.0,Отказ
IN23473,2018-05-18,CL00008,Подольск,172063,P0009,3.0,825.0,Завершен
IN68194,2018-05-18,CL00495,Химки,178094,P0041,2.0,550.0,Завершен
IN16378,2018-05-18,CL00859,Королёв,188063,P0034,0.5,137.5,Завершен
IN36442,2018-05-18,CL01021,Мытищи,166476,P0058,5.0,1875.0,Завершен
IN41265,2018-05-18,CL01079,Королёв,186099,P0065,1.0,375.0,Завершен
IN65270,2018-05-18,CL00028,Москва,100282,P0011,1.0,275.0,Отказ
IN54186,2018-05-18,CL00224,Реутов,117322,P0062,0.5,187.5,Завершен
IN95189,2018-05-19,CL00417,Люберцы,189783,P0006,3.0,825.0,Завершен
IN18825,2018-05-19,CL01061,Мытищи,171267,P0052,2.5,937.5,Завершен
IN88494,2018-05-19,CL01053,Мытищи,168512,P0087,1.0,375.0,Завершен
IN23344,2018-05-19,CL00783,Москва,141709,P0075,2.0,750.0,Завершен
IN84606,2018-05-19,CL00878,Москва,199201,P0080,3.0,1125.0,Завершен
IN22418,2018-05-19,CL00667,Мытищи,120707,P0109,1.0,375.0,Завершен
IN41203,2018-05-20,CL00002,Люберцы,199871,P0043,1.0,275.0,Завершен
IN68160,2018-05-20,CL01194,Реутов,102453,P0056,3.0,1125.0,Завершен
IN27598,2018-05-20,CL00435,Химки,137827,P0099,3.0,1125.0,Завершен
IN15191,2018-05-20,CL00185,Мытищи,120181,P0059,1.5,562.5,Завершен
IN64380,2018-05-20,CL00958,Мытищи,119048,P0007,2.5,687.5,Завершен
IN13105,2018-05-20,CL00425,Люберцы,180658,P0041,3.0,825.0,Завершен
IN39156,2018-05-21,CL00368,Химки,141365,P0053,1.0,375.0,Завершен
IN78350,2018-05-21,CL00212,Москва,160981,P0077,2.5,937.5,Завершен
IN92546,2018-05-21,CL00429,Москва,151543,P0067,1.5,562.5,Завершен
IN74440,2018-05-21,CL00471,Химки,137649,P0108,0.5,187.5,Отказ
IN16829,2018-05-21,CL00766,Химки,150911,P0106,0.5,187.5,Завершен
IN36767,2018-05-21,CL01060,Реутов,162539,P0010,3.0,825.0,Завершен
IN87677,2018-05-21,CL00232,Химки,181205,P0117,1.0,375.0,Отказ
IN36787,2018-05-21,CL00917,Королёв,114802,P0056,2.5,937.5,Завершен
IN73176,2018-05-22,CL00814,Люберцы,193625,P0039,5.0,1375.0,Завершен
IN66019,2018-05-22,CL00891,Москва,154627,P0052,0.5,187.5,Завершен
IN49351,2018-05-22,CL00077,Люберцы,125144,P0105,5.0,1875.0,Отказ
IN82463,2018-05-22,CL00840,Мытищи,131711,P0054,2.5,937.5,Завершен
IN59866,2018-05-22,CL00623,Реутов,192371,P0066,3.0,1125.0,Завершен
IN74166,2018-05-23,CL00560,Мытищи,149436,P0012,3.0,825.0,Завершен
IN87110,2018-05-23,CL00711,Красногорск,113487,P0061,1.5,562.5,Завершен
IN15089,2018-05-23,CL00945,Королёв,196497,P0047,0.5,137.5,Завершен
IN84135,2018-05-23,CL00492,Химки,117507,P0098,0.5,187.5,Завершен
IN67186,2018-05-23,CL00448,Москва,122349,P0092,1.0,375.0,Завершен
IN55688,2018-05-23,CL00236,Мытищи,170457,P0085,1.5,562.5,Завершен
IN93228,2018-05-23,CL00691,Королёв,131599,P0045,2.5,687.5,Завершен
IN17563,2018-05-23,CL00029,Люберцы,159638,P0109,3.0,1125.0,Завершен
IN65579,2018-05-23,CL00337,Химки,140562,P0101,3.0,1125.0,Завершен
IN65436,2018-05-24,CL01172,Москва,193674,P0098,2.5,937.5,Завершен
IN43144,2018-05-24,CL00843,Люберцы,106507,P0118,1.0,375.0,Завершен
IN79887,2018-05-24,CL00566,Москва,141220,P0058,3.0,1125.0,Завершен
IN86818,2018-05-24,CL00142,Красногорск,170236,P0023,3.0,825.0,Завершен
IN21648,2018-05-24,CL00830,Люберцы,191250,P0007,1.5,412.5,Завершен
IN55140,2018-05-24,CL00335,Королёв,147749,P0069,0.5,187.5,Завершен
IN37462,2018-05-24,CL00596,Химки,136739,P0061,5.0,1875.0,Завершен
IN50383,2018-05-24,CL00426,Химки,120932,P0072,3.0,1125.0,Завершен
IN33950,2018-05-25,CL00594,Королёв,152198,P0043,1.0,275.0,Завершен
IN43993,2018-05-25,CL00542,Москва,176550,P0103,5.0,1875.0,Завершен
IN92160,2018-05-25,CL01037,Красногорск,145224,P0112,5.0,1875.0,Завершен
IN93418,2018-05-25,CL00655,Люберцы,116631,P0008,2.5,687.5,Завершен
IN21233,2018-05-25,CL00085,Люберцы,126100,P0034,1.0,275.0,Отказ
IN18423,2018-05-25,CL00823,Мытищи,113237,P0036,2.0,550.0,Завершен
IN40773,2018-05-25,CL00900,Красногорск,101671,P0040,1.5,412.5,Отказ
IN23213,2018-05-25,CL00678,Мытищи,113425,P0037,2.0,550.0,Завершен
IN99939,2018-05-26,CL00590,Химки,117758,P0070,1.5,562.5,Завершен
IN77490,2018-05-26,CL00664,Красногорск,144270,P0009,3.0,825.0,Завершен
IN10410,2018-05-26,CL00151,Мытищи,109710,P0010,2.0,550.0,Завершен
IN52229,2018-05-26,CL01043,Химки,184837,P0108,3.0,1125.0,Завершен
IN15997,2018-05-26,CL00235,Москва,139893,P0046,0.5,137.5,Завершен
IN98857,2018-05-26,CL00243,Мытищи,159600,P0074,5.0,1875.0,Завершен
IN73509,2018-05-26,CL00350,Подольск,137601,P0090,2.0,750.0,Завершен
IN20665,2018-05-26,CL01117,Реутов,123578,P0069,2.0,750.0,Завершен
IN72406,2018-05-26,CL00433,Подольск,195355,P0064,1.5,562.5,Завершен
IN38885,2018-05-27,CL00560,Мытищи,149436,P0094,2.0,750.0,Завершен
IN72429,2018-05-27,CL00977,Реутов,152876,P0040,3.0,825.0,Завершен
IN27793,2018-05-27,CL00194,Реутов,153841,P0007,3.0,825.0,Завершен
IN74482,2018-05-27,CL00148,Мытищи,175243,P0008,2.5,687.5,Завершен
IN53620,2018-05-27,CL00630,Люберцы,177354,P0039,0.5,137.5,Завершен
IN85493,2018-05-27,CL00656,Химки,142217,P0077,5.0,1875.0,Завершен
IN51074,2018-05-28,CL00971,Подольск,133425,P0113,1.5,562.5,Завершен
IN10220,2018-05-28,CL01169,Мытищи,119148,P0111,2.0,750.0,Завершен
IN80202,2018-05-28,CL00161,Королёв,130595,P0114,1.5,562.5,Отказ
IN65535,2018-05-28,CL00001,Люберцы,159470,P0049,1.0,275.0,Завершен
IN99037,2018-05-28,CL00023,Подольск,136509,P0095,1.5,562.5,Завершен
IN96998,2018-05-28,CL01047,Москва,195417,P0119,5.0,1875.0,Завершен
IN23970,2018-05-28,CL01186,Подольск,141515,P0031,2.5,687.5,Завершен
IN33464,2018-05-29,CL01179,Мытищи,156906,P0068,3.0,1125.0,Завершен
IN61355,2018-05-29,CL00888,Мытищи,185267,P0114,5.0,1875.0,Завершен
IN96409,2018-05-29,CL00131,Красногорск,142600,P0084,1.5,562.5,Завершен
IN12826,2018-05-29,CL00887,Химки,177292,P0060,5.0,1875.0,Завершен
IN65369,2018-05-29,CL00258,Королёв,158138,P0029,2.5,687.5,Завершен
IN55653,2018-05-29,CL00359,Подольск,111221,P0039,3.0,825.0,Завершен
IN19414,2018-05-29,CL00038,Люберцы,193872,P0119,5.0,1875.0,Завершен
IN47010,2018-05-29,CL00641,Химки,136025,P0010,2.5,687.5,Завершен
IN81828,2018-05-29,CL00867,Королёв,165598,P0119,3.0,1125.0,Завершен
IN52391,2018-05-29,CL00985,Королёв,185397,P0010,2.0,550.0,Отказ
IN17094,2018-05-29,CL00520,Красногорск,188150,P0018,5.0,1375.0,Завершен
IN65982,2018-05-30,CL00502,Москва,188181,P0117,2.0,750.0,Завершен
IN17383,2018-05-30,CL00018,Химки,153354,P0055,3.0,1125.0,Завершен
IN74045,2018-05-31,CL00350,Подольск,137601,P0105,0.5,187.5,Завершен
IN32608,2018-05-31,CL00112,Люберцы,155255,P0092,1.5,562.5,Завершен
IN97914,2018-05-31,CL01035,Реутов,147880,P0056,3.0,1125.0,Завершен
IN70774,2018-05-31,CL00212,Москва,160981,P0107,3.0,1125.0,Отказ
IN60082,2018-05-31,CL00268,Мытищи,111188,P0021,5.0,1375.0,Завершен
IN60326,2018-06-01,CL00757,Королёв,136670,P0016,5.0,1375.0,Завершен
IN66840,2018-06-01,CL00998,Люберцы,157367,P0096,2.0,750.0,Завершен
IN23033,2018-06-01,CL01076,Мытищи,194960,P0052,1.5,562.5,Завершен
IN80452,2018-06-01,CL00540,Красногорск,148589,P0026,1.5,412.5,Отказ
IN12588,2018-06-01,CL01085,Мытищи,195176,P0056,1.0,375.0,Завершен
IN80309,2018-06-01,CL00092,Подольск,187500,P0023,2.0,550.0,Завершен
IN74036,2018-06-01,CL00897,Химки,134471,P0074,5.0,1875.0,Завершен
IN86640,2018-06-01,CL01179,Мытищи,156906,P0070,0.5,187.5,Завершен
IN81359,2018-06-02,CL00993,Королёв,156757,P0040,1.5,412.5,Завершен
IN96266,2018-06-02,CL00667,Мытищи,120707,P0031,1.0,275.0,Завершен
IN16051,2018-06-02,CL00185,Мытищи,120181,P0064,0.5,187.5,Завершен
IN48456,2018-06-02,CL00159,Подольск,159048,P0093,2.5,937.5,Завершен
IN28331,2018-06-02,CL01160,Реутов,108973,P0047,3.0,825.0,Завершен
IN62436,2018-06-03,CL00458,Люберцы,139008,P0043,3.0,825.0,Завершен
IN43315,2018-06-03,CL00186,Люберцы,135838,P0017,2.0,550.0,Отказ
IN28775,2018-06-03,CL00964,Москва,150797,P0112,3.0,1125.0,Завершен
IN81875,2018-06-04,CL01200,Москва,163618,P0062,2.5,937.5,Завершен
IN93909,2018-06-04,CL00398,Подольск,164752,P0010,2.0,550.0,Отказ
IN61060,2018-06-05,CL00904,Королёв,138800,P0035,1.0,275.0,Завершен
IN98842,2018-06-05,CL00523,Реутов,106145,P0011,1.0,275.0,Завершен
IN87937,2018-06-05,CL01194,Реутов,102453,P0108,5.0,1875.0,Завершен
IN87635,2018-06-05,CL00612,Люберцы,111253,P0111,5.0,1875.0,Завершен
IN77314,2018-06-05,CL00909,Красногорск,157372,P0095,1.0,375.0,Завершен
IN26563,2018-06-05,CL01049,Королёв,153840,P0080,3.0,1125.0,Завершен
IN45044,2018-06-05,CL00947,Подольск,116827,P0059,1.0,375.0,Завершен
IN47594,2018-06-06,CL00991,Мытищи,133018,P0029,5.0,1375.0,Завершен
IN78235,2018-06-06,CL00886,Реутов,129402,P0090,1.5,562.5,Завершен
IN39984,2018-06-06,CL00012,Королёв,159177,P0102,3.0,1125.0,Завершен
IN21395,2018-06-06,CL00229,Мытищи,101824,P0104,1.5,562.5,Завершен
IN79220,2018-06-07,CL00051,Реутов,105778,P0003,5.0,1375.0,Завершен
IN89609,2018-06-07,CL01200,Москва,163618,P0062,3.0,1125.0,Завершен
IN98410,2018-06-07,CL00714,Реутов,123456,P0001,2.0,550.0,Завершен
IN73998,2018-06-08,CL00130,Королёв,160910,P0118,2.0,750.0,Завершен
IN90678,2018-06-08,CL00059,Подольск,131029,P0002,0.5,137.5,Завершен
IN56385,2018-06-08,CL00800,Реутов,164349,P0025,2.0,550.0,Завершен
IN34400,2018-06-08,CL00963,Реутов,191242,P0119,0.5,187.5,Отказ
IN23282,2018-06-08,CL00665,Королёв,189463,P0018,2.0,550.0,Завершен
IN21107,2018-06-08,CL00773,Подольск,123260,P0037,2.0,550.0,Завершен
IN10761,2018-06-09,CL00025,Мытищи,170855,P0084,1.5,562.5,Завершен
IN36013,2018-06-09,CL00414,Москва,175598,P0047,1.5,412.5,Завершен
IN15276,2018-06-09,CL00136,Королёв,164332,P0005,0.5,137.5,Завершен
IN53412,2018-06-09,CL00960,Люберцы,119192,P0087,1.0,375.0,Завершен
IN36082,2018-06-09,CL00290,Люберцы,115726,P0018,0.5,137.5,Завершен
IN44838,2018-06-09,CL00269,Реутов,196835,P0105,2.0,750.0,Завершен
IN24139,2018-06-10,CL00866,Королёв,183151,P0066,1.0,375.0,Завершен
IN30387,2018-06-10,CL01179,Мытищи,156906,P0033,5.0,1375.0,Отказ
IN42421,2018-06-11,CL00557,Красногорск,152022,P0110,5.0,1875.0,Завершен
IN36006,2018-06-11,CL00229,Мытищи,101824,P0079,3.0,1125.0,Завершен
IN23508,2018-06-11,CL00359,Подольск,111221,P0033,2.0,550.0,Завершен
IN90098,2018-06-11,CL00413,Москва,103718,P0092,3.0,1125.0,Завершен
IN10070,2018-06-12,CL00969,Подольск,196348,P0074,0.5,187.5,Завершен
IN52157,2018-06-12,CL00906,Люберцы,188705,P0085,0.5,187.5,Завершен
IN46721,2018-06-12,CL00672,Москва,140043,P0071,1.0,375.0,Завершен
IN34227,2018-06-12,CL00702,Москва,156948,P0044,2.5,687.5,Завершен
IN57655,2018-06-12,CL00735,Красногорск,130619,P0019,1.5,412.5,Завершен
IN22699,2018-06-12,CL00568,Мытищи,173919,P0095,1.5,562.5,Завершен
IN82321,2018-06-12,CL01165,Люберцы,157464,P0095,3.0,1125.0,Отказ
IN72154,2018-06-13,CL00206,Москва,107355,P0014,2.5,687.5,Завершен
IN30142,2018-06-13,CL00786,Мытищи,187821,P0117,5.0,1875.0,Завершен
IN64815,2018-06-13,CL00678,Мытищи,113425,P0008,0.5,137.5,Завершен
IN83445,2018-06-13,CL00459,Химки,164094,P0023,2.5,687.5,Завершен
IN68783,2018-06-13,CL01180,Москва,136188,P0002,1.5,412.5,Завершен
IN67163,2018-06-13,CL01093,Москва,133792,P0028,3.0,825.0,Завершен
IN78650,2018-06-13,CL00008,Подольск,172063,P0091,0.5,187.5,Завершен
IN31880,2018-06-13,CL00431,Москва,178317,P0046,2.5,687.5,Завершен
IN26899,2018-06-13,CL00048,Люберцы,127607,P0028,2.5,687.5,Завершен
IN84209,2018-06-13,CL00390,Королёв,173619,P0060,1.5,562.5,Отказ
IN34928,2018-06-13,CL00274,Подольск,129392,P0032,0.5,137.5,Завершен
IN84959,2018-06-14,CL00790,Подольск,164629,P0008,1.0,275.0,Отказ
IN11161,2018-06-14,CL00676,Москва,115806,P0036,1.0,275.0,Завершен
IN76036,2018-06-14,CL01126,Королёв,134048,P0081,5.0,1875.0,Завершен
IN43925,2018-06-14,CL01188,Красногорск,132859,P0027,3.0,825.0,Завершен
IN48844,2018-06-14,CL00507,Реутов,150132,P0105,1.5,562.5,Завершен
IN25611,2018-06-14,CL00691,Королёв,131599,P0078,3.0,1125.0,Завершен
IN79935,2018-06-14,CL00874,Подольск,120766,P0037,1.0,275.0,Завершен
IN93835,2018-06-14,CL00497,Мытищи,171781,P0059,1.0,375.0,Завершен
IN46406,2018-06-14,CL00704,Подольск,192785,P0119,1.0,375.0,Завершен
IN56593,2018-06-15,CL00408,Химки,168012,P0089,3.0,1125.0,Завершен
IN46659,2018-06-15,CL01186,Подольск,141515,P0078,1.0,375.0,Завершен
IN12049,2018-06-15,CL00377,Красногорск,142981,P0013,1.0,275.0,Завершен
IN86449,2018-06-15,CL01184,Красногорск,199557,P0012,2.5,687.5,Завершен
IN61668,2018-06-16,CL00966,Люберцы,158073,P0114,1.0,375.0,Завершен
IN19103,2018-06-16,CL00287,Реутов,188895,P0119,3.0,1125.0,Завершен
IN11545,2018-06-17,CL00860,Люберцы,186194,P0071,3.0,1125.0,Завершен
IN60330,2018-06-17,CL01046,Москва,123597,P0018,2.5,687.5,Отказ
IN11776,2018-06-17,CL01185,Москва,120174,P0086,0.5,187.5,Завершен
IN15733,2018-06-17,CL00368,Химки,141365,P0029,5.0,1375.0,Завершен
IN39401,2018-06-18,CL00349,Мытищи,185191,P0057,1.0,375.0,Отказ
IN60512,2018-06-18,CL00686,Реутов,118327,P0002,0.5,137.5,Завершен
IN47597,2018-06-18,CL00111,Химки,144236,P0013,1.0,275.0,Завершен
IN99707,2018-06-18,CL00493,Подольск,179395,P0067,1.0,375.0,Завершен
IN24733,2018-06-18,CL01104,Москва,170972,P0035,2.0,550.0,Завершен
IN24435,2018-06-18,CL00691,Королёв,131599,P0044,2.0,550.0,Завершен
IN46937,2018-06-18,CL00458,Люберцы,139008,P0089,1.0,375.0,Завершен
IN53741,2018-06-18,CL00345,Мытищи,129102,P0089,1.5,562.5,Отказ
IN96734,2018-06-19,CL01040,Химки,120625,P0010,1.5,412.5,Завершен
IN20009,2018-06-19,CL00515,Химки,113224,P0010,1.5,412.5,Завершен
IN29482,2018-06-19,CL00422,Подольск,167499,P0011,5.0,1375.0,Отказ
IN51976,2018-06-19,CL00118,Подольск,198032,P0077,5.0,1875.0,Завершен
IN72709,2018-06-19,CL00546,Королёв,146160,P0068,1.0,375.0,Завершен
IN79792,2018-06-20,CL00016,Мытищи,136500,P0034,2.5,687.5,Завершен
IN60413,2018-06-20,CL00343,Люберцы,121012,P0022,2.5,687.5,Завершен
IN65291,2018-06-20,CL00296,Люберцы,102733,P0105,0.5,187.5,Завершен
IN38748,2018-06-20,CL00190,Люберцы,137072,P0033,2.5,687.5,Завершен
IN57409,2018-06-20,CL00188,Подольск,178561,P0027,3.0,825.0,Отказ
IN12248,2018-06-20,CL00038,Люберцы,193872,P0116,0.5,187.5,Завершен
IN27510,2018-06-20,CL00019,Мытищи,156498,P0034,1.5,412.5,Завершен
IN55789,2018-06-20,CL00240,Красногорск,158287,P0070,0.5,187.5,Отказ
IN71573,2018-06-21,CL00430,Химки,146254,P0075,1.0,375.0,Завершен
IN79133,2018-06-21,CL00066,Москва,152227,P0012,3.0,825.0,Завершен
IN71628,2018-06-21,CL00321,Реутов,188984,P0093,3.0,1125.0,Завершен
IN68192,2018-06-21,CL00593,Люберцы,191133,P0068,2.0,750.0,Завершен
IN45628,2018-06-22,CL00455,Красногорск,160249,P0052,2.0,750.0,Завершен
IN26401,2018-06-22,CL00665,Королёв,189463,P0028,0.5,137.5,Завершен
IN91139,2018-06-22,CL00779,Красногорск,173659,P0082,3.0,1125.0,Завершен
IN34077,2018-06-22,CL00448,Москва,122349,P0074,0.5,187.5,Завершен
IN83307,2018-06-22,CL00397,Красногорск,115907,P0007,5.0,1375.0,Завершен
IN71398,2018-06-22,CL00122,Мытищи,139529,P0004,2.5,687.5,Завершен
IN94133,2018-06-22,CL00597,Красногорск,173905,P0064,2.0,750.0,Завершен
IN21146,2018-06-23,CL00273,Красногорск,166507,P0002,0.5,137.5,Завершен
IN83890,2018-06-23,CL00775,Мытищи,147826,P0001,2.5,687.5,Завершен
IN16297,2018-06-23,CL01090,Люберцы,175352,P0104,5.0,1875.0,Завершен
IN60084,2018-06-24,CL00376,Мытищи,123652,P0040,0.5,137.5,Завершен
IN14903,2018-06-24,CL00956,Королёв,187445,P0082,2.0,750.0,Завершен
IN99440,2018-06-24,CL01178,Химки,106827,P0109,1.5,562.5,Завершен
IN92044,2018-06-24,CL00257,Королёв,155872,P0021,2.0,550.0,Отказ
IN40352,2018-06-24,CL00890,Москва,185664,P0036,0.5,137.5,Завершен
IN95749,2018-06-24,CL00114,Красногорск,108993,P0030,1.0,275.0,Завершен
IN54436,2018-06-25,CL00193,Королёв,124727,P0021,2.0,550.0,Завершен
IN66479,2018-06-25,CL00463,Москва,193603,P0041,1.5,412.5,Завершен
IN99505,2018-06-25,CL00488,Люберцы,190802,P0103,0.5,187.5,Завершен
IN90004,2018-06-25,CL01037,Красногорск,145224,P0103,2.0,750.0,Завершен
IN67939,2018-06-26,CL00416,Королёв,171509,P0064,2.0,750.0,Завершен
IN26248,2018-06-26,CL00503,Москва,100395,P0026,3.0,825.0,Завершен
IN57641,2018-06-26,CL01005,Химки,184663,P0055,2.5,937.5,Завершен
IN63612,2018-06-26,CL01186,Подольск,141515,P0033,5.0,1375.0,Завершен
IN99205,2018-06-26,CL00543,Люберцы,143236,P0009,5.0,1375.0,Завершен
IN77171,2018-06-26,CL00208,Реутов,123600,P0052,1.0,375.0,Завершен
IN94211,2018-06-27,CL00511,Москва,160686,P0037,1.5,412.5,Завершен
IN70929,2018-06-27,CL01031,Химки,127102,P0081,2.5,937.5,Завершен
IN24201,2018-06-27,CL01088,Люберцы,166353,P0061,0.5,187.5,Отказ
IN36145,2018-06-27,CL00175,Реутов,137777,P0082,2.0,750.0,Завершен
IN51587,2018-06-27,CL00640,Королёв,174107,P0049,2.0,550.0,Завершен
IN73739,2018-06-27,CL00446,Красногорск,154596,P0030,1.5,412.5,Завершен
IN66168,2018-06-28,CL00381,Люберцы,107518,P0119,5.0,1875.0,Отказ
IN48915,2018-06-28,CL00708,Реутов,108371,P0097,1.5,562.5,Завершен
IN64932,2018-06-28,CL01019,Люберцы,118350,P0079,1.0,375.0,Завершен
IN31061,2018-06-28,CL00148,Мытищи,175243,P0092,2.0,750.0,Завершен
IN84752,2018-06-28,CL00757,Королёв,136670,P0116,3.0,1125.0,Завершен
IN85809,2018-06-29,CL01135,Красногорск,138188,P0097,3.0,1125.0,Завершен
IN34596,2018-06-29,CL00701,Люберцы,195677,P0092,0.5,187.5,Отказ
IN31771,2018-06-29,CL00692,Мытищи,101581,P0089,2.0,750.0,Завершен
IN55624,2018-06-29,CL00122,Мытищи,139529,P0014,2.5,687.5,Завершен
IN99080,2018-06-29,CL00012,Королёв,159177,P0036,1.0,275.0,Завершен
IN58530,2018-06-29,CL01187,Королёв,102798,P0033,2.5,687.5,Завершен
IN49576,2018-06-29,CL00977,Реутов,152876,P0075,5.0,1875.0,Завершен
IN93113,2018-06-30,CL00086,Москва,162277,P0096,3.0,1125.0,Завершен
IN23005,2018-06-30,CL00186,Люберцы,135838,P0064,1.5,562.5,Завершен
IN23606,2018-06-30,CL00732,Мытищи,108163,P0008,0.5,137.5,Завершен
IN90774,2018-06-30,CL00473,Москва,122946,P0034,0.5,137.5,Завершен
IN91766,2018-06-30,CL00981,Химки,180439,P0097,2.0,750.0,Завершен
IN68209,2018-06-30,CL00593,Люберцы,191133,P0075,2.5,937.5,Отказ
IN14277,2018-06-30,CL00078,Реутов,122810,P0028,2.5,687.5,Завершен
IN64357,2018-07-01,CL00227,Королёв,118449,P0057,1.5,562.5,Завершен
IN64336,2018-07-01,CL01141,Москва,168679,P0024,3.0,825.0,Завершен
IN30103,2018-07-01,CL01072,Мытищи,152502,P0070,0.5,187.5,Отказ
IN61552,2018-07-02,CL00641,Химки,136025,P0018,1.0,275.0,Завершен
IN85740,2018-07-02,CL00988,Реутов,126945,P0066,5.0,1875.0,Отказ
IN93397,2018-07-02,CL00314,Королёв,196851,P0088,2.0,750.0,Завершен
IN32769,2018-07-02,CL00365,Подольск,189742,P0067,2.0,750.0,Завершен
IN77800,2018-07-02,CL00648,Мытищи,131056,P0093,2.0,750.0,Завершен
IN23051,2018-07-02,CL00136,Королёв,164332,P0013,1.0,275.0,Завершен
IN76093,2018-07-02,CL00517,Химки,152725,P0074,3.0,1125.0,Завершен
IN42145,2018-07-03,CL00846,Москва,117342,P0100,1.5,562.5,Завершен
IN59559,2018-07-03,CL00738,Красногорск,170244,P0092,3.0,1125.0,Завершен
IN16782,2018-07-03,CL01102,Красногорск,113983,P0105,5.0,1875.0,Завершен
IN28844,2018-07-03,CL00624,Химки,192243,P0074,1.5,562.5,Отказ
IN85937,2018-07-03,CL00611,Красногорск,163277,P0045,3.0,825.0,Отказ
IN70178,2018-07-03,CL01049,Королёв,153840,P0076,5.0,1875.0,Завершен
IN33567,2018-07-04,CL00187,Королёв,131946,P0055,2.0,750.0,Завершен
IN33419,2018-07-04,CL00133,Люберцы,191905,P0030,1.5,412.5,Отказ
IN89515,2018-07-04,CL00578,Подольск,141507,P0038,3.0,825.0,Завершен
IN54932,2018-07-04,CL00444,Красногорск,166809,P0055,5.0,1875.0,Отказ
IN90478,2018-07-04,CL00878,Москва,199201,P0026,1.5,412.5,Завершен
IN30760,2018-07-04,CL00044,Красногорск,157433,P0048,2.5,687.5,Завершен
IN25937,2018-07-04,CL00224,Реутов,117322,P0004,2.5,687.5,Завершен
IN80248,2018-07-04,CL00184,Мытищи,114871,P0098,1.0,375.0,Завершен
IN29968,2018-07-04,CL01062,Люберцы,192949,P0082,0.5,187.5,Завершен
IN87015,2018-07-05,CL00711,Красногорск,113487,P0016,2.0,550.0,Завершен
IN36978,2018-07-05,CL00811,Мытищи,170968,P0077,1.5,562.5,Завершен
IN68478,2018-07-05,CL00439,Подольск,166731,P0001,3.0,825.0,Завершен
IN45608,2018-07-05,CL00373,Реутов,150678,P0031,2.0,550.0,Завершен
IN24097,2018-07-05,CL00151,Мытищи,109710,P0005,5.0,1375.0,Завершен
IN36177,2018-07-05,CL01172,Москва,193674,P0045,2.5,687.5,Завершен
IN11428,2018-07-06,CL00303,Красногорск,184599,P0083,0.5,187.5,Отказ
IN51652,2018-07-07,CL00287,Реутов,188895,P0001,3.0,825.0,Завершен
IN35837,2018-07-07,CL01173,Реутов,158059,P0048,5.0,1375.0,Завершен
IN12132,2018-07-08,CL00877,Москва,126137,P0027,0.5,137.5,Завершен
IN64405,2018-07-08,CL00328,Мытищи,155496,P0113,0.5,187.5,Завершен
IN67105,2018-07-09,CL00060,Подольск,103248,P0036,1.5,412.5,Завершен
IN35055,2018-07-09,CL01161,Подольск,183478,P0059,1.0,375.0,Завершен
IN58349,2018-07-09,CL01084,Химки,196590,P0026,3.0,825.0,Завершен
IN26039,2018-07-10,CL00014,Химки,100942,P0033,3.0,825.0,Завершен
IN85744,2018-07-10,CL00050,Люберцы,106658,P0042,2.5,687.5,Завершен
IN46771,2018-07-10,CL01014,Реутов,141053,P0003,2.0,550.0,Завершен
IN73269,2018-07-10,CL00463,Москва,193603,P0064,1.5,562.5,Завершен
IN48828,2018-07-10,CL00857,Реутов,196564,P0079,1.0,375.0,Отказ
IN83205,2018-07-10,CL00387,Королёв,175225,P0009,3.0,825.0,Отказ
IN96439,2018-07-10,CL01172,Москва,193674,P0044,5.0,1375.0,Завершен
IN85660,2018-07-11,CL00103,Реутов,146105,P0067,3.0,1125.0,Завершен
IN70418,2018-07-11,CL00778,Подольск,157261,P0099,3.0,1125.0,Завершен
IN41531,2018-07-11,CL00393,Химки,109706,P0073,0.5,187.5,Завершен
IN34514,2018-07-11,CL00083,Мытищи,187012,P0057,0.5,187.5,Завершен
IN96754,2018-07-11,CL01163,Химки,119942,P0044,1.5,412.5,Отказ
IN44809,2018-07-11,CL00182,Москва,179806,P0004,2.5,687.5,Завершен
IN21018,2018-07-11,CL00844,Химки,184853,P0101,0.5,187.5,Завершен
IN66828,2018-07-12,CL00840,Мытищи,131711,P0041,2.5,687.5,Завершен
IN94717,2018-07-12,CL00848,Люберцы,149345,P0024,0.5,137.5,Завершен
IN41276,2018-07-13,CL00577,Мытищи,120214,P0101,2.0,750.0,Завершен
IN19103,2018-07-13,CL00303,Красногорск,184599,P0080,1.0,375.0,Завершен
IN69666,2018-07-13,CL00834,Красногорск,167537,P0078,1.0,375.0,Завершен
IN97298,2018-07-13,CL00505,Москва,109046,P0027,1.0,275.0,Завершен
IN12729,2018-07-13,CL00684,Химки,113168,P0102,2.0,750.0,Завершен
IN20089,2018-07-13,CL00579,Мытищи,140405,P0020,1.0,275.0,Завершен
IN11275,2018-07-13,CL00306,Подольск,182306,P0038,1.0,275.0,Завершен
IN72105,2018-07-13,CL00198,Мытищи,157711,P0067,2.5,937.5,Завершен
IN22308,2018-07-14,CL00033,Королёв,169615,P0106,1.0,375.0,Завершен
IN53997,2018-07-14,CL00005,Красногорск,114662,P0109,0.5,187.5,Завершен
IN56818,2018-07-15,CL00741,Москва,142964,P0022,3.0,825.0,Завершен
IN85705,2018-07-15,CL00697,Люберцы,165673,P0047,2.0,550.0,Отказ
IN66455,2018-07-15,CL00087,Королёв,182544,P0020,3.0,825.0,Завершен
IN21701,2018-07-15,CL00896,Люберцы,113928,P0041,1.5,412.5,Завершен
IN59516,2018-07-15,CL00603,Реутов,178372,P0058,1.0,375.0,Завершен
IN45903,2018-07-15,CL01030,Королёв,134649,P0120,3.0,1125.0,Завершен
IN68886,2018-07-15,CL00766,Химки,150911,P0046,3.0,825.0,Завершен
IN99006,2018-07-15,CL00347,Реутов,130903,P0115,2.5,937.5,Завершен
IN55481,2018-07-16,CL00591,Москва,143544,P0082,2.5,937.5,Завершен
IN11092,2018-07-16,CL00984,Москва,149146,P0039,1.5,412.5,Завершен
IN29284,2018-07-16,CL00205,Мытищи,190964,P0058,2.0,750.0,Завершен
IN78575,2018-07-16,CL00428,Королёв,140441,P0119,2.0,750.0,Завершен
IN97073,2018-07-16,CL01004,Мытищи,198080,P0075,1.5,562.5,Завершен
IN47782,2018-07-16,CL01176,Красногорск,195451,P0119,1.0,375.0,Завершен
IN55903,2018-07-17,CL00058,Мытищи,173385,P0083,0.5,187.5,Завершен
IN75797,2018-07-17,CL00046,Мытищи,117601,P0079,1.5,562.5,Завершен
IN83498,2018-07-17,CL00543,Люберцы,143236,P0107,3.0,1125.0,Завершен
IN45477,2018-07-17,CL00213,Подольск,145293,P0057,1.0,375.0,Завершен
IN35785,2018-07-17,CL00537,Люберцы,169946,P0056,1.0,375.0,Завершен
IN67264,2018-07-18,CL00243,Мытищи,159600,P0075,2.0,750.0,Завершен
IN67920,2018-07-18,CL00715,Реутов,132540,P0089,0.5,187.5,Завершен
IN99805,2018-07-18,CL01133,Реутов,174925,P0100,3.0,1125.0,Завершен
IN56424,2018-07-18,CL00587,Мытищи,136170,P0059,3.0,1125.0,Завершен
IN63773,2018-07-18,CL00866,Королёв,183151,P0017,2.0,550.0,Завершен
IN83257,2018-07-18,CL00527,Подольск,107552,P0108,2.0,750.0,Отказ
IN65170,2018-07-18,CL00979,Красногорск,128632,P0097,0.5,187.5,Завершен
IN17977,2018-07-19,CL00559,Химки,110566,P0082,3.0,1125.0,Завершен
IN98396,2018-07-19,CL01186,Подольск,141515,P0068,0.5,187.5,Завершен
IN16949,2018-07-19,CL00635,Подольск,118388,P0005,2.5,687.5,Завершен
IN76296,2018-07-20,CL00548,Москва,109742,P0071,2.0,750.0,Отказ
IN25966,2018-07-20,CL00125,Реутов,113833,P0040,2.0,550.0,Завершен
IN34123,2018-07-20,CL00235,Москва,139893,P0092,1.5,562.5,Завершен
IN81659,2018-07-20,CL00130,Королёв,160910,P0018,5.0,1375.0,Завершен
IN99302,2018-07-20,CL00211,Королёв,160236,P0095,1.5,562.5,Завершен
IN90892,2018-07-20,CL01021,Мытищи,166476,P0010,2.0,550.0,Завершен
IN93387,2018-07-20,CL00842,Красногорск,133903,P0046,0.5,137.5,Завершен
IN96175,2018-07-20,CL00756,Химки,165390,P0079,0.5,187.5,Завершен
IN81654,2018-07-20,CL00143,Химки,163464,P0106,1.0,375.0,Завершен
IN69910,2018-07-21,CL00066,Москва,152227,P0015,1.0,275.0,Отказ
IN11444,2018-07-21,CL00162,Химки,171376,P0049,0.5,137.5,Завершен
IN94555,2018-07-21,CL00515,Химки,113224,P0024,2.5,687.5,Завершен
IN91248,2018-07-21,CL01015,Химки,183995,P0061,3.0,1125.0,Завершен
IN28355,2018-07-22,CL00195,Красногорск,192435,P0094,3.0,1125.0,Завершен
IN96303,2018-07-22,CL00983,Мытищи,170809,P0036,1.5,412.5,Завершен
IN18940,2018-07-22,CL00435,Химки,137827,P0007,1.5,412.5,Завершен
IN59351,2018-07-22,CL00037,Москва,154948,P0061,5.0,1875.0,Завершен
IN33642,2018-07-22,CL00627,Люберцы,164157,P0028,2.0,550.0,Завершен
IN76450,2018-07-22,CL00061,Красногорск,153964,P0083,2.5,937.5,Завершен
IN15888,2018-07-23,CL00838,Химки,106626,P0118,5.0,1875.0,Завершен
IN30863,2018-07-23,CL00832,Красногорск,154627,P0050,0.5,137.5,Завершен
IN23922,2018-07-23,CL00674,Москва,110215,P0038,1.0,275.0,Отказ
IN72444,2018-07-23,CL00105,Королёв,157125,P0048,2.0,550.0,Завершен
IN41013,2018-07-23,CL01059,Красногорск,197175,P0101,1.5,562.5,Завершен
IN32806,2018-07-23,CL00700,Подольск,151213,P0015,0.5,137.5,Завершен
IN65057,2018-07-23,CL00964,Москва,150797,P0030,3.0,825.0,Завершен
IN42831,2018-07-23,CL00160,Люберцы,137762,P0004,0.5,137.5,Отказ
IN19552,2018-07-23,CL00486,Реутов,198796,P0099,0.5,187.5,Отказ
IN89499,2018-07-23,CL00845,Химки,153674,P0013,2.0,550.0,Завершен
IN14356,2018-07-24,CL00695,Мытищи,108851,P0120,3.0,1125.0,Отказ
IN10686,2018-07-24,CL00913,Подольск,191248,P0008,5.0,1375.0,Завершен
IN84487,2018-07-24,CL00194,Реутов,153841,P0101,1.5,562.5,Завершен
IN49089,2018-07-25,CL00311,Красногорск,140685,P0037,1.0,275.0,Завершен
IN40221,2018-07-25,CL01089,Мытищи,144560,P0080,0.5,187.5,Завершен
IN53374,2018-07-25,CL00838,Химки,106626,P0069,0.5,187.5,Завершен
IN47997,2018-07-25,CL00326,Подольск,111104,P0055,0.5,187.5,Завершен
IN56911,2018-07-25,CL01140,Мытищи,162021,P0101,5.0,1875.0,Завершен
IN30691,2018-07-25,CL00187,Королёв,131946,P0033,0.5,137.5,Завершен
IN83905,2018-07-26,CL00844,Химки,184853,P0091,1.0,375.0,Завершен
IN14634,2018-07-26,CL00622,Москва,125863,P0018,2.5,687.5,Завершен
IN64557,2018-07-26,CL01143,Реутов,132426,P0003,1.5,412.5,Завершен
IN20563,2018-07-26,CL00581,Мытищи,158830,P0074,2.5,937.5,Завершен
IN26969,2018-07-26,CL00008,Подольск,172063,P0028,2.5,687.5,Завершен
IN64141,2018-07-27,CL00366,Королёв,117675,P0005,2.5,687.5,Отказ
IN80283,2018-07-27,CL01121,Королёв,123148,P0054,3.0,1125.0,Завершен
IN36680,2018-07-28,CL00018,Химки,153354,P0019,2.0,550.0,Завершен
IN78287,2018-07-28,CL00529,Химки,143288,P0090,1.0,375.0,Завершен
IN82478,2018-07-28,CL00160,Люберцы,137762,P0060,1.0,375.0,Завершен
IN28607,2018-07-28,CL00565,Люберцы,109744,P0021,1.0,275.0,Завершен
IN67708,2018-07-28,CL01199,Москва,117009,P0103,0.5,187.5,Завершен
IN24973,2018-07-28,CL00042,Мытищи,166307,P0025,3.0,825.0,Завершен
IN54068,2018-07-29,CL00609,Москва,129098,P0010,0.5,137.5,Завершен
IN87458,2018-07-29,CL01098,Красногорск,175197,P0057,5.0,1875.0,Завершен
IN54688,2018-07-29,CL00211,Королёв,160236,P0101,1.0,375.0,Завершен
IN66895,2018-07-29,CL00585,Подольск,122216,P0007,3.0,825.0,Завершен
IN17486,2018-07-29,CL00587,Мытищи,136170,P0048,5.0,1375.0,Завершен
IN60870,2018-07-29,CL00544,Реутов,132208,P0065,5.0,1875.0,Завершен
IN46791,2018-07-30,CL00731,Мытищи,183521,P0119,1.0,375.0,Завершен
IN45965,2018-07-30,CL00743,Москва,134100,P0012,5.0,1375.0,Завершен
IN81146,2018-07-30,CL00090,Химки,191214,P0039,0.5,137.5,Завершен
IN18394,2018-07-31,CL00746,Москва,129135,P0070,2.5,937.5,Завершен
IN46194,2018-07-31,CL00591,Москва,143544,P0060,2.0,750.0,Завершен
IN26675,2018-07-31,CL00196,Реутов,185461,P0074,1.5,562.5,Завершен
IN29254,2018-07-31,CL00698,Реутов,110803,P0082,1.0,375.0,Завершен
IN65898,2018-08-01,CL00025,Мытищи,170855,P0029,2.0,550.0,Отказ
IN52800,2018-08-01,CL00684,Химки,113168,P0006,1.5,412.5,Завершен
IN53907,2018-08-01,CL00079,Реутов,100053,P0070,2.5,937.5,Завершен
IN59114,2018-08-01,CL00690,Реутов,107152,P0014,2.0,550.0,Завершен
IN86373,2018-08-02,CL01141,Москва,168679,P0024,1.0,275.0,Завершен
IN29670,2018-08-02,CL00246,Химки,172641,P0040,0.5,137.5,Завершен
IN95093,2018-08-02,CL00423,Красногорск,116059,P0092,2.0,750.0,Завершен
IN83460,2018-08-03,CL00387,Королёв,175225,P0081,1.5,562.5,Отказ
IN57486,2018-08-03,CL00348,Мытищи,103694,P0025,2.5,687.5,Отказ
IN40192,2018-08-03,CL00468,Химки,154172,P0072,3.0,1125.0,Завершен
IN40115,2018-08-03,CL00393,Химки,109706,P0077,2.0,750.0,Завершен
IN26420,2018-08-03,CL00512,Реутов,132441,P0053,2.5,937.5,Завершен
IN63427,2018-08-03,CL01114,Люберцы,180358,P0069,2.5,937.5,Завершен
IN28106,2018-08-03,CL00436,Реутов,172070,P0022,3.0,825.0,Завершен
IN47602,2018-08-03,CL00351,Подольск,161487,P0077,2.5,937.5,Завершен
IN14466,2018-08-04,CL00384,Москва,130932,P0097,3.0,1125.0,Завершен
IN31880,2018-08-04,CL00551,Королёв,180980,P0117,5.0,1875.0,Завершен
IN92684,2018-08-05,CL00672,Москва,140043,P0099,2.0,750.0,Завершен
IN67106,2018-08-05,CL00904,Королёв,138800,P0101,2.0,750.0,Завершен
IN27643,2018-08-05,CL01050,Подольск,166952,P0069,1.5,562.5,Завершен
IN87274,2018-08-05,CL00544,Реутов,132208,P0075,3.0,1125.0,Завершен
IN20982,2018-08-05,CL00999,Реутов,104039,P0086,5.0,1875.0,Завершен
IN87798,2018-08-05,CL00643,Мытищи,135112,P0033,1.0,275.0,Завершен
IN95118,2018-08-05,CL00337,Химки,140562,P0116,2.5,937.5,Завершен
IN67486,2018-08-05,CL00443,Реутов,196904,P0033,2.0,550.0,Завершен
IN37614,2018-08-06,CL01170,Люберцы,109356,P0067,0.5,187.5,Завершен
IN85384,2018-08-06,CL00160,Люберцы,137762,P0093,2.0,750.0,Завершен
IN55527,2018-08-06,CL00977,Реутов,152876,P0034,2.5,687.5,Завершен
IN47728,2018-08-06,CL00509,Красногорск,170419,P0090,1.5,562.5,Завершен
IN39312,2018-08-06,CL00376,Мытищи,123652,P0112,1.5,562.5,Завершен
IN80756,2018-08-07,CL00461,Люберцы,188686,P0004,0.5,137.5,Завершен
IN10873,2018-08-07,CL00928,Химки,158220,P0040,2.5,687.5,Завершен
IN13378,2018-08-07,CL00769,Подольск,124672,P0109,2.0,750.0,Завершен
IN84863,2018-08-07,CL01136,Реутов,158313,P0049,1.5,412.5,Завершен
IN78274,2018-08-07,CL00079,Реутов,100053,P0038,2.0,550.0,Завершен
IN30542,2018-08-08,CL00563,Мытищи,105577,P0022,3.0,825.0,Отказ
IN69436,2018-08-08,CL00656,Химки,142217,P0057,2.5,937.5,Завершен
IN98091,2018-08-08,CL00295,Реутов,192995,P0022,3.0,825.0,Завершен
IN34524,2018-08-09,CL00391,Люберцы,192279,P0088,1.0,375.0,Завершен
IN27274,2018-08-09,CL00760,Королёв,163527,P0117,3.0,1125.0,Завершен
IN21627,2018-08-09,CL01131,Мытищи,137555,P0110,1.0,375.0,Завершен
IN38074,2018-08-09,CL00070,Люберцы,178193,P0012,2.5,687.5,Завершен
IN74315,2018-08-09,CL00445,Люберцы,102180,P0112,0.5,187.5,Завершен
IN92578,2018-08-10,CL00312,Королёв,148331,P0106,3.0,1125.0,Завершен
IN81226,2018-08-10,CL00870,Реутов,159974,P0010,2.0,550.0,Завершен
IN38695,2018-08-10,CL00166,Реутов,165597,P0110,2.0,750.0,Завершен
IN47653,2018-08-10,CL00318,Подольск,192749,P0038,0.5,137.5,Завершен
IN52650,2018-08-10,CL00897,Химки,134471,P0023,2.0,550.0,Завершен
IN52361,2018-08-11,CL00654,Подольск,153948,P0081,0.5,187.5,Завершен
IN63900,2018-08-11,CL01179,Мытищи,156906,P0006,1.5,412.5,Завершен
IN65731,2018-08-11,CL00036,Реутов,174668,P0083,2.0,750.0,Завершен
IN17160,2018-08-11,CL00474,Подольск,104763,P0110,2.0,750.0,Завершен
IN38697,2018-08-11,CL01161,Подольск,183478,P0077,1.5,562.5,Завершен
IN15980,2018-08-11,CL00384,Москва,130932,P0041,1.5,412.5,Завершен
IN39007,2018-08-11,CL01006,Подольск,180856,P0044,1.5,412.5,Завершен
IN80256,2018-08-11,CL00705,Москва,145443,P0053,2.5,937.5,Завершен
IN79016,2018-08-12,CL00241,Красногорск,189873,P0110,0.5,187.5,Завершен
IN73556,2018-08-12,CL00106,Москва,187670,P0105,0.5,187.5,Завершен
IN49513,2018-08-12,CL01037,Красногорск,145224,P0053,0.5,187.5,Завершен
IN42415,2018-08-12,CL00965,Красногорск,107051,P0091,0.5,187.5,Завершен
IN26206,2018-08-12,CL00252,Москва,106868,P0038,0.5,137.5,Завершен
IN77155,2018-08-13,CL00708,Реутов,108371,P0035,5.0,1375.0,Завершен
IN45920,2018-08-13,CL00760,Королёв,163527,P0076,3.0,1125.0,Отказ
IN44638,2018-08-13,CL00342,Мытищи,167621,P0110,2.0,750.0,Завершен
IN24280,2018-08-14,CL00888,Мытищи,185267,P0086,1.5,562.5,Завершен
IN28844,2018-08-14,CL00433,Подольск,195355,P0034,3.0,825.0,Завершен
IN20962,2018-08-14,CL00707,Мытищи,103847,P0047,5.0,1375.0,Завершен
IN37221,2018-08-14,CL00851,Люберцы,114169,P0029,0.5,137.5,Завершен
IN87779,2018-08-14,CL00234,Люберцы,115292,P0061,5.0,1875.0,Завершен
IN62847,2018-08-14,CL01036,Люберцы,129215,P0002,1.0,275.0,Отказ
IN74058,2018-08-15,CL00223,Подольск,138680,P0040,5.0,1375.0,Завершен
IN95460,2018-08-15,CL00163,Подольск,118643,P0066,2.5,937.5,Завершен
IN73307,2018-08-15,CL00689,Химки,166784,P0047,1.0,275.0,Завершен
IN20673,2018-08-15,CL00044,Красногорск,157433,P0082,2.5,937.5,Завершен
IN48895,2018-08-16,CL00858,Химки,193502,P0021,2.0,550.0,Завершен
IN48564,2018-08-16,CL00360,Мытищи,171313,P0035,0.5,137.5,Завершен
IN98694,2018-08-16,CL00052,Красногорск,183507,P0021,3.0,825.0,Завершен
IN90622,2018-08-16,CL00881,Подольск,165973,P0096,1.5,562.5,Завершен
IN31750,2018-08-16,CL00207,Красногорск,119080,P0046,1.5,412.5,Завершен
IN99787,2018-08-16,CL00936,Красногорск,114945,P0071,1.0,375.0,Завершен
IN58660,2018-08-16,CL00217,Люберцы,186275,P0092,1.0,375.0,Завершен
IN71880,2018-08-16,CL00474,Подольск,104763,P0077,2.5,937.5,Завершен
IN53276,2018-08-16,CL00736,Химки,176638,P0037,2.0,550.0,Завершен
IN27739,2018-08-16,CL00879,Москва,182141,P0001,3.0,825.0,Завершен
IN72111,2018-08-16,CL00992,Химки,153429,P0070,1.0,375.0,Завершен
IN58139,2018-08-17,CL00226,Люберцы,144396,P0046,2.5,687.5,Завершен
IN43390,2018-08-17,CL00717,Мытищи,106903,P0091,2.5,937.5,Завершен
IN96424,2018-08-17,CL01093,Москва,133792,P0100,2.5,937.5,Завершен
IN29978,2018-08-17,CL00918,Королёв,134290,P0072,1.0,375.0,Отказ
IN46698,2018-08-17,CL00646,Люберцы,104224,P0113,0.5,187.5,Завершен
IN23411,2018-08-17,CL01186,Подольск,141515,P0021,1.0,275.0,Завершен
IN86980,2018-08-17,CL00745,Мытищи,118322,P0036,1.0,275.0,Завершен
IN67630,2018-08-18,CL01117,Реутов,123578,P0066,0.5,187.5,Завершен
IN52872,2018-08-18,CL00562,Мытищи,156873,P0099,2.0,750.0,Завершен
IN25374,2018-08-18,CL01013,Подольск,147774,P0078,1.5,562.5,Завершен
IN59454,2018-08-18,CL00677,Подольск,130008,P0048,1.0,275.0,Завершен
IN28728,2018-08-19,CL00982,Москва,142065,P0039,3.0,825.0,Завершен
IN67887,2018-08-19,CL01186,Подольск,141515,P0074,5.0,1875.0,Завершен
IN42838,2018-08-19,CL00774,Москва,176888,P0019,2.0,550.0,Завершен
IN67070,2018-08-19,CL01158,Химки,180375,P0041,3.0,825.0,Завершен
IN13315,2018-08-19,CL00018,Химки,153354,P0036,3.0,825.0,Завершен
IN71089,2018-08-19,CL00645,Реутов,185678,P0106,5.0,1875.0,Завершен
IN65584,2018-08-19,CL00378,Люберцы,194065,P0102,5.0,1875.0,Завершен
IN35032,2018-08-19,CL00574,Королёв,172487,P0013,1.0,275.0,Завершен
IN11398,2018-08-19,CL00151,Мытищи,109710,P0082,2.0,750.0,Завершен
IN78944,2018-08-19,CL00870,Реутов,159974,P0116,1.0,375.0,Завершен
IN50683,2018-08-19,CL00170,Люберцы,199125,P0100,1.0,375.0,Отказ
IN74264,2018-08-20,CL00843,Люберцы,106507,P0097,2.5,937.5,Завершен
IN94875,2018-08-20,CL01043,Химки,184837,P0067,1.0,375.0,Завершен
IN23616,2018-08-20,CL00147,Подольск,198669,P0018,5.0,1375.0,Завершен
IN81314,2018-08-21,CL00315,Королёв,174928,P0021,1.5,412.5,Отказ
IN35451,2018-08-21,CL00173,Мытищи,153523,P0117,1.5,562.5,Завершен
IN12185,2018-08-21,CL00911,Мытищи,159839,P0093,3.0,1125.0,Завершен
IN51481,2018-08-21,CL00724,Подольск,153744,P0026,1.5,412.5,Завершен
IN86919,2018-08-21,CL00186,Люберцы,135838,P0004,3.0,825.0,Завершен
IN77677,2018-08-21,CL01177,Мытищи,183692,P0117,3.0,1125.0,Завершен
IN10422,2018-08-22,CL00495,Химки,178094,P0029,2.0,550.0,Завершен
IN55964,2018-08-22,CL00387,Королёв,175225,P0080,1.5,562.5,Завершен
IN84471,2018-08-22,CL00947,Подольск,116827,P0094,0.5,187.5,Завершен
IN84211,2018-08-22,CL00189,Мытищи,154387,P0034,5.0,1375.0,Завершен
IN21870,2018-08-22,CL00185,Мытищи,120181,P0034,2.0,550.0,Отказ
IN34334,2018-08-22,CL00820,Мытищи,152082,P0009,1.0,275.0,Завершен
IN12635,2018-08-22,CL00855,Реутов,189228,P0047,1.5,412.5,Завершен
IN94125,2018-08-23,CL00250,Люберцы,114408,P0091,2.5,937.5,Завершен
IN92709,2018-08-23,CL00082,Королёв,196463,P0045,2.5,687.5,Завершен
IN14814,2018-08-23,CL00836,Подольск,168719,P0104,3.0,1125.0,Завершен
IN30408,2018-08-23,CL00008,Подольск,172063,P0057,5.0,1875.0,Завершен
IN66866,2018-08-23,CL00310,Люберцы,177518,P0093,2.5,937.5,Завершен
IN99393,2018-08-23,CL00686,Реутов,118327,P0029,1.5,412.5,Завершен
IN54850,2018-08-23,CL00740,Мытищи,189922,P0071,5.0,1875.0,Завершен
IN82300,2018-08-23,CL01181,Реутов,101170,P0098,3.0,1125.0,Завершен
IN45251,2018-08-23,CL00286,Химки,114918,P0107,5.0,1875.0,Завершен
IN37619,2018-08-23,CL00157,Химки,134687,P0021,0.5,137.5,Завершен
IN57039,2018-08-24,CL01129,Подольск,137304,P0080,3.0,1125.0,Завершен
IN30807,2018-08-24,CL00185,Мытищи,120181,P0058,5.0,1875.0,Завершен
IN54128,2018-08-24,CL00999,Реутов,104039,P0011,2.0,550.0,Завершен
IN34525,2018-08-24,CL00422,Подольск,167499,P0103,3.0,1125.0,Завершен
IN71189,2018-08-24,CL01103,Мытищи,186956,P0089,1.5,562.5,Завершен
IN12850,2018-08-24,CL00649,Красногорск,179988,P0037,2.5,687.5,Завершен
IN69827,2018-08-24,CL00460,Королёв,194589,P0045,2.0,550.0,Завершен
IN30203,2018-08-26,CL00771,Москва,128679,P0073,0.5,187.5,Завершен
IN59054,2018-08-26,CL00974,Люберцы,175061,P0030,3.0,825.0,Завершен
IN55182,2018-08-26,CL00244,Химки,178269,P0006,0.5,137.5,Завершен
IN89760,2018-08-27,CL00869,Подольск,126253,P0021,0.5,137.5,Завершен
IN58382,2018-08-27,CL00722,Химки,177554,P0087,1.0,375.0,Завершен
IN31087,2018-08-28,CL00922,Красногорск,184070,P0079,5.0,1875.0,Завершен
IN76449,2018-08-28,CL00490,Подольск,165866,P0071,1.5,562.5,Завершен
IN93115,2018-08-29,CL00551,Королёв,180980,P0060,1.5,562.5,Завершен
IN69017,2018-08-29,CL00274,Подольск,129392,P0055,0.5,187.5,Завершен
IN33440,2018-08-30,CL00779,Красногорск,173659,P0092,1.5,562.5,Завершен
IN60262,2018-08-30,CL00292,Реутов,130161,P0029,2.0,550.0,Завершен
IN29711,2018-08-30,CL00554,Люберцы,191469,P0091,5.0,1875.0,Завершен
IN87352,2018-08-30,CL00014,Химки,100942,P0059,0.5,187.5,Завершен
IN90546,2018-08-30,CL00009,Люберцы,179507,P0090,1.5,562.5,Завершен
IN67001,2018-08-30,CL00940,Мытищи,125679,P0002,3.0,825.0,Завершен
IN15222,2018-08-30,CL00424,Королёв,112689,P0039,0.5,137.5,Завершен
IN46004,2018-08-31,CL00340,Подольск,179254,P0099,2.0,750.0,Завершен
IN90903,2018-08-31,CL01030,Королёв,134649,P0079,1.5,562.5,Завершен
IN78623,2018-08-31,CL00145,Химки,139618,P0008,1.0,275.0,Завершен
IN20031,2018-08-31,CL00603,Реутов,178372,P0092,2.5,937.5,Завершен
IN10662,2018-09-01,CL01015,Химки,183995,P0012,3.0,825.0,Завершен
IN64306,2018-09-01,CL00360,Мытищи,171313,P0101,2.0,750.0,Завершен
IN45003,2018-09-01,CL00100,Химки,153424,P0102,3.0,1125.0,Завершен
IN93211,2018-09-01,CL00538,Люберцы,167215,P0028,2.0,550.0,Завершен
IN39468,2018-09-01,CL00015,Москва,104117,P0008,1.5,412.5,Отказ
IN38974,2018-09-01,CL00920,Красногорск,190209,P0007,0.5,137.5,Завершен
IN89864,2018-09-01,CL00764,Химки,113124,P0038,0.5,137.5,Завершен
IN65150,2018-09-01,CL00278,Красногорск,123777,P0073,5.0,1875.0,Завершен
IN80969,2018-09-01,CL00140,Красногорск,159473,P0104,3.0,1125.0,Завершен
IN83093,2018-09-01,CL00316,Красногорск,165715,P0027,2.0,550.0,Завершен
IN51896,2018-09-01,CL00017,Химки,194811,P0119,0.5,187.5,Завершен
IN13068,2018-09-02,CL00523,Реутов,106145,P0030,2.0,550.0,Завершен
IN82933,2018-09-02,CL00297,Подольск,181018,P0044,5.0,1375.0,Завершен
IN40765,2018-09-02,CL00800,Реутов,164349,P0065,3.0,1125.0,Завершен
IN27261,2018-09-02,CL00329,Москва,123627,P0008,2.0,550.0,Завершен
IN26186,2018-09-02,CL00544,Реутов,132208,P0059,2.0,750.0,Завершен
IN37696,2018-09-02,CL00026,Мытищи,130982,P0076,0.5,187.5,Завершен
IN33412,2018-09-02,CL01082,Москва,111382,P0026,0.5,137.5,Завершен
IN62575,2018-09-02,CL01031,Химки,127102,P0062,5.0,1875.0,Завершен
IN41367,2018-09-03,CL00866,Королёв,183151,P0086,1.5,562.5,Завершен
IN36186,2018-09-03,CL00914,Подольск,177430,P0076,1.0,375.0,Завершен
IN18495,2018-09-03,CL00163,Подольск,118643,P0001,1.5,412.5,Завершен
IN70447,2018-09-03,CL00134,Москва,125042,P0067,0.5,187.5,Завершен
IN89069,2018-09-03,CL00633,Реутов,118070,P0030,2.0,550.0,Завершен
IN33183,2018-09-03,CL00420,Химки,118830,P0058,2.0,750.0,Завершен
IN24569,2018-09-03,CL01074,Мытищи,161822,P0062,2.0,750.0,Завершен
IN53418,2018-09-03,CL00739,Химки,160731,P0026,5.0,1375.0,Завершен
IN32145,2018-09-04,CL00175,Реутов,137777,P0038,5.0,1375.0,Завершен
IN54542,2018-09-04,CL00428,Королёв,140441,P0101,1.5,562.5,Завершен
IN73254,2018-09-04,CL00536,Реутов,172362,P0020,1.0,275.0,Завершен
IN53257,2018-09-04,CL01153,Королёв,162530,P0045,1.0,275.0,Завершен
IN70062,2018-09-04,CL00798,Химки,153645,P0054,3.0,1125.0,Завершен
IN42077,2018-09-04,CL00438,Красногорск,144444,P0018,3.0,825.0,Завершен
IN48704,2018-09-04,CL00186,Люберцы,135838,P0016,5.0,1375.0,Завершен
IN69031,2018-09-04,CL01019,Люберцы,118350,P0112,3.0,1125.0,Завершен
IN46083,2018-09-04,CL00686,Реутов,118327,P0019,3.0,825.0,Завершен
IN49709,2018-09-05,CL00327,Реутов,143054,P0021,5.0,1375.0,Завершен
IN44002,2018-09-05,CL00214,Реутов,159878,P0024,1.0,275.0,Завершен
IN77740,2018-09-05,CL00819,Люберцы,195302,P0044,1.5,412.5,Завершен
IN32335,2018-09-05,CL00237,Реутов,187881,P0095,2.0,750.0,Завершен
IN86957,2018-09-05,CL00430,Химки,146254,P0070,1.5,562.5,Завершен
IN78594,2018-09-05,CL00631,Подольск,131270,P0011,5.0,1375.0,Завершен
IN73602,2018-09-05,CL00845,Химки,153674,P0056,1.5,562.5,Завершен
IN78843,2018-09-05,CL00996,Мытищи,165907,P0075,3.0,1125.0,Завершен
IN59790,2018-09-05,CL00042,Мытищи,166307,P0020,2.0,550.0,Завершен
IN18487,2018-09-05,CL00274,Подольск,129392,P0106,0.5,187.5,Завершен
IN95302,2018-09-06,CL00033,Королёв,169615,P0002,5.0,1375.0,Завершен
IN69777,2018-09-06,CL00111,Химки,144236,P0091,5.0,1875.0,Завершен
IN89840,2018-09-06,CL00729,Люберцы,130339,P0015,1.0,275.0,Отказ
IN21974,2018-09-06,CL01057,Реутов,148546,P0098,1.5,562.5,Завершен
IN18345,2018-09-06,CL00096,Королёв,135992,P0014,3.0,825.0,Завершен
IN17977,2018-09-06,CL00296,Люберцы,102733,P0079,1.0,375.0,Завершен
IN86765,2018-09-06,CL00147,Подольск,198669,P0112,1.0,375.0,Завершен
IN10064,2018-09-07,CL00977,Реутов,152876,P0103,2.5,937.5,Завершен
IN88820,2018-09-07,CL00834,Красногорск,167537,P0027,1.5,412.5,Завершен
IN33138,2018-09-07,CL00601,Королёв,139692,P0080,1.5,562.5,Завершен
IN77397,2018-09-07,CL00448,Москва,122349,P0065,1.5,562.5,Завершен
IN49274,2018-09-07,CL00400,Подольск,111300,P0066,1.5,562.5,Завершен
IN42639,2018-09-07,CL01059,Красногорск,197175,P0074,1.5,562.5,Завершен
IN83566,2018-09-07,CL00861,Люберцы,116769,P0115,1.5,562.5,Завершен
IN67677,2018-09-07,CL00132,Королёв,133862,P0095,2.5,937.5,Завершен
IN33878,2018-09-07,CL01081,Подольск,147151,P0118,0.5,187.5,Завершен
IN76787,2018-09-07,CL00322,Красногорск,112387,P0013,2.0,550.0,Отказ
IN33435,2018-09-07,CL01035,Реутов,147880,P0070,2.0,750.0,Завершен
IN98208,2018-09-07,CL00700,Подольск,151213,P0060,0.5,187.5,Завершен
IN68090,2018-09-07,CL01180,Москва,136188,P0075,1.5,562.5,Отказ
IN53741,2018-09-08,CL00913,Подольск,191248,P0118,1.5,562.5,Завершен
IN51333,2018-09-08,CL00200,Подольск,134737,P0050,3.0,825.0,Завершен
IN83831,2018-09-08,CL00942,Королёв,124979,P0047,2.0,550.0,Завершен
IN10743,2018-09-08,CL00219,Королёв,137512,P0096,2.0,750.0,Завершен
IN17249,2018-09-08,CL00240,Красногорск,158287,P0106,5.0,1875.0,Завершен
IN28340,2018-09-08,CL00895,Подольск,113751,P0093,2.0,750.0,Завершен
IN12553,2018-09-08,CL00941,Мытищи,151497,P0119,2.0,750.0,Завершен
IN37342,2018-09-08,CL00148,Мытищи,175243,P0013,5.0,1375.0,Завершен
IN36213,2018-09-09,CL00555,Подольск,112624,P0044,2.5,687.5,Завершен
IN42142,2018-09-09,CL01017,Королёв,147020,P0090,2.5,937.5,Отказ
IN96598,2018-09-09,CL00478,Подольск,161344,P0094,1.5,562.5,Завершен
IN48196,2018-09-09,CL00534,Москва,124906,P0014,1.5,412.5,Завершен
IN18913,2018-09-09,CL00617,Москва,184930,P0017,3.0,825.0,Отказ
IN51151,2018-09-09,CL00048,Люберцы,127607,P0077,5.0,1875.0,Завершен
IN68437,2018-09-09,CL01010,Красногорск,187988,P0003,5.0,1375.0,Завершен
IN18796,2018-09-10,CL00340,Подольск,179254,P0080,2.5,937.5,Завершен
IN22077,2018-09-10,CL00687,Люберцы,132527,P0044,3.0,825.0,Отказ
IN79699,2018-09-10,CL00926,Красногорск,136458,P0015,2.5,687.5,Завершен
IN85292,2018-09-11,CL01105,Королёв,141342,P0120,1.0,375.0,Завершен
IN85609,2018-09-11,CL00368,Химки,141365,P0085,1.5,562.5,Завершен
IN29435,2018-09-11,CL00230,Мытищи,188188,P0084,1.0,375.0,Завершен
IN23224,2018-09-11,CL00590,Химки,117758,P0055,1.0,375.0,Завершен
IN15171,2018-09-11,CL00128,Королёв,195817,P0031,0.5,137.5,Завершен
IN55681,2018-09-11,CL00629,Красногорск,160012,P0064,5.0,1875.0,Завершен
IN51331,2018-09-11,CL01091,Королёв,173815,P0083,0.5,187.5,Завершен
IN36437,2018-09-11,CL00471,Химки,137649,P0005,1.0,275.0,Завершен
IN45530,2018-09-11,CL00680,Реутов,198717,P0059,1.5,562.5,Завершен
IN21069,2018-09-12,CL00873,Москва,135851,P0003,1.5,412.5,Завершен
IN61076,2018-09-12,CL00360,Мытищи,171313,P0090,3.0,1125.0,Завершен
IN46007,2018-09-12,CL00154,Химки,149856,P0060,2.0,750.0,Отказ
IN52371,2018-09-12,CL01072,Мытищи,152502,P0022,3.0,825.0,Завершен
IN42636,2018-09-12,CL00895,Подольск,113751,P0084,0.5,187.5,Завершен
IN26770,2018-09-12,CL00010,Химки,198994,P0009,1.0,275.0,Завершен
IN71579,2018-09-12,CL00070,Люберцы,178193,P0002,2.5,687.5,Завершен
IN88145,2018-09-12,CL00334,Реутов,123703,P0019,5.0,1375.0,Отказ
IN96632,2018-09-12,CL00500,Мытищи,158390,P0108,5.0,1875.0,Завершен
IN64378,2018-09-12,CL00674,Москва,110215,P0025,1.5,412.5,Завершен
IN28919,2018-09-13,CL00057,Москва,127535,P0050,0.5,137.5,Завершен
IN59418,2018-09-13,CL00890,Москва,185664,P0021,2.0,550.0,Отказ
IN78839,2018-09-13,CL00066,Москва,152227,P0041,5.0,1375.0,Завершен
IN11958,2018-09-13,CL00656,Химки,142217,P0048,1.0,275.0,Завершен
IN22074,2018-09-13,CL01099,Подольск,189536,P0041,1.5,412.5,Завершен
IN24733,2018-09-13,CL00640,Королёв,174107,P0072,2.0,750.0,Завершен
IN49466,2018-09-14,CL00038,Люберцы,193872,P0062,1.0,375.0,Завершен
IN70574,2018-09-14,CL00933,Химки,159796,P0115,1.5,562.5,Завершен
IN77751,2018-09-14,CL00850,Реутов,100963,P0035,3.0,825.0,Завершен
IN44960,2018-09-14,CL00542,Москва,176550,P0116,2.5,937.5,Завершен
IN52984,2018-09-14,CL00582,Мытищи,146388,P0092,5.0,1875.0,Завершен
IN29034,2018-09-14,CL00882,Подольск,105992,P0015,2.0,550.0,Завершен
IN54217,2018-09-15,CL00569,Реутов,170852,P0100,3.0,1125.0,Завершен
IN34421,2018-09-15,CL01164,Москва,113405,P0078,1.5,562.5,Завершен
IN73878,2018-09-15,CL01136,Реутов,158313,P0038,1.5,412.5,Завершен
IN96933,2018-09-15,CL00450,Мытищи,157807,P0077,5.0,1875.0,Завершен
IN54875,2018-09-15,CL00321,Реутов,188984,P0057,0.5,187.5,Завершен
IN18272,2018-09-15,CL00973,Подольск,178234,P0119,5.0,1875.0,Завершен
IN94186,2018-09-15,CL00213,Подольск,145293,P0104,5.0,1875.0,Завершен
IN26544,2018-09-15,CL00732,Мытищи,108163,P0034,0.5,137.5,Завершен
IN69956,2018-09-15,CL00988,Реутов,126945,P0002,0.5,137.5,Завершен
IN82150,2018-09-15,CL01180,Москва,136188,P0054,5.0,1875.0,Завершен
IN55563,2018-09-15,CL00739,Химки,160731,P0083,3.0,1125.0,Завершен
IN82521,2018-09-15,CL00576,Мытищи,138715,P0048,1.5,412.5,Завершен
IN46493,2018-09-16,CL00226,Люберцы,144396,P0018,2.0,550.0,Завершен
IN62543,2018-09-16,CL00336,Королёв,198617,P0004,0.5,137.5,Завершен
IN78386,2018-09-16,CL00151,Мытищи,109710,P0008,1.5,412.5,Завершен
IN71342,2018-09-16,CL00004,Подольск,121174,P0028,2.0,550.0,Завершен
IN49320,2018-09-16,CL00255,Королёв,180623,P0019,1.5,412.5,Завершен
IN82844,2018-09-16,CL01166,Химки,101930,P0047,0.5,137.5,Отказ
IN90362,2018-09-16,CL00200,Подольск,134737,P0077,3.0,1125.0,Завершен
IN17762,2018-09-16,CL00930,Мытищи,197679,P0004,2.5,687.5,Завершен
IN26183,2018-09-17,CL00770,Люберцы,104975,P0115,1.0,375.0,Завершен
IN98121,2018-09-17,CL00641,Химки,136025,P0009,3.0,825.0,Завершен
IN28665,2018-09-17,CL00787,Королёв,127483,P0095,1.0,375.0,Завершен
IN52922,2018-09-17,CL01048,Мытищи,179498,P0010,3.0,825.0,Завершен
IN78238,2018-09-17,CL00681,Подольск,173831,P0048,0.5,137.5,Завершен
IN89077,2018-09-18,CL00912,Реутов,162684,P0071,0.5,187.5,Отказ
IN41626,2018-09-18,CL00393,Химки,109706,P0073,2.5,937.5,Завершен
IN74819,2018-09-18,CL01075,Мытищи,129067,P0069,5.0,1875.0,Завершен
IN66685,2018-09-18,CL00620,Королёв,153090,P0053,5.0,1875.0,Завершен
IN23787,2018-09-18,CL01182,Королёв,120315,P0088,2.0,750.0,Отказ
IN46158,2018-09-18,CL00062,Люберцы,191917,P0007,5.0,1375.0,Завершен
IN53100,2018-09-18,CL00412,Подольск,194454,P0062,1.5,562.5,Завершен
IN42931,2018-09-18,CL00120,Люберцы,149192,P0044,2.0,550.0,Завершен
IN94237,2018-09-19,CL00182,Москва,179806,P0028,2.5,687.5,Завершен
IN25397,2018-09-19,CL00907,Реутов,112451,P0023,0.5,137.5,Завершен
IN86037,2018-09-19,CL00048,Люберцы,127607,P0034,5.0,1375.0,Завершен
IN89142,2018-09-19,CL00907,Реутов,112451,P0004,3.0,825.0,Завершен
IN15225,2018-09-19,CL01130,Красногорск,163896,P0013,2.0,550.0,Завершен
IN67703,2018-09-19,CL01151,Люберцы,101383,P0084,1.5,562.5,Завершен
IN78519,2018-09-19,CL01130,Красногорск,163896,P0046,5.0,1375.0,Завершен
IN92328,2018-09-19,CL00447,Москва,134803,P0085,0.5,187.5,Завершен
IN97696,2018-09-19,CL01070,Реутов,186413,P0012,3.0,825.0,Завершен
IN33689,2018-09-19,CL00270,Подольск,176869,P0043,0.5,137.5,Завершен
IN53117,2018-09-19,CL00732,Мытищи,108163,P0004,0.5,137.5,Завершен
IN64020,2018-09-19,CL00223,Подольск,138680,P0111,0.5,187.5,Завершен
IN69850,2018-09-19,CL01071,Химки,191660,P0041,5.0,1375.0,Отказ
IN57000,2018-09-19,CL00985,Королёв,185397,P0046,5.0,1375.0,Завершен
IN21648,2018-09-20,CL00182,Москва,179806,P0020,5.0,1375.0,Завершен
IN80547,2018-09-20,CL00625,Мытищи,170371,P0008,1.5,412.5,Завершен
IN39828,2018-09-20,CL00938,Красногорск,106000,P0100,3.0,1125.0,Завершен
IN23277,2018-09-20,CL00788,Мытищи,114160,P0075,1.5,562.5,Завершен
IN63223,2018-09-20,CL00790,Подольск,164629,P0082,3.0,1125.0,Отказ
IN93817,2018-09-20,CL00032,Москва,107492,P0112,1.5,562.5,Завершен
IN36496,2018-09-20,CL00379,Подольск,146077,P0108,1.0,375.0,Завершен
IN73627,2018-09-20,CL00951,Королёв,118111,P0075,1.5,562.5,Завершен
IN67379,2018-09-20,CL00980,Москва,145351,P0073,1.5,562.5,Завершен
IN32091,2018-09-20,CL00185,Мытищи,120181,P0040,1.5,412.5,Завершен
IN68004,2018-09-21,CL00230,Мытищи,188188,P0094,1.5,562.5,Завершен
IN81825,2018-09-21,CL00880,Химки,145134,P0109,5.0,1875.0,Отказ
IN45885,2018-09-21,CL00620,Королёв,153090,P0023,1.0,275.0,Завершен
IN38701,2018-09-21,CL01031,Химки,127102,P0055,0.5,187.5,Завершен
IN67718,2018-09-21,CL01077,Реутов,168289,P0099,1.0,375.0,Завершен
IN29054,2018-09-21,CL00514,Москва,154950,P0049,3.0,825.0,Завершен
IN12722,2018-09-21,CL01104,Москва,170972,P0014,0.5,137.5,Завершен
IN67534,2018-09-21,CL00138,Химки,176225,P0060,5.0,1875.0,Завершен
IN84460,2018-09-21,CL00745,Мытищи,118322,P0048,2.0,550.0,Завершен
IN16973,2018-09-22,CL00668,Королёв,156072,P0081,2.0,750.0,Завершен
IN75160,2018-09-22,CL00015,Москва,104117,P0061,2.0,750.0,Завершен
IN32458,2018-09-22,CL00611,Красногорск,163277,P0037,2.5,687.5,Завершен
IN83268,2018-09-22,CL00181,Королёв,163532,P0050,0.5,137.5,Завершен
IN19307,2018-09-23,CL00722,Химки,177554,P0068,2.5,937.5,Завершен
IN64225,2018-09-23,CL00720,Красногорск,159866,P0108,2.5,937.5,Отказ
IN35509,2018-09-23,CL00588,Люберцы,110082,P0120,3.0,1125.0,Завершен
IN33506,2018-09-23,CL00641,Химки,136025,P0013,1.0,275.0,Завершен
IN95119,2018-09-23,CL01038,Королёв,100864,P0066,5.0,1875.0,Завершен
IN53488,2018-09-23,CL00558,Красногорск,160161,P0095,2.0,750.0,Завершен
IN62894,2018-09-23,CL00747,Химки,148790,P0004,0.5,137.5,Отказ
IN17752,2018-09-24,CL00676,Москва,115806,P0066,0.5,187.5,Завершен
IN32087,2018-09-24,CL01112,Реутов,142655,P0102,3.0,1125.0,Завершен
IN79352,2018-09-24,CL00700,Подольск,151213,P0108,0.5,187.5,Завершен
IN60430,2018-09-24,CL00809,Королёв,135200,P0113,0.5,187.5,Отказ
IN84459,2018-09-24,CL00438,Красногорск,144444,P0001,1.5,412.5,Отказ
IN19094,2018-09-24,CL00585,Подольск,122216,P0120,2.5,937.5,Завершен
IN91378,2018-09-24,CL00827,Москва,143449,P0023,1.0,275.0,Завершен
IN38622,2018-09-24,CL00600,Люберцы,109064,P0096,2.0,750.0,Завершен
IN74325,2018-09-25,CL00262,Королёв,156387,P0007,1.0,275.0,Завершен
IN15451,2018-09-25,CL01082,Москва,111382,P0063,1.0,375.0,Завершен
IN72970,2018-09-25,CL00368,Химки,141365,P0117,1.5,562.5,Отказ
IN96462,2018-09-25,CL00703,Королёв,107212,P0089,5.0,1875.0,Завершен
IN87481,2018-09-25,CL00649,Красногорск,179988,P0115,3.0,1125.0,Завершен
IN21921,2018-09-25,CL00856,Москва,138745,P0044,0.5,137.5,Завершен
IN79119,2018-09-25,CL00975,Мытищи,141662,P0065,3.0,1125.0,Завершен
IN79720,2018-09-25,CL00899,Москва,127222,P0071,2.5,937.5,Завершен
IN81615,2018-09-25,CL00555,Подольск,112624,P0027,2.5,687.5,Завершен
IN81144,2018-09-26,CL00088,Реутов,131979,P0098,3.0,1125.0,Завершен
IN16285,2018-09-26,CL00481,Москва,138669,P0016,1.0,275.0,Завершен
IN49707,2018-09-26,CL01159,Люберцы,169722,P0048,2.5,687.5,Отказ
IN80485,2018-09-26,CL00683,Подольск,180750,P0001,2.0,550.0,Завершен
IN99674,2018-09-26,CL00279,Реутов,197120,P0097,0.5,187.5,Завершен
IN76633,2018-09-26,CL00050,Люберцы,106658,P0002,5.0,1375.0,Завершен
IN92076,2018-09-27,CL00795,Мытищи,112203,P0031,2.0,550.0,Завершен
IN95634,2018-09-27,CL00969,Подольск,196348,P0052,1.5,562.5,Завершен
IN63635,2018-09-27,CL00594,Королёв,152198,P0051,3.0,1125.0,Завершен
IN64216,2018-09-27,CL00090,Химки,191214,P0117,3.0,1125.0,Отказ
IN34837,2018-09-27,CL00744,Москва,159270,P0087,2.0,750.0,Завершен
IN43216,2018-09-27,CL01068,Подольск,172733,P0061,5.0,1875.0,Завершен
IN61834,2018-09-27,CL00142,Красногорск,170236,P0114,2.5,937.5,Отказ
IN68868,2018-09-27,CL00277,Люберцы,135818,P0098,0.5,187.5,Завершен
IN14678,2018-09-28,CL01082,Москва,111382,P0035,1.0,275.0,Завершен
IN24602,2018-09-28,CL00160,Люберцы,137762,P0052,2.0,750.0,Завершен
IN60864,2018-09-28,CL00645,Реутов,185678,P0102,1.0,375.0,Отказ
IN18834,2018-09-28,CL01184,Красногорск,199557,P0084,1.0,375.0,Отказ
IN58614,2018-09-28,CL00324,Красногорск,186980,P0102,1.0,375.0,Завершен
IN67936,2018-09-28,CL00887,Химки,177292,P0011,2.0,550.0,Завершен
IN96884,2018-09-28,CL01100,Королёв,130783,P0017,2.5,687.5,Завершен
IN34768,2018-09-28,CL00541,Реутов,129002,P0036,2.5,687.5,Завершен
IN51670,2018-09-28,CL01170,Люберцы,109356,P0014,5.0,1375.0,Завершен
IN30016,2018-09-28,CL01196,Химки,165214,P0034,0.5,137.5,Завершен
IN63729,2018-09-29,CL01123,Королёв,173680,P0015,0.5,137.5,Завершен
IN91079,2018-09-29,CL00358,Москва,131531,P0052,2.5,937.5,Завершен
IN52160,2018-09-29,CL00207,Красногорск,119080,P0048,3.0,825.0,Завершен
IN23604,2018-09-29,CL00576,Мытищи,138715,P0111,1.5,562.5,Отказ
IN59966,2018-09-29,CL00985,Королёв,185397,P0057,3.0,1125.0,Завершен
IN60793,2018-09-29,CL00504,Мытищи,145158,P0044,0.5,137.5,Завершен
IN39428,2018-09-29,CL00194,Реутов,153841,P0049,5.0,1375.0,Завершен
IN83877,2018-09-29,CL00160,Люберцы,137762,P0009,5.0,1375.0,Завершен
IN95047,2018-09-29,CL00938,Красногорск,106000,P0084,2.5,937.5,Отказ
IN84906,2018-09-29,CL00396,Люберцы,120644,P0092,5.0,1875.0,Завершен
IN99864,2018-09-29,CL00775,Мытищи,147826,P0011,3.0,825.0,Завершен
IN63188,2018-09-30,CL01033,Москва,142476,P0047,1.5,412.5,Завершен
IN70369,2018-09-30,CL00897,Химки,134471,P0044,2.0,550.0,Завершен
IN60913,2018-09-30,CL00656,Химки,142217,P0117,3.0,1125.0,Завершен
IN52730,2018-09-30,CL01057,Реутов,148546,P0119,2.0,750.0,Завершен
IN79459,2018-09-30,CL00712,Химки,100336,P0064,3.0,1125.0,Завершен
IN35030,2018-09-30,CL01009,Мытищи,125875,P0011,1.0,275.0,Завершен
IN96419,2018-09-30,CL00918,Королёв,134290,P0041,2.5,687.5,Завершен
IN90258,2018-10-01,CL01172,Москва,193674,P0060,2.5,937.5,Завершен
IN14627,2018-10-01,CL01176,Красногорск,195451,P0092,2.5,937.5,Завершен
IN18566,2018-10-01,CL00534,Москва,124906,P0039,3.0,825.0,Отказ
IN16914,2018-10-01,CL00408,Химки,168012,P0045,0.5,137.5,Отказ
IN51064,2018-10-01,CL00775,Мытищи,147826,P0114,1.5,562.5,Завершен
IN29739,2018-10-01,CL00713,Москва,161835,P0035,1.5,412.5,Завершен
IN18653,2018-10-01,CL00083,Мытищи,187012,P0031,1.0,275.0,Завершен
IN51353,2018-10-01,CL00383,Москва,179635,P0096,1.5,562.5,Завершен
IN68538,2018-10-01,CL00705,Москва,145443,P0063,2.5,937.5,Завершен
IN19029,2018-10-02,CL00894,Люберцы,113235,P0120,0.5,187.5,Завершен
IN49335,2018-10-02,CL00981,Химки,180439,P0030,1.0,275.0,Завершен
IN29593,2018-10-02,CL00761,Красногорск,123568,P0015,3.0,825.0,Завершен
IN97674,2018-10-02,CL00972,Красногорск,120290,P0047,0.5,137.5,Завершен
IN52034,2018-10-02,CL00786,Мытищи,187821,P0030,1.0,275.0,Завершен
IN20888,2018-10-02,CL00692,Мытищи,101581,P0085,1.5,562.5,Завершен
IN74847,2018-10-02,CL00324,Красногорск,186980,P0067,1.5,562.5,Завершен
IN98067,2018-10-03,CL00670,Люберцы,147242,P0047,2.0,550.0,Завершен
IN53992,2018-10-03,CL01041,Мытищи,154344,P0049,1.5,412.5,Завершен
IN65641,2018-10-03,CL00206,Москва,107355,P0015,1.5,412.5,Завершен
IN27346,2018-10-03,CL01096,Люберцы,112190,P0073,2.0,750.0,Завершен
IN82401,2018-10-03,CL00832,Красногорск,154627,P0116,1.5,562.5,Завершен
IN44953,2018-10-03,CL00477,Красногорск,184058,P0092,1.0,375.0,Завершен
IN98055,2018-10-03,CL00456,Красногорск,194493,P0020,0.5,137.5,Завершен
IN17361,2018-10-04,CL00454,Красногорск,162701,P0073,0.5,187.5,Завершен
IN20637,2018-10-04,CL00086,Москва,162277,P0014,3.0,825.0,Завершен
IN22004,2018-10-04,CL00451,Реутов,190505,P0118,1.0,375.0,Отказ
IN99863,2018-10-04,CL01050,Подольск,166952,P0046,0.5,137.5,Завершен
IN20408,2018-10-04,CL00415,Химки,154602,P0047,1.0,275.0,Завершен
IN79380,2018-10-04,CL00236,Мытищи,170457,P0055,2.0,750.0,Завершен
IN35860,2018-10-04,CL00147,Подольск,198669,P0047,1.0,275.0,Завершен
IN89358,2018-10-04,CL00498,Подольск,168202,P0063,3.0,1125.0,Завершен
IN47757,2018-10-04,CL01045,Подольск,105136,P0095,3.0,1125.0,Завершен
IN74739,2018-10-05,CL01137,Королёв,124102,P0093,0.5,187.5,Отказ
IN17917,2018-10-05,CL00875,Мытищи,156847,P0025,1.5,412.5,Завершен
IN66373,2018-10-05,CL00956,Королёв,187445,P0013,2.5,687.5,Завершен
IN68449,2018-10-05,CL00736,Химки,176638,P0017,0.5,137.5,Завершен
IN62853,2018-10-06,CL00944,Королёв,177242,P0039,2.0,550.0,Завершен
IN70868,2018-10-06,CL01195,Химки,108302,P0045,2.0,550.0,Завершен
IN60536,2018-10-06,CL00009,Люберцы,179507,P0023,2.0,550.0,Завершен
IN28275,2018-10-06,CL00587,Мытищи,136170,P0026,2.0,550.0,Завершен
IN92862,2018-10-06,CL00662,Мытищи,152129,P0074,5.0,1875.0,Завершен
IN11828,2018-10-06,CL00767,Подольск,177662,P0046,1.0,275.0,Завершен
IN96739,2018-10-06,CL00528,Реутов,117575,P0075,2.0,750.0,Завершен
IN26794,2018-10-07,CL00787,Королёв,127483,P0004,5.0,1375.0,Завершен
IN72065,2018-10-07,CL00497,Мытищи,171781,P0103,1.5,562.5,Завершен
IN58497,2018-10-07,CL00633,Реутов,118070,P0076,0.5,187.5,Отказ
IN52755,2018-10-07,CL00966,Люберцы,158073,P0082,2.0,750.0,Завершен
IN92977,2018-10-08,CL00806,Люберцы,171319,P0073,2.0,750.0,Завершен
IN91350,2018-10-08,CL00673,Реутов,192235,P0032,0.5,137.5,Завершен
IN45750,2018-10-08,CL01070,Реутов,186413,P0011,2.0,550.0,Завершен
IN51178,2018-10-08,CL00189,Мытищи,154387,P0032,1.5,412.5,Завершен
IN36222,2018-10-08,CL00337,Химки,140562,P0005,2.5,687.5,Завершен
IN51168,2018-10-09,CL00074,Химки,109171,P0018,1.0,275.0,Завершен
IN69761,2018-10-09,CL00022,Мытищи,124931,P0048,0.5,137.5,Завершен
IN89500,2018-10-09,CL00424,Королёв,112689,P0002,1.5,412.5,Завершен
IN86871,2018-10-09,CL00282,Люберцы,174395,P0024,2.0,550.0,Завершен
IN12222,2018-10-09,CL00173,Мытищи,153523,P0018,1.0,275.0,Завершен
IN52799,2018-10-09,CL00242,Красногорск,136160,P0012,0.5,137.5,Отказ
IN28579,2018-10-09,CL01196,Химки,165214,P0034,2.5,687.5,Завершен
IN59155,2018-10-09,CL00619,Подольск,143383,P0003,1.5,412.5,Завершен
IN66919,2018-10-09,CL01106,Люберцы,166995,P0004,2.5,687.5,Отказ
IN33330,2018-10-09,CL00644,Москва,157850,P0114,3.0,1125.0,Завершен
IN14526,2018-10-09,CL00824,Красногорск,134620,P0050,1.5,412.5,Завершен
IN84136,2018-10-09,CL01176,Красногорск,195451,P0064,3.0,1125.0,Завершен
IN77070,2018-10-09,CL00466,Люберцы,180698,P0120,5.0,1875.0,Завершен
IN27284,2018-10-09,CL00374,Подольск,165211,P0084,0.5,187.5,Завершен
IN64572,2018-10-10,CL00446,Красногорск,154596,P0097,2.5,937.5,Отказ
IN30314,2018-10-10,CL00103,Реутов,146105,P0103,3.0,1125.0,Завершен
IN37165,2018-10-10,CL00457,Королёв,132311,P0067,2.5,937.5,Завершен
IN44177,2018-10-10,CL00097,Мытищи,130735,P0089,2.0,750.0,Завершен
IN94509,2018-10-10,CL00596,Химки,136739,P0110,1.0,375.0,Завершен
IN16879,2018-10-10,CL00874,Подольск,120766,P0076,3.0,1125.0,Завершен
IN39559,2018-10-10,CL00777,Мытищи,142284,P0095,3.0,1125.0,Завершен
IN38704,2018-10-10,CL00307,Королёв,199598,P0062,2.0,750.0,Отказ
IN30005,2018-10-10,CL01124,Реутов,121409,P0029,5.0,1375.0,Завершен
IN53841,2018-10-11,CL00754,Красногорск,124530,P0097,5.0,1875.0,Завершен
IN44123,2018-10-11,CL00164,Москва,140319,P0036,1.0,275.0,Завершен
IN47405,2018-10-11,CL00419,Подольск,163471,P0052,2.0,750.0,Завершен
IN89084,2018-10-11,CL00406,Подольск,107263,P0118,2.0,750.0,Отказ
IN63174,2018-10-11,CL00212,Москва,160981,P0051,3.0,1125.0,Завершен
IN15460,2018-10-11,CL00728,Реутов,107850,P0078,1.0,375.0,Завершен
IN74445,2018-10-12,CL00813,Королёв,130886,P0047,5.0,1375.0,Завершен
IN47400,2018-10-12,CL00849,Королёв,161171,P0090,2.0,750.0,Завершен
IN42573,2018-10-12,CL01036,Люберцы,129215,P0029,5.0,1375.0,Завершен
IN10035,2018-10-12,CL01170,Люберцы,109356,P0054,0.5,187.5,Завершен
IN16557,2018-10-12,CL00388,Красногорск,185139,P0113,5.0,1875.0,Отказ
IN45944,2018-10-12,CL00084,Мытищи,198453,P0115,5.0,1875.0,Отказ
IN59993,2018-10-12,CL00778,Подольск,157261,P0014,0.5,137.5,Завершен
IN30904,2018-10-12,CL01025,Подольск,166900,P0043,3.0,825.0,Завершен
IN38220,2018-10-12,CL00835,Мытищи,166426,P0026,0.5,137.5,Отказ
IN65465,2018-10-12,CL01165,Люберцы,157464,P0120,3.0,1125.0,Завершен
IN19974,2018-10-12,CL00398,Подольск,164752,P0047,3.0,825.0,Завершен
IN12935,2018-10-12,CL00980,Москва,145351,P0119,1.5,562.5,Завершен
IN75198,2018-10-13,CL00006,Люберцы,131571,P0053,2.0,750.0,Отказ
IN64057,2018-10-13,CL00643,Мытищи,135112,P0016,2.0,550.0,Завершен
IN85597,2018-10-13,CL00721,Красногорск,173899,P0016,1.0,275.0,Завершен
IN46808,2018-10-13,CL00190,Люберцы,137072,P0052,0.5,187.5,Завершен
IN72805,2018-10-13,CL01146,Королёв,170855,P0090,3.0,1125.0,Завершен
IN13199,2018-10-13,CL00867,Королёв,165598,P0024,1.0,275.0,Завершен
IN34650,2018-10-13,CL00465,Королёв,170592,P0032,3.0,825.0,Завершен
IN10255,2018-10-13,CL00392,Химки,137431,P0087,1.0,375.0,Завершен
IN83821,2018-10-13,CL00702,Москва,156948,P0033,3.0,825.0,Отказ
IN28040,2018-10-14,CL00997,Люберцы,139498,P0096,0.5,187.5,Завершен
IN94602,2018-10-14,CL00719,Мытищи,137002,P0008,1.5,412.5,Завершен
IN80675,2018-10-14,CL00471,Химки,137649,P0103,2.0,750.0,Завершен
IN15604,2018-10-14,CL00639,Реутов,154477,P0068,5.0,1875.0,Завершен
IN91928,2018-10-14,CL00234,Люберцы,115292,P0046,1.5,412.5,Завершен
IN80806,2018-10-14,CL00745,Мытищи,118322,P0081,1.0,375.0,Завершен
IN30896,2018-10-14,CL00325,Красногорск,185990,P0053,3.0,1125.0,Завершен
IN28287,2018-10-14,CL00983,Мытищи,170809,P0102,5.0,1875.0,Завершен
IN61950,2018-10-14,CL00115,Москва,126130,P0004,5.0,1375.0,Завершен
IN48769,2018-10-15,CL00208,Реутов,123600,P0039,0.5,137.5,Отказ
IN99192,2018-10-15,CL00003,Мытищи,139117,P0053,0.5,187.5,Завершен
IN69323,2018-10-15,CL00905,Королёв,122898,P0042,0.5,137.5,Отказ
IN82433,2018-10-16,CL00296,Люберцы,102733,P0076,0.5,187.5,Завершен
IN69139,2018-10-16,CL00361,Реутов,105706,P0052,5.0,1875.0,Завершен
IN22445,2018-10-16,CL00529,Химки,143288,P0001,1.0,275.0,Завершен
IN87781,2018-10-16,CL00482,Подольск,183719,P0120,0.5,187.5,Завершен
IN13700,2018-10-16,CL00718,Химки,106019,P0077,5.0,1875.0,Завершен
IN75807,2018-10-16,CL00449,Подольск,131745,P0119,2.5,937.5,Завершен
IN84062,2018-10-16,CL00590,Химки,117758,P0094,1.0,375.0,Завершен
IN80210,2018-10-16,CL00034,Москва,110500,P0097,2.0,750.0,Завершен
IN43187,2018-10-16,CL00833,Химки,153368,P0021,3.0,825.0,Завершен
IN95704,2018-10-17,CL00495,Химки,178094,P0103,0.5,187.5,Завершен
IN15750,2018-10-17,CL00363,Мытищи,196068,P0007,1.0,275.0,Завершен
IN54573,2018-10-17,CL00997,Люберцы,139498,P0001,1.5,412.5,Завершен
IN74664,2018-10-17,CL00985,Королёв,185397,P0092,5.0,1875.0,Завершен
IN25216,2018-10-17,CL00718,Химки,106019,P0027,1.0,275.0,Завершен
IN27301,2018-10-17,CL00879,Москва,182141,P0051,0.5,187.5,Завершен
IN89325,2018-10-17,CL00195,Красногорск,192435,P0119,3.0,1125.0,Завершен
IN75030,2018-10-17,CL00533,Королёв,143642,P0001,2.5,687.5,Отказ
IN66357,2018-10-17,CL01171,Подольск,132778,P0047,1.5,412.5,Завершен
IN58272,2018-10-17,CL00107,Подольск,116728,P0101,0.5,187.5,Завершен
IN78755,2018-10-18,CL01033,Москва,142476,P0023,5.0,1375.0,Отказ
IN79536,2018-10-18,CL00369,Реутов,171176,P0042,3.0,825.0,Завершен
IN58979,2018-10-19,CL00140,Красногорск,159473,P0078,0.5,187.5,Завершен
IN39454,2018-10-19,CL01038,Королёв,100864,P0120,2.0,750.0,Завершен
IN72831,2018-10-19,CL01022,Реутов,127886,P0005,3.0,825.0,Завершен
IN76787,2018-10-19,CL00875,Мытищи,156847,P0078,2.5,937.5,Завершен
IN93275,2018-10-19,CL01038,Королёв,100864,P0041,2.0,550.0,Завершен
IN78322,2018-10-19,CL00509,Красногорск,170419,P0063,1.0,375.0,Завершен
IN19837,2018-10-19,CL01034,Люберцы,134513,P0091,1.5,562.5,Завершен
IN64698,2018-10-19,CL00338,Химки,174766,P0042,2.0,550.0,Завершен
IN29079,2018-10-19,CL01014,Реутов,141053,P0094,0.5,187.5,Завершен
IN58433,2018-10-19,CL00189,Мытищи,154387,P0027,5.0,1375.0,Завершен
IN70883,2018-10-19,CL00012,Королёв,159177,P0086,1.5,562.5,Завершен
IN54758,2018-10-19,CL01127,Красногорск,133779,P0107,3.0,1125.0,Завершен
IN89337,2018-10-19,CL00042,Мытищи,166307,P0067,1.5,562.5,Завершен
IN48668,2018-10-20,CL00143,Химки,163464,P0096,5.0,1875.0,Завершен
IN57380,2018-10-20,CL00890,Москва,185664,P0006,1.0,275.0,Завершен
IN52092,2018-10-20,CL00992,Химки,153429,P0108,3.0,1125.0,Завершен
IN86251,2018-10-20,CL00527,Подольск,107552,P0069,1.0,375.0,Завершен
IN48202,2018-10-20,CL00871,Красногорск,123639,P0118,2.5,937.5,Завершен
IN88398,2018-10-20,CL00984,Москва,149146,P0041,3.0,825.0,Завершен
IN46353,2018-10-21,CL00515,Химки,113224,P0089,0.5,187.5,Завершен
IN45181,2018-10-21,CL00920,Красногорск,190209,P0081,0.5,187.5,Завершен
IN65478,2018-10-21,CL00417,Люберцы,189783,P0006,1.0,275.0,Завершен
IN96546,2018-10-21,CL00106,Москва,187670,P0059,1.0,375.0,Отказ
IN24605,2018-10-21,CL01167,Химки,140838,P0006,2.5,687.5,Отказ
IN46329,2018-10-21,CL00504,Мытищи,145158,P0039,1.5,412.5,Завершен
IN40210,2018-10-21,CL00133,Люберцы,191905,P0078,1.5,562.5,Завершен
IN85974,2018-10-22,CL00361,Реутов,105706,P0098,3.0,1125.0,Завершен
IN60685,2018-10-22,CL00769,Подольск,124672,P0004,5.0,1375.0,Завершен
IN23155,2018-10-22,CL01083,Реутов,151792,P0098,2.0,750.0,Завершен
IN68213,2018-10-22,CL00267,Красногорск,190023,P0060,5.0,1875.0,Отказ
IN60393,2018-10-22,CL00371,Люберцы,106265,P0067,2.0,750.0,Завершен
IN59828,2018-10-22,CL00949,Реутов,179822,P0068,5.0,1875.0,Завершен
IN45615,2018-10-22,CL00349,Мытищи,185191,P0083,0.5,187.5,Завершен
IN74424,2018-10-22,CL00144,Люберцы,125443,P0120,1.0,375.0,Завершен
IN78673,2018-10-22,CL01168,Красногорск,104159,P0108,2.0,750.0,Завершен
IN75409,2018-10-22,CL00492,Химки,117507,P0065,1.5,562.5,Завершен
IN67958,2018-10-22,CL00591,Москва,143544,P0103,2.5,937.5,Завершен
IN28941,2018-10-22,CL01047,Москва,195417,P0010,2.5,687.5,Завершен
IN99558,2018-10-22,CL00938,Красногорск,106000,P0030,3.0,825.0,Отказ
IN62953,2018-10-22,CL01057,Реутов,148546,P0018,2.0,550.0,Завершен
IN56303,2018-10-22,CL00934,Красногорск,129218,P0047,1.0,275.0,Завершен
IN48099,2018-10-22,CL00645,Реутов,185678,P0057,2.0,750.0,Завершен
IN48424,2018-10-23,CL00999,Реутов,104039,P0077,1.5,562.5,Завершен
IN46505,2018-10-23,CL00213,Подольск,145293,P0006,1.0,275.0,Завершен
IN40027,2018-10-23,CL01040,Химки,120625,P0040,5.0,1375.0,Завершен
IN78224,2018-10-23,CL00761,Красногорск,123568,P0004,2.0,550.0,Завершен
IN33426,2018-10-24,CL01105,Королёв,141342,P0006,5.0,1375.0,Завершен
IN70625,2018-10-24,CL00626,Красногорск,159972,P0048,2.5,687.5,Завершен
IN33451,2018-10-24,CL01157,Реутов,110382,P0011,2.5,687.5,Завершен
IN34485,2018-10-24,CL01178,Химки,106827,P0005,1.0,275.0,Завершен
IN52661,2018-10-24,CL00335,Королёв,147749,P0022,1.0,275.0,Завершен
IN45695,2018-10-24,CL00930,Мытищи,197679,P0014,5.0,1375.0,Завершен
IN82130,2018-10-25,CL00870,Реутов,159974,P0021,3.0,825.0,Завершен
IN78819,2018-10-25,CL01088,Люберцы,166353,P0087,2.5,937.5,Завершен
IN78112,2018-10-25,CL00594,Королёв,152198,P0053,2.0,750.0,Завершен
IN85690,2018-10-25,CL00534,Москва,124906,P0073,1.5,562.5,Завершен
IN63110,2018-10-25,CL00699,Люберцы,110357,P0048,3.0,825.0,Завершен
IN29075,2018-10-26,CL00142,Красногорск,170236,P0095,0.5,187.5,Завершен
IN48721,2018-10-26,CL00914,Подольск,177430,P0049,3.0,825.0,Завершен
IN70960,2018-10-26,CL00108,Реутов,186900,P0106,1.5,562.5,Отказ
IN66804,2018-10-26,CL00481,Москва,138669,P0087,2.0,750.0,Завершен
IN56500,2018-10-26,CL00623,Реутов,192371,P0076,0.5,187.5,Завершен
IN72535,2018-10-26,CL00174,Красногорск,121079,P0076,5.0,1875.0,Завершен
IN72843,2018-10-26,CL00991,Мытищи,133018,P0079,0.5,187.5,Завершен
IN77763,2018-10-27,CL00136,Королёв,164332,P0120,1.5,562.5,Завершен
IN67461,2018-10-27,CL00454,Красногорск,162701,P0085,2.5,937.5,Завершен
IN77367,2018-10-27,CL00723,Химки,171638,P0012,5.0,1375.0,Завершен
IN81826,2018-10-27,CL00293,Мытищи,197260,P0064,0.5,187.5,Завершен
IN76315,2018-10-27,CL00397,Красногорск,115907,P0083,3.0,1125.0,Завершен
IN30097,2018-10-27,CL01014,Реутов,141053,P0082,0.5,187.5,Завершен
IN18662,2018-10-28,CL00203,Москва,130771,P0070,3.0,1125.0,Завершен
IN31706,2018-10-28,CL00090,Химки,191214,P0087,1.0,375.0,Завершен
IN20481,2018-10-28,CL00264,Реутов,129949,P0075,3.0,1125.0,Завершен
IN54923,2018-10-28,CL00596,Химки,136739,P0077,3.0,1125.0,Завершен
IN58774,2018-10-28,CL01087,Химки,152947,P0084,2.5,937.5,Завершен
IN43827,2018-10-28,CL00438,Красногорск,144444,P0047,5.0,1375.0,Завершен
IN53332,2018-10-28,CL01118,Химки,194478,P0068,2.5,937.5,Завершен
IN79036,2018-10-28,CL00109,Мытищи,117786,P0056,3.0,1125.0,Завершен
IN64957,2018-10-29,CL00520,Красногорск,188150,P0002,2.0,550.0,Завершен
IN20633,2018-10-29,CL00261,Реутов,169541,P0044,2.5,687.5,Завершен
IN73068,2018-10-29,CL00867,Королёв,165598,P0044,1.0,275.0,Завершен
IN51150,2018-10-29,CL00515,Химки,113224,P0093,3.0,1125.0,Отказ
IN66645,2018-10-29,CL01088,Люберцы,166353,P0043,0.5,137.5,Завершен
IN14010,2018-10-29,CL00685,Мытищи,150335,P0072,1.0,375.0,Завершен
IN58072,2018-10-30,CL00867,Королёв,165598,P0001,1.5,412.5,Завершен
IN56825,2018-10-30,CL00326,Подольск,111104,P0038,3.0,825.0,Завершен
IN15299,2018-10-30,CL00431,Москва,178317,P0073,3.0,1125.0,Завершен
IN53272,2018-10-30,CL00965,Красногорск,107051,P0002,1.0,275.0,Завершен
IN86397,2018-10-30,CL00730,Красногорск,198028,P0064,0.5,187.5,Отказ
IN90525,2018-10-30,CL00266,Мытищи,140963,P0045,0.5,137.5,Завершен
IN35198,2018-10-30,CL01042,Мытищи,162759,P0022,0.5,137.5,Завершен
IN61231,2018-10-30,CL00573,Красногорск,135825,P0120,5.0,1875.0,Завершен
IN24095,2018-10-30,CL00265,Красногорск,152262,P0004,5.0,1375.0,Завершен
IN62572,2018-10-31,CL00828,Москва,135203,P0056,1.5,562.5,Завершен
IN40818,2018-10-31,CL00810,Подольск,187486,P0103,2.0,750.0,Завершен
IN50543,2018-10-31,CL00879,Москва,182141,P0091,5.0,1875.0,Завершен
IN41546,2018-10-31,CL00291,Королёв,123028,P0030,3.0,825.0,Завершен
IN30344,2018-10-31,CL00749,Мытищи,184670,P0073,2.0,750.0,Завершен
IN87028,2018-10-31,CL00256,Люберцы,104082,P0003,0.5,137.5,Отказ
IN68840,2018-10-31,CL00512,Реутов,132441,P0050,0.5,137.5,Завершен
IN19626,2018-10-31,CL00689,Химки,166784,P0107,1.0,375.0,Завершен
IN51936,2018-10-31,CL01182,Королёв,120315,P0098,1.5,562.5,Завершен
IN42846,2018-11-01,CL01077,Реутов,168289,P0054,5.0,1875.0,Завершен
IN53850,2018-11-01,CL00394,Подольск,158341,P0052,2.0,750.0,Отказ
IN28394,2018-11-01,CL00322,Красногорск,112387,P0030,1.0,275.0,Отказ
IN74927,2018-11-01,CL00053,Подольск,172309,P0019,1.0,275.0,Завершен
IN33660,2018-11-01,CL00713,Москва,161835,P0022,1.5,412.5,Завершен
IN11209,2018-11-01,CL01155,Москва,124716,P0115,2.0,750.0,Отказ
IN54952,2018-11-01,CL01039,Королёв,110104,P0022,3.0,825.0,Завершен
IN54194,2018-11-01,CL01163,Химки,119942,P0022,5.0,1375.0,Завершен
IN43310,2018-11-02,CL00566,Москва,141220,P0109,3.0,1125.0,Завершен
IN79565,2018-11-02,CL00356,Мытищи,165513,P0107,2.0,750.0,Завершен
IN68884,2018-11-02,CL00368,Химки,141365,P0066,1.0,375.0,Отказ
IN66362,2018-11-02,CL00089,Москва,113970,P0005,1.0,275.0,Завершен
IN45865,2018-11-02,CL00370,Люберцы,184790,P0098,0.5,187.5,Завершен
IN81636,2018-11-02,CL00526,Королёв,129536,P0012,2.5,687.5,Завершен
IN93888,2018-11-02,CL00467,Химки,169604,P0080,2.0,750.0,Отказ
IN88675,2018-11-02,CL00055,Москва,176350,P0063,5.0,1875.0,Завершен
IN81916,2018-11-03,CL01007,Химки,187946,P0117,1.5,562.5,Завершен
IN30390,2018-11-03,CL00807,Подольск,149996,P0055,3.0,1125.0,Отказ
IN10436,2018-11-03,CL00802,Люберцы,181931,P0083,5.0,1875.0,Завершен
IN45396,2018-11-03,CL00418,Люберцы,190257,P0113,1.0,375.0,Отказ
IN69151,2018-11-03,CL00266,Мытищи,140963,P0118,1.0,375.0,Завершен
IN80070,2018-11-03,CL00693,Красногорск,174498,P0102,1.5,562.5,Завершен
IN73077,2018-11-03,CL00466,Люберцы,180698,P0090,2.0,750.0,Завершен
IN36098,2018-11-04,CL00013,Химки,144313,P0013,1.5,412.5,Завершен
IN34652,2018-11-04,CL00378,Люберцы,194065,P0019,0.5,137.5,Отказ
IN12244,2018-11-04,CL00889,Реутов,133526,P0047,0.5,137.5,Завершен
IN95028,2018-11-04,CL00605,Москва,147124,P0028,3.0,825.0,Завершен
IN10974,2018-11-04,CL00561,Москва,192123,P0111,1.5,562.5,Завершен
IN21170,2018-11-04,CL00958,Мытищи,119048,P0046,1.5,412.5,Завершен
IN87941,2018-11-04,CL01145,Москва,146771,P0032,1.0,275.0,Завершен
IN25269,2018-11-04,CL00759,Москва,193502,P0077,2.5,937.5,Завершен
IN74794,2018-11-04,CL00702,Москва,156948,P0023,2.5,687.5,Завершен
IN54656,2018-11-04,CL00279,Реутов,197120,P0012,2.5,687.5,Завершен
IN14257,2018-11-04,CL01048,Мытищи,179498,P0033,0.5,137.5,Завершен
IN51558,2018-11-04,CL00643,Мытищи,135112,P0043,5.0,1375.0,Завершен
IN78806,2018-11-05,CL01029,Королёв,105297,P0086,5.0,1875.0,Завершен
IN23123,2018-11-05,CL00876,Реутов,162573,P0091,2.5,937.5,Завершен
IN44629,2018-11-05,CL00761,Красногорск,123568,P0022,1.5,412.5,Завершен
IN26217,2018-11-05,CL00516,Королёв,192181,P0011,5.0,1375.0,Завершен
IN86313,2018-11-05,CL00047,Мытищи,197310,P0007,1.0,275.0,Завершен
IN16432,2018-11-05,CL00566,Москва,141220,P0119,5.0,1875.0,Отказ
IN82116,2018-11-05,CL00915,Королёв,149774,P0069,1.5,562.5,Завершен
IN20441,2018-11-05,CL00374,Подольск,165211,P0002,5.0,1375.0,Завершен
IN53786,2018-11-06,CL01037,Красногорск,145224,P0113,5.0,1875.0,Завершен
IN84581,2018-11-06,CL01061,Мытищи,171267,P0013,1.0,275.0,Завершен
IN92685,2018-11-06,CL00431,Москва,178317,P0009,3.0,825.0,Завершен
IN38628,2018-11-06,CL00459,Химки,164094,P0001,5.0,1375.0,Отказ
IN32199,2018-11-06,CL00406,Подольск,107263,P0073,3.0,1125.0,Завершен
IN99449,2018-11-06,CL00160,Люберцы,137762,P0040,3.0,825.0,Завершен
IN63465,2018-11-06,CL00995,Мытищи,176756,P0018,2.5,687.5,Завершен
IN45823,2018-11-06,CL00977,Реутов,152876,P0068,0.5,187.5,Завершен
IN34582,2018-11-06,CL00087,Королёв,182544,P0111,2.5,937.5,Завершен
IN17781,2018-11-06,CL00774,Москва,176888,P0013,2.0,550.0,Завершен
IN97409,2018-11-06,CL00728,Реутов,107850,P0113,2.0,750.0,Завершен
IN79177,2018-11-06,CL00823,Мытищи,113237,P0004,2.0,550.0,Завершен
IN63021,2018-11-06,CL00630,Люберцы,177354,P0002,1.5,412.5,Завершен
IN37044,2018-11-07,CL00558,Красногорск,160161,P0098,2.0,750.0,Завершен
IN94929,2018-11-07,CL00982,Москва,142065,P0111,2.0,750.0,Завершен
IN58333,2018-11-07,CL00422,Подольск,167499,P0081,5.0,1875.0,Завершен
IN59640,2018-11-07,CL00426,Химки,120932,P0050,1.5,412.5,Завершен
IN46053,2018-11-07,CL00862,Подольск,143992,P0073,3.0,1125.0,Завершен
IN93237,2018-11-07,CL00657,Реутов,175684,P0067,2.0,750.0,Завершен
IN56291,2018-11-07,CL01079,Королёв,186099,P0082,1.0,375.0,Завершен
IN96809,2018-11-07,CL00271,Мытищи,187207,P0061,1.0,375.0,Завершен
IN36335,2018-11-08,CL01146,Королёв,170855,P0114,3.0,1125.0,Завершен
IN72499,2018-11-08,CL01034,Люберцы,134513,P0080,3.0,1125.0,Завершен
IN72960,2018-11-08,CL00746,Москва,129135,P0043,2.0,550.0,Завершен
IN27496,2018-11-08,CL01198,Мытищи,186362,P0080,1.0,375.0,Завершен
IN94570,2018-11-08,CL01137,Королёв,124102,P0002,0.5,137.5,Завершен
IN82318,2018-11-08,CL00348,Мытищи,103694,P0095,2.0,750.0,Завершен
IN28965,2018-11-08,CL00586,Люберцы,164634,P0081,2.5,937.5,Завершен
IN58605,2018-11-08,CL00280,Мытищи,128197,P0088,0.5,187.5,Завершен
IN22954,2018-11-08,CL00205,Мытищи,190964,P0096,2.5,937.5,Завершен
IN77696,2018-11-08,CL00232,Химки,181205,P0099,1.5,562.5,Завершен
IN62915,2018-11-08,CL00919,Москва,188857,P0078,5.0,1875.0,Завершен
IN24040,2018-11-08,CL00225,Люберцы,133681,P0042,0.5,137.5,Отказ
IN43043,2018-11-08,CL01048,Мытищи,179498,P0113,1.0,375.0,Завершен
IN22594,2018-11-09,CL00744,Москва,159270,P0097,2.5,937.5,Завершен
IN35725,2018-11-09,CL00146,Подольск,107146,P0079,2.0,750.0,Завершен
IN54059,2018-11-09,CL00544,Реутов,132208,P0105,1.0,375.0,Завершен
IN41610,2018-11-09,CL00292,Реутов,130161,P0048,1.5,412.5,Завершен
IN39829,2018-11-09,CL00600,Люберцы,109064,P0109,2.5,937.5,Завершен
IN12153,2018-11-09,CL00918,Королёв,134290,P0072,2.0,750.0,Завершен
IN84076,2018-11-09,CL00155,Королёв,177139,P0022,3.0,825.0,Отказ
IN15751,2018-11-09,CL01138,Подольск,186772,P0079,1.0,375.0,Завершен
IN80120,2018-11-09,CL00044,Красногорск,157433,P0080,1.0,375.0,Завершен
IN38358,2018-11-10,CL00535,Королёв,191177,P0010,5.0,1375.0,Завершен
IN53351,2018-11-10,CL00623,Реутов,192371,P0041,5.0,1375.0,Завершен
IN86399,2018-11-10,CL00981,Химки,180439,P0109,0.5,187.5,Отказ
IN46394,2018-11-10,CL00167,Королёв,105224,P0037,1.0,275.0,Завершен
IN32462,2018-11-11,CL01098,Красногорск,175197,P0001,2.0,550.0,Завершен
IN32950,2018-11-11,CL00418,Люберцы,190257,P0006,1.5,412.5,Отказ
IN65096,2018-11-11,CL00335,Королёв,147749,P0080,3.0,1125.0,Завершен
IN30648,2018-11-11,CL00144,Люберцы,125443,P0032,0.5,137.5,Отказ
IN64401,2018-11-11,CL00097,Мытищи,130735,P0029,1.0,275.0,Отказ
IN31782,2018-11-11,CL00670,Люберцы,147242,P0010,0.5,137.5,Завершен
IN82744,2018-11-11,CL00465,Королёв,170592,P0071,1.5,562.5,Завершен
IN87553,2018-11-11,CL00079,Реутов,100053,P0059,3.0,1125.0,Завершен
IN69382,2018-11-11,CL01005,Химки,184663,P0053,2.5,937.5,Завершен
IN87892,2018-11-11,CL00664,Красногорск,144270,P0008,1.0,275.0,Завершен
IN38257,2018-11-11,CL00464,Красногорск,185979,P0089,2.5,937.5,Завершен
IN66062,2018-11-12,CL01143,Реутов,132426,P0032,5.0,1375.0,Завершен
IN36909,2018-11-12,CL00705,Москва,145443,P0024,2.0,550.0,Завершен
IN92686,2018-11-13,CL00750,Подольск,143456,P0014,3.0,825.0,Завершен
IN13387,2018-11-13,CL00581,Мытищи,158830,P0101,3.0,1125.0,Завершен
IN56312,2018-11-13,CL00287,Реутов,188895,P0004,3.0,825.0,Завершен
IN25093,2018-11-13,CL00850,Реутов,100963,P0063,1.5,562.5,Завершен
IN94621,2018-11-13,CL00714,Реутов,123456,P0092,5.0,1875.0,Завершен
IN44184,2018-11-13,CL00237,Реутов,187881,P0062,1.5,562.5,Завершен
IN29391,2018-11-13,CL00422,Подольск,167499,P0003,1.0,275.0,Отказ
IN80780,2018-11-13,CL00412,Подольск,194454,P0067,2.5,937.5,Завершен
IN58439,2018-11-14,CL00172,Подольск,157132,P0037,1.0,275.0,Завершен
IN50648,2018-11-14,CL00942,Королёв,124979,P0115,3.0,1125.0,Отказ
IN85605,2018-11-14,CL00394,Подольск,158341,P0095,5.0,1875.0,Завершен
IN82422,2018-11-14,CL00307,Королёв,199598,P0113,2.0,750.0,Завершен
IN71573,2018-11-14,CL00993,Королёв,156757,P0089,3.0,1125.0,Отказ
IN41508,2018-11-14,CL00118,Подольск,198032,P0118,0.5,187.5,Завершен
IN90505,2018-11-14,CL00877,Москва,126137,P0049,2.0,550.0,Завершен
IN56540,2018-11-14,CL00253,Реутов,197735,P0059,2.5,937.5,Завершен
IN91841,2018-11-14,CL00457,Королёв,132311,P0027,5.0,1375.0,Завершен
IN94381,2018-11-15,CL00888,Мытищи,185267,P0063,3.0,1125.0,Завершен
IN72081,2018-11-15,CL00521,Химки,118777,P0086,1.0,375.0,Завершен
IN42638,2018-11-15,CL00302,Мытищи,125415,P0043,2.0,550.0,Завершен
IN34600,2018-11-15,CL00563,Мытищи,105577,P0048,2.5,687.5,Завершен
IN62390,2018-11-15,CL00557,Красногорск,152022,P0001,2.5,687.5,Завершен
IN98211,2018-11-15,CL00276,Люберцы,156244,P0079,1.5,562.5,Завершен
IN62439,2018-11-15,CL01135,Красногорск,138188,P0091,0.5,187.5,Завершен
IN32396,2018-11-15,CL00750,Подольск,143456,P0067,2.5,937.5,Завершен
IN97752,2018-11-15,CL00232,Химки,181205,P0090,2.5,937.5,Завершен
IN63430,2018-11-15,CL00640,Королёв,174107,P0021,3.0,825.0,Завершен
IN24282,2018-11-16,CL00090,Химки,191214,P0008,5.0,1375.0,Завершен
IN75663,2018-11-16,CL00313,Мытищи,111835,P0046,1.5,412.5,Завершен
IN46101,2018-11-16,CL00065,Люберцы,129831,P0051,2.5,937.5,Завершен
IN27596,2018-11-16,CL00253,Реутов,197735,P0103,1.5,562.5,Завершен
IN18064,2018-11-16,CL00692,Мытищи,101581,P0088,2.0,750.0,Завершен
IN14920,2018-11-16,CL00636,Красногорск,181187,P0056,3.0,1125.0,Завершен
IN17539,2018-11-16,CL01052,Мытищи,150523,P0002,1.5,412.5,Завершен
IN36822,2018-11-16,CL00302,Мытищи,125415,P0014,5.0,1375.0,Завершен
IN56538,2018-11-16,CL00764,Химки,113124,P0009,1.0,275.0,Завершен
IN43779,2018-11-16,CL00906,Люберцы,188705,P0111,1.0,375.0,Завершен
IN90199,2018-11-17,CL00979,Красногорск,128632,P0104,0.5,187.5,Завершен
IN52918,2018-11-17,CL01078,Москва,122973,P0018,5.0,1375.0,Завершен
IN75625,2018-11-17,CL00361,Реутов,105706,P0037,2.0,550.0,Отказ
IN82423,2018-11-17,CL00297,Подольск,181018,P0009,5.0,1375.0,Завершен
IN63382,2018-11-18,CL00655,Люберцы,116631,P0053,1.0,375.0,Завершен
IN30667,2018-11-18,CL00122,Мытищи,139529,P0073,1.0,375.0,Завершен
IN76303,2018-11-18,CL00372,Люберцы,148237,P0120,1.0,375.0,Завершен
IN69151,2018-11-18,CL00416,Королёв,171509,P0078,1.0,375.0,Отказ
IN64823,2018-11-18,CL00332,Люберцы,113256,P0026,1.5,412.5,Завершен
IN84978,2018-11-19,CL00863,Химки,197545,P0032,2.5,687.5,Завершен
IN73605,2018-11-19,CL00576,Мытищи,138715,P0006,0.5,137.5,Завершен
IN94430,2018-11-19,CL00476,Москва,174443,P0052,2.0,750.0,Завершен
IN78746,2018-11-19,CL00379,Подольск,146077,P0064,1.0,375.0,Завершен
IN15287,2018-11-19,CL00203,Москва,130771,P0086,5.0,1875.0,Завершен
IN82683,2018-11-19,CL00678,Мытищи,113425,P0112,0.5,187.5,Завершен
IN68645,2018-11-19,CL00727,Люберцы,169443,P0026,0.5,137.5,Завершен
IN49117,2018-11-19,CL00247,Химки,130539,P0034,5.0,1375.0,Завершен
IN59265,2018-11-20,CL00985,Королёв,185397,P0065,5.0,1875.0,Завершен
IN48851,2018-11-20,CL01087,Химки,152947,P0042,5.0,1375.0,Завершен
IN89254,2018-11-20,CL00935,Красногорск,181232,P0095,5.0,1875.0,Завершен
IN98592,2018-11-20,CL00116,Подольск,162070,P0046,5.0,1375.0,Завершен
IN69795,2018-11-20,CL00949,Реутов,179822,P0063,3.0,1125.0,Завершен
IN48738,2018-11-20,CL00796,Королёв,156534,P0017,0.5,137.5,Завершен
IN57996,2018-11-20,CL00375,Люберцы,195300,P0049,1.0,275.0,Завершен
IN84548,2018-11-20,CL00871,Красногорск,123639,P0019,2.5,687.5,Завершен
IN84100,2018-11-20,CL00197,Королёв,116547,P0002,1.0,275.0,Завершен
IN47316,2018-11-21,CL00366,Королёв,117675,P0049,5.0,1375.0,Отказ
IN55178,2018-11-21,CL00198,Мытищи,157711,P0077,5.0,1875.0,Отказ
IN25440,2018-11-21,CL00705,Москва,145443,P0103,2.0,750.0,Завершен
IN84221,2018-11-21,CL00679,Красногорск,139223,P0025,1.0,275.0,Завершен
IN13924,2018-11-21,CL00085,Люберцы,126100,P0089,2.5,937.5,Завершен
IN50729,2018-11-22,CL01171,Подольск,132778,P0011,2.5,687.5,Завершен
IN92056,2018-11-22,CL00604,Реутов,190663,P0062,5.0,1875.0,Завершен
IN31527,2018-11-22,CL01131,Мытищи,137555,P0022,0.5,137.5,Завершен
IN10128,2018-11-22,CL00080,Люберцы,176019,P0119,2.0,750.0,Завершен
IN77357,2018-11-22,CL00620,Королёв,153090,P0062,0.5,187.5,Завершен
IN61024,2018-11-22,CL00571,Красногорск,157290,P0053,2.0,750.0,Завершен
IN25307,2018-11-22,CL00439,Подольск,166731,P0081,0.5,187.5,Завершен
IN60749,2018-11-22,CL00829,Москва,139722,P0054,5.0,1875.0,Завершен
IN52125,2018-11-23,CL01038,Королёв,100864,P0007,2.5,687.5,Отказ
IN33224,2018-11-23,CL00774,Москва,176888,P0079,0.5,187.5,Завершен
IN35676,2018-11-23,CL01038,Королёв,100864,P0020,5.0,1375.0,Завершен
IN68106,2018-11-23,CL00624,Химки,192243,P0086,5.0,1875.0,Завершен
IN98425,2018-11-24,CL00149,Королёв,144657,P0060,2.0,750.0,Завершен
IN35594,2018-11-24,CL00232,Химки,181205,P0053,2.5,937.5,Завершен
IN40423,2018-11-24,CL00843,Люберцы,106507,P0115,1.0,375.0,Завершен
IN38606,2018-11-25,CL00192,Красногорск,199991,P0105,2.0,750.0,Завершен
IN97539,2018-11-25,CL00471,Химки,137649,P0050,2.0,550.0,Отказ
IN44681,2018-11-25,CL00811,Мытищи,170968,P0074,2.5,937.5,Завершен
IN32111,2018-11-25,CL00501,Королёв,154450,P0004,2.5,687.5,Отказ
IN16263,2018-11-25,CL00328,Мытищи,155496,P0064,5.0,1875.0,Завершен
IN48537,2018-11-25,CL00751,Москва,106637,P0026,1.0,275.0,Завершен
IN22388,2018-11-25,CL00031,Подольск,128534,P0028,2.5,687.5,Отказ
IN16933,2018-11-25,CL00478,Подольск,161344,P0116,2.0,750.0,Завершен
IN44222,2018-11-26,CL00601,Королёв,139692,P0031,0.5,137.5,Завершен
IN65032,2018-11-26,CL00967,Красногорск,171645,P0001,2.5,687.5,Завершен
IN54582,2018-11-26,CL00202,Красногорск,199536,P0116,1.0,375.0,Завершен
IN89494,2018-11-26,CL01114,Люберцы,180358,P0105,3.0,1125.0,Завершен
IN65839,2018-11-26,CL00174,Красногорск,121079,P0027,2.0,550.0,Завершен
IN80694,2018-11-26,CL00880,Химки,145134,P0087,5.0,1875.0,Завершен
IN77541,2018-11-26,CL00939,Королёв,193959,P0046,1.0,275.0,Завершен
IN51738,2018-11-26,CL00780,Химки,122983,P0033,1.0,275.0,Завершен
IN40003,2018-11-26,CL01020,Люберцы,182132,P0013,2.0,550.0,Отказ
IN13003,2018-11-26,CL00113,Мытищи,198176,P0047,2.5,687.5,Завершен
IN87150,2018-11-26,CL00256,Люберцы,104082,P0115,2.0,750.0,Завершен
IN66189,2018-11-26,CL01070,Реутов,186413,P0075,2.5,937.5,Завершен
IN25596,2018-11-26,CL00294,Реутов,110205,P0030,2.0,550.0,Завершен
IN18007,2018-11-26,CL00464,Красногорск,185979,P0080,2.0,750.0,Завершен
IN75072,2018-11-26,CL00127,Реутов,168386,P0119,2.0,750.0,Завершен
IN30753,2018-11-27,CL00617,Москва,184930,P0102,5.0,1875.0,Отказ
IN14952,2018-11-27,CL00904,Королёв,138800,P0040,1.0,275.0,Завершен
IN14444,2018-11-27,CL00725,Химки,183354,P0073,5.0,1875.0,Завершен
IN40120,2018-11-27,CL00010,Химки,198994,P0084,2.5,937.5,Завершен
IN61183,2018-11-28,CL00692,Мытищи,101581,P0080,2.5,937.5,Завершен
IN96078,2018-11-28,CL01148,Королёв,183342,P0065,2.0,750.0,Завершен
IN90685,2018-11-28,CL00045,Москва,172692,P0094,1.0,375.0,Отказ
IN20222,2018-11-28,CL00454,Красногорск,162701,P0062,2.0,750.0,Завершен
IN92289,2018-11-28,CL00421,Красногорск,145268,P0104,2.5,937.5,Отказ
IN74867,2018-11-28,CL01180,Москва,136188,P0115,3.0,1125.0,Завершен
IN60393,2018-11-28,CL01163,Химки,119942,P0032,2.5,687.5,Завершен
IN91741,2018-11-28,CL00456,Красногорск,194493,P0029,2.5,687.5,Завершен
IN76296,2018-11-28,CL00108,Реутов,186900,P0117,2.5,937.5,Завершен
IN14015,2018-11-29,CL00945,Королёв,196497,P0083,2.0,750.0,Завершен
IN46647,2018-11-29,CL00559,Химки,110566,P0056,3.0,1125.0,Завершен
IN54909,2018-11-29,CL00288,Люберцы,151807,P0064,2.5,937.5,Завершен
IN42926,2018-11-29,CL00670,Люберцы,147242,P0107,5.0,1875.0,Завершен
IN61534,2018-11-29,CL01143,Реутов,132426,P0006,1.0,275.0,Завершен
IN35704,2018-11-29,CL00020,Реутов,195561,P0005,2.0,550.0,Завершен
IN90135,2018-11-29,CL00402,Реутов,175353,P0058,1.0,375.0,Завершен
IN42325,2018-11-29,CL00395,Красногорск,193000,P0031,1.5,412.5,Завершен
IN39133,2018-11-30,CL00609,Москва,129098,P0062,1.0,375.0,Завершен
IN99972,2018-11-30,CL00153,Мытищи,115525,P0078,1.5,562.5,Завершен
IN76123,2018-11-30,CL00949,Реутов,179822,P0029,1.5,412.5,Завершен
IN61277,2018-11-30,CL00119,Подольск,114168,P0095,0.5,187.5,Завершен
IN94649,2018-11-30,CL00085,Люберцы,126100,P0071,1.5,562.5,Завершен
IN60630,2018-11-30,CL01008,Королёв,109587,P0028,2.0,550.0,Завершен
IN12048,2018-11-30,CL00905,Королёв,122898,P0069,5.0,1875.0,Завершен
IN73932,2018-11-30,CL01181,Реутов,101170,P0020,2.5,687.5,Завершен
IN78750,2018-12-01,CL00525,Реутов,149343,P0025,2.0,550.0,Завершен
IN65869,2018-12-01,CL00958,Мытищи,119048,P0017,0.5,137.5,Завершен
IN16002,2018-12-01,CL01057,Реутов,148546,P0062,2.0,750.0,Завершен
IN44832,2018-12-01,CL00845,Химки,153674,P0051,0.5,187.5,Завершен
IN94320,2018-12-01,CL00357,Химки,138177,P0027,5.0,1375.0,Завершен
IN21421,2018-12-01,CL00996,Мытищи,165907,P0100,5.0,1875.0,Завершен
IN33242,2018-12-01,CL00368,Химки,141365,P0079,0.5,187.5,Завершен
IN79364,2018-12-01,CL00565,Люберцы,109744,P0056,2.0,750.0,Завершен
IN76380,2018-12-02,CL00292,Реутов,130161,P0001,5.0,1375.0,Завершен
IN68953,2018-12-02,CL01190,Королёв,124461,P0048,2.0,550.0,Завершен
IN49144,2018-12-02,CL00075,Красногорск,116334,P0096,2.5,937.5,Завершен
IN74580,2018-12-02,CL00842,Красногорск,133903,P0023,5.0,1375.0,Завершен
IN54208,2018-12-02,CL01016,Люберцы,117603,P0068,3.0,1125.0,Завершен
IN46649,2018-12-02,CL00660,Королёв,142898,P0019,3.0,825.0,Завершен
IN87112,2018-12-02,CL00060,Подольск,103248,P0026,2.5,687.5,Завершен
IN51592,2018-12-02,CL01153,Королёв,162530,P0114,2.0,750.0,Завершен
IN78391,2018-12-03,CL00038,Люберцы,193872,P0069,1.5,562.5,Завершен
IN65795,2018-12-03,CL00974,Люберцы,175061,P0074,1.0,375.0,Завершен
IN19121,2018-12-04,CL01160,Реутов,108973,P0074,1.5,562.5,Завершен
IN32658,2018-12-04,CL01100,Королёв,130783,P0059,2.5,937.5,Завершен
IN23875,2018-12-04,CL01032,Реутов,159591,P0044,3.0,825.0,Завершен
IN18246,2018-12-04,CL00595,Люберцы,182955,P0026,3.0,825.0,Завершен
IN28771,2018-12-04,CL01064,Красногорск,113970,P0028,1.0,275.0,Завершен
IN92170,2018-12-04,CL01021,Мытищи,166476,P0011,5.0,1375.0,Завершен
IN17731,2018-12-04,CL00752,Реутов,151773,P0065,1.5,562.5,Завершен
IN21776,2018-12-04,CL00885,Королёв,124697,P0045,2.0,550.0,Завершен
IN23402,2018-12-05,CL00695,Мытищи,108851,P0001,2.5,687.5,Завершен
IN33809,2018-12-05,CL00646,Люберцы,104224,P0117,2.0,750.0,Отказ
IN25850,2018-12-05,CL00690,Реутов,107152,P0021,3.0,825.0,Завершен
IN18299,2018-12-05,CL01133,Реутов,174925,P0015,3.0,825.0,Завершен
IN35994,2018-12-05,CL00543,Люберцы,143236,P0089,2.0,750.0,Завершен
IN61522,2018-12-06,CL00123,Москва,156148,P0005,1.0,275.0,Завершен
IN12563,2018-12-06,CL00252,Москва,106868,P0001,1.5,412.5,Завершен
IN43278,2018-12-06,CL00063,Реутов,161694,P0032,2.5,687.5,Завершен
IN75289,2018-12-06,CL01106,Люберцы,166995,P0030,2.5,687.5,Завершен
IN25267,2018-12-06,CL00205,Мытищи,190964,P0001,2.5,687.5,Завершен
IN89116,2018-12-06,CL00587,Мытищи,136170,P0043,1.0,275.0,Завершен
IN86318,2018-12-06,CL00800,Реутов,164349,P0049,5.0,1375.0,Завершен
IN84847,2018-12-06,CL00406,Подольск,107263,P0081,2.0,750.0,Отказ
IN76311,2018-12-07,CL00559,Химки,110566,P0058,2.0,750.0,Завершен
IN55785,2018-12-07,CL00356,Мытищи,165513,P0055,5.0,1875.0,Завершен
IN58784,2018-12-07,CL00674,Москва,110215,P0045,3.0,825.0,Завершен
IN34203,2018-12-07,CL00324,Красногорск,186980,P0042,3.0,825.0,Завершен
IN61687,2018-12-07,CL01100,Королёв,130783,P0107,1.0,375.0,Завершен
IN77027,2018-12-08,CL00038,Люберцы,193872,P0113,1.5,562.5,Завершен
IN35733,2018-12-08,CL00012,Королёв,159177,P0084,1.0,375.0,Отказ
IN71616,2018-12-08,CL00411,Подольск,176106,P0022,0.5,137.5,Завершен
IN87789,2018-12-08,CL00709,Мытищи,166949,P0079,0.5,187.5,Завершен
IN25095,2018-12-08,CL01181,Реутов,101170,P0005,2.0,550.0,Отказ
IN93006,2018-12-08,CL01096,Люберцы,112190,P0001,1.0,275.0,Завершен
IN25146,2018-12-08,CL01110,Королёв,191520,P0110,1.0,375.0,Завершен
IN97181,2018-12-09,CL00838,Химки,106626,P0079,2.0,750.0,Завершен
IN78287,2018-12-09,CL00730,Красногорск,198028,P0031,5.0,1375.0,Завершен
IN46968,2018-12-09,CL00910,Мытищи,144921,P0110,0.5,187.5,Завершен
IN47283,2018-12-09,CL01012,Красногорск,143036,P0055,1.0,375.0,Завершен
IN99527,2018-12-09,CL00048,Люберцы,127607,P0001,0.5,137.5,Завершен
IN28430,2018-12-09,CL01054,Подольск,123255,P0092,2.0,750.0,Завершен
IN85553,2018-12-09,CL01105,Королёв,141342,P0090,1.5,562.5,Завершен
IN22736,2018-12-10,CL00681,Подольск,173831,P0029,2.0,550.0,Завершен
IN25551,2018-12-10,CL00274,Подольск,129392,P0110,1.0,375.0,Завершен
IN65556,2018-12-10,CL00385,Красногорск,174349,P0020,1.0,275.0,Завершен
IN80731,2018-12-10,CL00941,Мытищи,151497,P0071,1.5,562.5,Завершен
IN27083,2018-12-10,CL00027,Реутов,128016,P0022,1.5,412.5,Завершен
IN43994,2018-12-10,CL00585,Подольск,122216,P0082,1.0,375.0,Завершен
IN30469,2018-12-10,CL00652,Подольск,192281,P0058,0.5,187.5,Завершен
IN73157,2018-12-10,CL00694,Красногорск,122645,P0079,0.5,187.5,Завершен
IN57424,2018-12-10,CL00739,Химки,160731,P0008,0.5,137.5,Завершен
IN40252,2018-12-10,CL00897,Химки,134471,P0061,2.5,937.5,Завершен
IN17904,2018-12-10,CL00757,Королёв,136670,P0087,2.5,937.5,Завершен
IN18063,2018-12-10,CL00962,Красногорск,113432,P0032,1.0,275.0,Завершен
IN21190,2018-12-10,CL01032,Реутов,159591,P0058,2.0,750.0,Завершен
IN87438,2018-12-10,CL00529,Химки,143288,P0064,2.0,750.0,Завершен
IN50404,2018-12-11,CL00565,Люберцы,109744,P0002,2.0,550.0,Завершен
IN68040,2018-12-11,CL01098,Красногорск,175197,P0016,2.5,687.5,Отказ
IN55617,2018-12-11,CL00588,Люберцы,110082,P0032,2.5,687.5,Завершен
IN32607,2018-12-11,CL00116,Подольск,162070,P0039,1.5,412.5,Завершен
IN23949,2018-12-11,CL00538,Люберцы,167215,P0067,1.0,375.0,Завершен
IN42912,2018-12-11,CL00155,Королёв,177139,P0106,1.0,375.0,Завершен
IN24491,2018-12-11,CL00074,Химки,109171,P0077,2.0,750.0,Завершен
IN25533,2018-12-11,CL01008,Королёв,109587,P0049,0.5,137.5,Завершен
IN26074,2018-12-11,CL00909,Красногорск,157372,P0004,5.0,1375.0,Завершен
IN64076,2018-12-11,CL01057,Реутов,148546,P0071,0.5,187.5,Завершен
IN68894,2018-12-11,CL00948,Реутов,179450,P0109,2.5,937.5,Завершен
IN21793,2018-12-11,CL00787,Королёв,127483,P0107,2.0,750.0,Завершен
IN77669,2018-12-11,CL00720,Красногорск,159866,P0006,2.0,550.0,Завершен
IN77744,2018-12-11,CL00380,Москва,146210,P0022,0.5,137.5,Завершен
IN97843,2018-12-11,CL00988,Реутов,126945,P0109,0.5,187.5,Завершен
IN29415,2018-12-11,CL00161,Королёв,130595,P0112,1.5,562.5,Завершен
IN79222,2018-12-12,CL00023,Подольск,136509,P0034,1.0,275.0,Завершен
IN65824,2018-12-12,CL00717,Мытищи,106903,P0096,3.0,1125.0,Завершен
IN43260,2018-12-12,CL00387,Королёв,175225,P0013,3.0,825.0,Завершен
IN25793,2018-12-12,CL00596,Химки,136739,P0090,2.0,750.0,Отказ
IN36078,2018-12-12,CL00102,Реутов,176556,P0005,2.5,687.5,Отказ
IN36262,2018-12-12,CL00987,Москва,127627,P0118,3.0,1125.0,Завершен
IN67603,2018-12-12,CL00271,Мытищи,187207,P0104,2.5,937.5,Завершен
IN61593,2018-12-12,CL00101,Королёв,127110,P0094,1.5,562.5,Завершен
IN20345,2018-12-12,CL00863,Химки,197545,P0094,2.0,750.0,Завершен
IN78762,2018-12-12,CL00738,Красногорск,170244,P0055,1.5,562.5,Завершен
IN72259,2018-12-12,CL00886,Реутов,129402,P0005,1.0,275.0,Завершен
IN44865,2018-12-12,CL00264,Реутов,129949,P0095,0.5,187.5,Отказ
IN23129,2018-12-12,CL00198,Мытищи,157711,P0010,2.0,550.0,Завершен
IN83783,2018-12-13,CL00422,Подольск,167499,P0013,0.5,137.5,Завершен
IN92716,2018-12-13,CL00024,Химки,109880,P0097,5.0,1875.0,Завершен
IN10396,2018-12-13,CL01027,Подольск,118398,P0102,3.0,1125.0,Завершен
IN18621,2018-12-13,CL01058,Реутов,163192,P0075,1.5,562.5,Завершен
IN64339,2018-12-14,CL01176,Красногорск,195451,P0019,2.0,550.0,Завершен
IN48353,2018-12-14,CL00876,Реутов,162573,P0078,2.0,750.0,Завершен
IN60070,2018-12-14,CL00082,Королёв,196463,P0077,0.5,187.5,Завершен
IN73564,2018-12-14,CL01086,Красногорск,136242,P0074,0.5,187.5,Завершен
IN73572,2018-12-14,CL00420,Химки,118830,P0042,1.5,412.5,Завершен
IN42537,2018-12-14,CL00625,Мытищи,170371,P0042,2.0,550.0,Завершен
IN52247,2018-12-14,CL00141,Люберцы,115814,P0046,1.0,275.0,Завершен
IN71245,2018-12-15,CL00758,Подольск,184233,P0062,1.0,375.0,Отказ
IN80851,2018-12-15,CL00644,Москва,157850,P0004,0.5,137.5,Завершен
IN21668,2018-12-15,CL00470,Подольск,162350,P0007,5.0,1375.0,Завершен
IN30756,2018-12-15,CL00111,Химки,144236,P0096,2.0,750.0,Отказ
IN13595,2018-12-15,CL01061,Мытищи,171267,P0017,3.0,825.0,Завершен
IN92283,2018-12-15,CL01010,Красногорск,187988,P0063,3.0,1125.0,Завершен
IN81532,2018-12-15,CL00915,Королёв,149774,P0091,1.5,562.5,Отказ
IN58414,2018-12-15,CL00232,Химки,181205,P0115,5.0,1875.0,Отказ
IN90636,2018-12-15,CL00167,Королёв,105224,P0085,3.0,1125.0,Завершен
IN76120,2018-12-15,CL00723,Химки,171638,P0086,2.5,937.5,Завершен
IN29215,2018-12-15,CL00955,Красногорск,199716,P0024,5.0,1375.0,Завершен
IN56668,2018-12-16,CL00613,Подольск,144966,P0083,5.0,1875.0,Завершен
IN40557,2018-12-16,CL01090,Люберцы,175352,P0093,2.5,937.5,Завершен
IN76433,2018-12-16,CL00690,Реутов,107152,P0098,2.5,937.5,Завершен
IN11511,2018-12-16,CL00972,Красногорск,120290,P0120,1.5,562.5,Завершен
IN13367,2018-12-16,CL00304,Химки,133550,P0104,2.5,937.5,Завершен
IN76150,2018-12-17,CL00949,Реутов,179822,P0105,3.0,1125.0,Завершен
IN61393,2018-12-17,CL01171,Подольск,132778,P0075,1.0,375.0,Завершен
IN97854,2018-12-17,CL00521,Химки,118777,P0051,2.5,937.5,Завершен
IN93281,2018-12-17,CL00140,Красногорск,159473,P0018,5.0,1375.0,Завершен
IN87180,2018-12-17,CL00322,Красногорск,112387,P0060,0.5,187.5,Завершен
IN25455,2018-12-17,CL00046,Мытищи,117601,P0094,1.5,562.5,Завершен
IN21591,2018-12-17,CL00916,Москва,195325,P0068,1.5,562.5,Завершен
IN24744,2018-12-17,CL00659,Реутов,136467,P0030,5.0,1375.0,Завершен
IN74796,2018-12-17,CL01136,Реутов,158313,P0070,1.5,562.5,Завершен
IN33203,2018-12-17,CL00659,Реутов,136467,P0061,2.5,937.5,Завершен
IN82510,2018-12-17,CL00502,Москва,188181,P0073,2.0,750.0,Завершен
IN56605,2018-12-18,CL01084,Химки,196590,P0107,1.0,375.0,Завершен
IN92616,2018-12-18,CL00329,Москва,123627,P0021,2.5,687.5,Завершен
IN81658,2018-12-18,CL01075,Мытищи,129067,P0017,2.0,550.0,Завершен
IN85218,2018-12-18,CL00340,Подольск,179254,P0030,1.0,275.0,Отказ
IN44854,2018-12-18,CL00486,Реутов,198796,P0001,5.0,1375.0,Завершен
IN75773,2018-12-18,CL00468,Химки,154172,P0051,2.5,937.5,Завершен
IN67135,2018-12-18,CL00329,Москва,123627,P0029,1.0,275.0,Завершен
IN42543,2018-12-19,CL00451,Реутов,190505,P0065,5.0,1875.0,Завершен
IN88602,2018-12-19,CL00992,Химки,153429,P0082,1.5,562.5,Завершен
IN36813,2018-12-19,CL00632,Мытищи,190890,P0097,3.0,1125.0,Завершен
IN40493,2018-12-19,CL00717,Мытищи,106903,P0115,3.0,1125.0,Завершен
IN63429,2018-12-19,CL00120,Люберцы,149192,P0111,1.0,375.0,Завершен
IN42587,2018-12-19,CL00546,Королёв,146160,P0042,0.5,137.5,Завершен
IN52102,2018-12-19,CL00209,Подольск,150140,P0056,0.5,187.5,Завершен
IN62508,2018-12-19,CL00972,Красногорск,120290,P0093,2.5,937.5,Завершен
IN12874,2018-12-19,CL01164,Москва,113405,P0008,1.5,412.5,Завершен
IN46492,2018-12-19,CL00157,Химки,134687,P0079,1.0,375.0,Завершен
IN28958,2018-12-19,CL00056,Реутов,140404,P0020,5.0,1375.0,Завершен
IN61710,2018-12-20,CL00378,Люберцы,194065,P0016,2.5,687.5,Завершен
IN44737,2018-12-20,CL00846,Москва,117342,P0078,3.0,1125.0,Завершен
IN96922,2018-12-20,CL00741,Москва,142964,P0008,2.5,687.5,Завершен
IN42633,2018-12-20,CL00898,Красногорск,138712,P0111,2.5,937.5,Завершен
IN61881,2018-12-20,CL00150,Москва,162616,P0098,3.0,1125.0,Завершен
IN67717,2018-12-20,CL00781,Люберцы,138602,P0080,3.0,1125.0,Завершен
IN59959,2018-12-20,CL01093,Москва,133792,P0016,1.5,412.5,Завершен
IN94884,2018-12-21,CL00245,Москва,131925,P0114,1.5,562.5,Завершен
IN85925,2018-12-21,CL00855,Реутов,189228,P0119,1.0,375.0,Завершен
IN88576,2018-12-21,CL01071,Химки,191660,P0111,1.5,562.5,Завершен
IN11006,2018-12-21,CL00393,Химки,109706,P0118,0.5,187.5,Завершен
IN57734,2018-12-22,CL00888,Мытищи,185267,P0038,1.5,412.5,Завершен
IN54553,2018-12-22,CL00754,Красногорск,124530,P0099,2.0,750.0,Завершен
IN89121,2018-12-23,CL01107,Реутов,175584,P0059,2.0,750.0,Завершен
IN17038,2018-12-23,CL00752,Реутов,151773,P0094,2.5,937.5,Завершен
IN98508,2018-12-23,CL01121,Королёв,123148,P0117,0.5,187.5,Завершен
IN34476,2018-12-23,CL01191,Красногорск,136087,P0055,2.0,750.0,Завершен
IN46822,2018-12-24,CL01140,Мытищи,162021,P0106,0.5,187.5,Отказ
IN73071,2018-12-25,CL00681,Подольск,173831,P0061,2.5,937.5,Завершен
IN83246,2018-12-25,CL00184,Мытищи,114871,P0109,3.0,1125.0,Завершен
IN20372,2018-12-25,CL00535,Королёв,191177,P0045,1.0,275.0,Завершен
IN56971,2018-12-25,CL00190,Люберцы,137072,P0044,1.0,275.0,Завершен
IN11785,2018-12-25,CL01040,Химки,120625,P0101,2.0,750.0,Завершен
IN27682,2018-12-25,CL00536,Реутов,172362,P0040,5.0,1375.0,Завершен
IN44487,2018-12-25,CL01187,Королёв,102798,P0097,3.0,1125.0,Завершен
IN45173,2018-12-26,CL00267,Красногорск,190023,P0061,1.5,562.5,Завершен
IN66260,2018-12-26,CL00016,Мытищи,136500,P0052,0.5,187.5,Отказ
IN58159,2018-12-26,CL00315,Королёв,174928,P0033,1.5,412.5,Завершен
IN54373,2018-12-26,CL00991,Мытищи,133018,P0097,1.5,562.5,Завершен
IN35796,2018-12-26,CL01185,Москва,120174,P0102,3.0,1125.0,Завершен
IN24601,2018-12-26,CL00520,Красногорск,188150,P0056,5.0,1875.0,Завершен
IN95859,2018-12-27,CL00195,Красногорск,192435,P0062,1.5,562.5,Завершен
IN18817,2018-12-27,CL00260,Подольск,182978,P0053,2.5,937.5,Отказ
IN42366,2018-12-27,CL00239,Королёв,136666,P0098,2.5,937.5,Завершен
IN53116,2018-12-27,CL00941,Мытищи,151497,P0057,5.0,1875.0,Отказ
IN14351,2018-12-27,CL00850,Реутов,100963,P0102,3.0,1125.0,Завершен
IN79695,2018-12-28,CL00178,Королёв,124586,P0093,1.5,562.5,Завершен
IN57399,2018-12-28,CL00207,Красногорск,119080,P0057,1.0,375.0,Завершен
IN88492,2018-12-29,CL01025,Подольск,166900,P0056,2.5,937.5,Завершен
IN51222,2018-12-29,CL00604,Реутов,190663,P0113,0.5,187.5,Завершен
IN27412,2018-12-29,CL01023,Люберцы,170736,P0091,2.0,750.0,Завершен
IN45945,2018-12-29,CL00285,Королёв,154287,P0080,5.0,1875.0,Завершен
IN41230,2018-12-30,CL00466,Люберцы,180698,P0018,1.0,275.0,Завершен
IN29785,2018-12-30,CL00921,Реутов,132581,P0004,2.5,687.5,Завершен
IN96446,2018-12-30,CL00902,Подольск,167070,P0075,0.5,187.5,Завершен
IN61366,2018-12-30,CL00734,Реутов,196384,P0119,2.5,937.5,Завершен
IN84262,2018-12-30,CL01170,Люберцы,109356,P0080,5.0,1875.0,Завершен
IN77774,2018-12-30,CL00700,Подольск,151213,P0018,1.0,275.0,Завершен
IN16471,2018-12-30,CL01047,Москва,195417,P0079,5.0,1875.0,Завершен
IN37799,2018-12-30,CL00700,Подольск,151213,P0068,3.0,1125.0,Завершен
IN15869,2018-12-30,CL00992,Химки,153429,P0061,1.0,375.0,Завершен
IN34263,2018-12-30,CL00559,Химки,110566,P0110,5.0,1875.0,Завершен
IN10276,2018-12-30,CL00011,Люберцы,188039,P0001,1.0,275.0,Завершен
IN25951,2018-12-31,CL01133,Реутов,174925,P0097,2.0,750.0,Завершен
IN48728,2018-12-31,CL00814,Люберцы,193625,P0059,0.5,187.5,Завершен
IN12215,2019-01-01,CL00899,Москва,127222,P0066,0.5,187.5,Отказ
IN62989,2019-01-01,CL01121,Королёв,123148,P0110,2.0,750.0,Завершен
IN46562,2019-01-01,CL01118,Химки,194478,P0031,1.0,275.0,Отказ
IN87113,2019-01-01,CL00633,Реутов,118070,P0080,1.5,562.5,Завершен
IN19769,2019-01-01,CL00570,Реутов,118343,P0080,2.0,750.0,Завершен
IN16039,2019-01-01,CL00018,Химки,153354,P0076,1.5,562.5,Отказ
IN97614,2019-01-01,CL00433,Подольск,195355,P0068,2.0,750.0,Завершен
IN22062,2019-01-01,CL00980,Москва,145351,P0059,2.0,750.0,Завершен
IN94843,2019-01-01,CL00227,Королёв,118449,P0049,0.5,137.5,Отказ
IN49202,2019-01-01,CL00901,Мытищи,187690,P0035,2.0,550.0,Завершен
IN21835,2019-01-01,CL00812,Химки,150738,P0056,5.0,1875.0,Отказ
IN59534,2019-01-02,CL00292,Реутов,130161,P0094,1.5,562.5,Завершен
IN84003,2019-01-02,CL01000,Подольск,117875,P0074,2.5,937.5,Завершен
IN60910,2019-01-02,CL00349,Мытищи,185191,P0033,2.5,687.5,Завершен
IN12021,2019-01-02,CL00440,Москва,117961,P0045,2.5,687.5,Завершен
IN66813,2019-01-02,CL00322,Красногорск,112387,P0037,2.5,687.5,Завершен
IN92714,2019-01-03,CL00256,Люберцы,104082,P0116,2.0,750.0,Завершен
IN34480,2019-01-03,CL00436,Реутов,172070,P0074,2.5,937.5,Завершен
IN20310,2019-01-03,CL00717,Мытищи,106903,P0102,2.0,750.0,Отказ
IN84925,2019-01-03,CL00661,Мытищи,160089,P0003,2.5,687.5,Завершен
IN44646,2019-01-04,CL01002,Красногорск,101461,P0101,2.0,750.0,Отказ
IN44917,2019-01-04,CL00873,Москва,135851,P0004,3.0,825.0,Завершен
IN82555,2019-01-04,CL00739,Химки,160731,P0016,1.0,275.0,Завершен
IN58869,2019-01-04,CL00636,Красногорск,181187,P0120,1.5,562.5,Завершен
IN15946,2019-01-04,CL01078,Москва,122973,P0080,2.0,750.0,Завершен
IN76295,2019-01-04,CL00127,Реутов,168386,P0047,1.5,412.5,Завершен
IN85756,2019-01-04,CL00874,Подольск,120766,P0066,1.0,375.0,Отказ
IN58125,2019-01-04,CL00876,Реутов,162573,P0057,1.0,375.0,Завершен
IN85303,2019-01-04,CL00481,Москва,138669,P0028,2.0,550.0,Завершен
IN16524,2019-01-04,CL00441,Королёв,119521,P0118,0.5,187.5,Завершен
IN83399,2019-01-05,CL01179,Мытищи,156906,P0027,1.0,275.0,Завершен
IN46699,2019-01-05,CL00237,Реутов,187881,P0093,2.5,937.5,Завершен
IN73632,2019-01-05,CL01093,Москва,133792,P0115,0.5,187.5,Отказ
IN77726,2019-01-05,CL01153,Королёв,162530,P0032,2.5,687.5,Завершен
IN44316,2019-01-05,CL00544,Реутов,132208,P0080,1.0,375.0,Завершен
IN21808,2019-01-05,CL00372,Люберцы,148237,P0001,3.0,825.0,Завершен
IN19501,2019-01-05,CL01153,Королёв,162530,P0119,1.0,375.0,Завершен
IN81073,2019-01-05,CL00470,Подольск,162350,P0115,2.0,750.0,Завершен
IN27847,2019-01-06,CL00932,Мытищи,181142,P0043,0.5,137.5,Завершен
IN70604,2019-01-06,CL00092,Подольск,187500,P0041,1.0,275.0,Отказ
IN87810,2019-01-06,CL00541,Реутов,129002,P0086,0.5,187.5,Завершен
IN21546,2019-01-07,CL01001,Люберцы,118884,P0006,2.0,550.0,Завершен
IN77458,2019-01-07,CL00131,Красногорск,142600,P0087,2.5,937.5,Завершен
IN36500,2019-01-07,CL00576,Мытищи,138715,P0087,1.0,375.0,Завершен
IN42947,2019-01-08,CL01092,Химки,160142,P0056,1.0,375.0,Завершен
IN75979,2019-01-08,CL00231,Реутов,148689,P0092,1.5,562.5,Завершен
IN33183,2019-01-08,CL00003,Мытищи,139117,P0059,1.0,375.0,Завершен
IN60151,2019-01-08,CL00538,Люберцы,167215,P0107,1.5,562.5,Завершен
IN49048,2019-01-08,CL00305,Подольск,199642,P0021,5.0,1375.0,Завершен
IN80804,2019-01-08,CL00395,Красногорск,193000,P0061,2.0,750.0,Завершен
IN16956,2019-01-08,CL00553,Москва,194659,P0105,0.5,187.5,Завершен
IN48657,2019-01-09,CL00472,Люберцы,111725,P0076,1.0,375.0,Завершен
IN99388,2019-01-09,CL00292,Реутов,130161,P0097,3.0,1125.0,Завершен
IN33219,2019-01-09,CL00350,Подольск,137601,P0077,2.0,750.0,Отказ
IN63231,2019-01-09,CL00054,Москва,190573,P0107,1.0,375.0,Завершен
IN40645,2019-01-09,CL00145,Химки,139618,P0017,3.0,825.0,Завершен
IN45133,2019-01-09,CL01151,Люберцы,101383,P0083,1.5,562.5,Завершен
IN99468,2019-01-09,CL00888,Мытищи,185267,P0092,3.0,1125.0,Завершен
IN20838,2019-01-09,CL00295,Реутов,192995,P0002,1.0,275.0,Завершен
IN33998,2019-01-10,CL00298,Красногорск,113875,P0045,1.0,275.0,Завершен
IN95809,2019-01-10,CL01076,Мытищи,194960,P0002,1.5,412.5,Завершен
IN44030,2019-01-10,CL00016,Мытищи,136500,P0057,3.0,1125.0,Завершен
IN90954,2019-01-10,CL00381,Люберцы,107518,P0105,2.0,750.0,Завершен
IN11599,2019-01-11,CL00191,Королёв,158529,P0066,1.0,375.0,Завершен
IN85887,2019-01-11,CL00704,Подольск,192785,P0112,1.0,375.0,Завершен
IN55640,2019-01-11,CL00364,Красногорск,146176,P0071,0.5,187.5,Отказ
IN38116,2019-01-11,CL00403,Подольск,184192,P0038,1.0,275.0,Завершен
IN90160,2019-01-11,CL00689,Химки,166784,P0078,2.0,750.0,Отказ
IN47252,2019-01-11,CL00545,Красногорск,164044,P0055,3.0,1125.0,Завершен
IN49307,2019-01-11,CL00264,Реутов,129949,P0080,0.5,187.5,Отказ
IN22293,2019-01-11,CL01147,Королёв,191438,P0089,3.0,1125.0,Завершен
IN59147,2019-01-12,CL00377,Красногорск,142981,P0102,1.5,562.5,Завершен
IN10364,2019-01-12,CL00766,Химки,150911,P0007,5.0,1375.0,Завершен
IN59411,2019-01-12,CL00719,Мытищи,137002,P0080,2.0,750.0,Завершен
IN29588,2019-01-13,CL00091,Москва,115906,P0056,2.5,937.5,Завершен
IN50332,2019-01-13,CL00892,Реутов,133126,P0068,1.0,375.0,Завершен
IN19141,2019-01-13,CL00886,Реутов,129402,P0029,1.5,412.5,Завершен
IN14187,2019-01-13,CL00903,Мытищи,184454,P0101,0.5,187.5,Завершен
IN65280,2019-01-13,CL00408,Химки,168012,P0084,2.5,937.5,Отказ
IN56683,2019-01-13,CL01150,Мытищи,147943,P0048,5.0,1375.0,Завершен
IN80911,2019-01-13,CL00794,Мытищи,149212,P0047,1.0,275.0,Отказ
IN76903,2019-01-13,CL00769,Подольск,124672,P0115,2.5,937.5,Завершен
IN16085,2019-01-14,CL00957,Люберцы,155363,P0046,1.5,412.5,Завершен
IN41492,2019-01-14,CL01048,Мытищи,179498,P0012,1.0,275.0,Завершен
IN33485,2019-01-14,CL00901,Мытищи,187690,P0010,2.0,550.0,Завершен
IN28542,2019-01-14,CL00095,Королёв,132406,P0059,5.0,1875.0,Отказ
IN78244,2019-01-14,CL00332,Люберцы,113256,P0086,2.0,750.0,Завершен
IN70547,2019-01-14,CL00216,Химки,147049,P0096,1.0,375.0,Отказ
IN99967,2019-01-15,CL01023,Люберцы,170736,P0020,2.0,550.0,Завершен
IN66850,2019-01-15,CL00277,Люберцы,135818,P0120,1.5,562.5,Завершен
IN75946,2019-01-15,CL00967,Красногорск,171645,P0046,0.5,137.5,Завершен
IN58683,2019-01-15,CL01129,Подольск,137304,P0063,2.0,750.0,Завершен
IN20689,2019-01-15,CL00221,Подольск,182242,P0025,1.5,412.5,Завершен
IN51018,2019-01-15,CL00204,Химки,156881,P0008,3.0,825.0,Завершен
IN48606,2019-01-16,CL00429,Москва,151543,P0035,2.5,687.5,Завершен
IN39968,2019-01-16,CL01071,Химки,191660,P0070,2.5,937.5,Завершен
IN30380,2019-01-16,CL00968,Химки,123255,P0030,1.0,275.0,Завершен
IN46362,2019-01-16,CL00320,Красногорск,137079,P0054,0.5,187.5,Завершен
IN46537,2019-01-16,CL01166,Химки,101930,P0109,1.5,562.5,Завершен
IN27259,2019-01-16,CL00553,Москва,194659,P0051,3.0,1125.0,Завершен
IN24379,2019-01-16,CL00744,Москва,159270,P0049,3.0,825.0,Завершен
IN57173,2019-01-16,CL00189,Мытищи,154387,P0039,0.5,137.5,Завершен
IN35727,2019-01-16,CL00546,Королёв,146160,P0101,2.5,937.5,Завершен
IN17528,2019-01-17,CL00469,Королёв,118018,P0068,1.0,375.0,Отказ
IN87970,2019-01-17,CL00719,Мытищи,137002,P0118,1.5,562.5,Завершен
IN67667,2019-01-17,CL00143,Химки,163464,P0045,1.0,275.0,Завершен
IN62151,2019-01-17,CL00817,Химки,155492,P0118,2.0,750.0,Завершен
IN80420,2019-01-17,CL00474,Подольск,104763,P0074,2.5,937.5,Отказ
IN19311,2019-01-17,CL00120,Люберцы,149192,P0020,1.0,275.0,Завершен
IN31220,2019-01-17,CL00305,Подольск,199642,P0054,3.0,1125.0,Отказ
IN99474,2019-01-17,CL00522,Реутов,107989,P0022,2.5,687.5,Отказ
IN19702,2019-01-17,CL00310,Люберцы,177518,P0014,5.0,1375.0,Завершен
IN89707,2019-01-17,CL00928,Химки,158220,P0055,2.0,750.0,Завершен
IN30856,2019-01-17,CL00177,Красногорск,152976,P0031,0.5,137.5,Завершен
IN79584,2019-01-17,CL00465,Королёв,170592,P0012,2.5,687.5,Завершен
IN47609,2019-01-18,CL00572,Мытищи,180460,P0053,0.5,187.5,Завершен
IN43388,2019-01-18,CL01067,Реутов,154162,P0011,5.0,1375.0,Завершен
IN67799,2019-01-18,CL00880,Химки,145134,P0020,1.5,412.5,Завершен
IN35735,2019-01-18,CL00448,Москва,122349,P0015,2.0,550.0,Завершен
IN34715,2019-01-18,CL00253,Реутов,197735,P0015,3.0,825.0,Завершен
IN64635,2019-01-18,CL01104,Москва,170972,P0108,3.0,1125.0,Завершен
IN94832,2019-01-18,CL00004,Подольск,121174,P0079,1.5,562.5,Отказ
IN69456,2019-01-18,CL00628,Реутов,176939,P0038,2.5,687.5,Завершен
IN32143,2019-01-18,CL00228,Реутов,173048,P0048,1.0,275.0,Завершен
IN25397,2019-01-18,CL00565,Люберцы,109744,P0098,2.0,750.0,Завершен
IN29248,2019-01-18,CL00722,Химки,177554,P0099,0.5,187.5,Завершен
IN63862,2019-01-18,CL00488,Люберцы,190802,P0070,1.5,562.5,Завершен
IN42181,2019-01-19,CL00517,Химки,152725,P0008,2.5,687.5,Завершен
IN14552,2019-01-19,CL00416,Королёв,171509,P0032,1.5,412.5,Завершен
IN20164,2019-01-19,CL00113,Мытищи,198176,P0075,5.0,1875.0,Завершен
IN57951,2019-01-19,CL01189,Королёв,173272,P0054,0.5,187.5,Завершен
IN75471,2019-01-19,CL00904,Королёв,138800,P0009,5.0,1375.0,Завершен
IN45006,2019-01-19,CL00638,Химки,173607,P0017,2.0,550.0,Отказ
IN54786,2019-01-20,CL00453,Москва,167984,P0084,1.5,562.5,Завершен
IN88111,2019-01-20,CL00555,Подольск,112624,P0117,1.0,375.0,Завершен
IN58655,2019-01-20,CL00199,Королёв,118894,P0120,1.0,375.0,Завершен
IN49595,2019-01-20,CL00700,Подольск,151213,P0040,2.5,687.5,Завершен
IN24790,2019-01-20,CL00469,Королёв,118018,P0033,5.0,1375.0,Завершен
IN17318,2019-01-21,CL00377,Красногорск,142981,P0015,1.0,275.0,Завершен
IN38837,2019-01-21,CL00208,Реутов,123600,P0006,2.0,550.0,Завершен
IN39622,2019-01-21,CL00205,Мытищи,190964,P0049,3.0,825.0,Завершен
IN99216,2019-01-21,CL00078,Реутов,122810,P0061,0.5,187.5,Завершен
IN45003,2019-01-22,CL00924,Москва,120568,P0039,5.0,1375.0,Завершен
IN98960,2019-01-22,CL01133,Реутов,174925,P0037,5.0,1375.0,Завершен
IN75171,2019-01-22,CL00100,Химки,153424,P0034,2.0,550.0,Отказ
IN31443,2019-01-22,CL00611,Красногорск,163277,P0107,1.0,375.0,Завершен
IN98697,2019-01-22,CL00432,Люберцы,114089,P0119,5.0,1875.0,Завершен
IN63860,2019-01-22,CL00915,Королёв,149774,P0083,0.5,187.5,Завершен
IN29988,2019-01-23,CL01009,Мытищи,125875,P0021,3.0,825.0,Завершен
IN80386,2019-01-23,CL01006,Подольск,180856,P0040,5.0,1375.0,Завершен
IN58167,2019-01-23,CL00094,Королёв,197472,P0007,0.5,137.5,Отказ
IN96282,2019-01-23,CL01022,Реутов,127886,P0057,1.5,562.5,Завершен
IN29920,2019-01-23,CL01196,Химки,165214,P0009,0.5,137.5,Отказ
IN33354,2019-01-23,CL00204,Химки,156881,P0051,2.0,750.0,Завершен
IN50525,2019-01-23,CL00532,Мытищи,199837,P0073,3.0,1125.0,Завершен
IN96844,2019-01-23,CL00566,Москва,141220,P0093,1.0,375.0,Завершен
IN42260,2019-01-24,CL00909,Красногорск,157372,P0118,5.0,1875.0,Завершен
IN58959,2019-01-24,CL00788,Мытищи,114160,P0005,1.5,412.5,Завершен
IN96412,2019-01-24,CL00045,Москва,172692,P0011,2.5,687.5,Завершен
IN40753,2019-01-24,CL00354,Мытищи,131147,P0021,3.0,825.0,Завершен
IN23077,2019-01-25,CL00426,Химки,120932,P0071,0.5,187.5,Завершен
IN82564,2019-01-25,CL00545,Красногорск,164044,P0077,1.5,562.5,Завершен
IN83174,2019-01-25,CL00790,Подольск,164629,P0114,1.0,375.0,Завершен
IN33971,2019-01-25,CL00834,Красногорск,167537,P0025,3.0,825.0,Завершен
IN33414,2019-01-26,CL00528,Реутов,117575,P0037,3.0,825.0,Завершен
IN63087,2019-01-26,CL01052,Мытищи,150523,P0083,3.0,1125.0,Завершен
IN90993,2019-01-26,CL01095,Красногорск,146281,P0044,0.5,137.5,Завершен
IN95994,2019-01-26,CL00791,Красногорск,113294,P0053,1.5,562.5,Завершен
IN41751,2019-01-26,CL00308,Красногорск,182210,P0068,0.5,187.5,Завершен
IN73644,2019-01-27,CL00610,Королёв,160694,P0001,5.0,1375.0,Завершен
IN83254,2019-01-27,CL00925,Королёв,109812,P0010,3.0,825.0,Завершен
IN95616,2019-01-27,CL00243,Мытищи,159600,P0104,1.5,562.5,Завершен
IN11776,2019-01-27,CL00589,Люберцы,194489,P0043,2.5,687.5,Завершен
IN60510,2019-01-27,CL00452,Реутов,180147,P0104,3.0,1125.0,Отказ
IN17514,2019-01-27,CL00043,Подольск,109016,P0001,1.0,275.0,Завершен
IN97027,2019-01-27,CL00075,Красногорск,116334,P0102,2.5,937.5,Завершен
IN72066,2019-01-27,CL00809,Королёв,135200,P0073,2.0,750.0,Завершен
IN98241,2019-01-28,CL01192,Мытищи,158901,P0059,0.5,187.5,Отказ
IN45601,2019-01-28,CL01087,Химки,152947,P0042,1.5,412.5,Завершен
IN97887,2019-01-28,CL00544,Реутов,132208,P0015,0.5,137.5,Завершен
IN59279,2019-01-28,CL00973,Подольск,178234,P0032,0.5,137.5,Завершен
IN87454,2019-01-28,CL00024,Химки,109880,P0109,2.5,937.5,Завершен
IN75097,2019-01-28,CL00664,Красногорск,144270,P0107,1.5,562.5,Завершен
IN79727,2019-01-29,CL00360,Мытищи,171313,P0116,2.5,937.5,Завершен
IN63213,2019-01-29,CL00399,Красногорск,148353,P0106,2.5,937.5,Завершен
IN78579,2019-01-29,CL00808,Подольск,134510,P0016,0.5,137.5,Завершен
IN31623,2019-01-29,CL00676,Москва,115806,P0052,2.0,750.0,Завершен
IN73422,2019-01-29,CL00808,Подольск,134510,P0017,2.0,550.0,Завершен
IN56133,2019-01-30,CL00119,Подольск,114168,P0004,0.5,137.5,Завершен
IN55757,2019-01-30,CL00065,Люберцы,129831,P0012,5.0,1375.0,Отказ
IN45689,2019-01-30,CL01170,Люберцы,109356,P0118,2.0,750.0,Завершен
IN13021,2019-01-31,CL00399,Красногорск,148353,P0101,5.0,1875.0,Завершен
IN51252,2019-01-31,CL00700,Подольск,151213,P0104,2.0,750.0,Завершен
IN36106,2019-01-31,CL00354,Мытищи,131147,P0119,3.0,1125.0,Завершен
IN60609,2019-01-31,CL00302,Мытищи,125415,P0100,0.5,187.5,Завершен
IN90800,2019-01-31,CL01043,Химки,184837,P0073,1.5,562.5,Завершен
IN67852,2019-01-31,CL00071,Красногорск,141114,P0074,1.0,375.0,Завершен
IN42507,2019-02-01,CL01169,Мытищи,119148,P0114,2.0,750.0,Завершен
IN44304,2019-02-01,CL00781,Люберцы,138602,P0057,1.5,562.5,Завершен
IN48293,2019-02-01,CL00577,Мытищи,120214,P0043,5.0,1375.0,Завершен
IN43737,2019-02-01,CL00985,Королёв,185397,P0108,3.0,1125.0,Завершен
IN50023,2019-02-01,CL01190,Королёв,124461,P0029,5.0,1375.0,Отказ
IN84630,2019-02-01,CL00920,Красногорск,190209,P0036,2.5,687.5,Завершен
IN89621,2019-02-01,CL00026,Мытищи,130982,P0106,2.5,937.5,Завершен
IN43879,2019-02-01,CL00314,Королёв,196851,P0084,1.0,375.0,Завершен
IN89356,2019-02-02,CL00824,Красногорск,134620,P0118,2.5,937.5,Завершен
IN38642,2019-02-02,CL00095,Королёв,132406,P0114,3.0,1125.0,Завершен
IN79884,2019-02-02,CL00026,Мытищи,130982,P0009,2.5,687.5,Завершен
IN78470,2019-02-02,CL00537,Люберцы,169946,P0056,3.0,1125.0,Завершен
IN45338,2019-02-02,CL00768,Красногорск,103697,P0084,2.5,937.5,Завершен
IN23580,2019-02-02,CL01197,Люберцы,184004,P0091,0.5,187.5,Завершен
IN84843,2019-02-02,CL00438,Красногорск,144444,P0025,0.5,137.5,Завершен
IN32719,2019-02-02,CL00620,Королёв,153090,P0009,2.0,550.0,Завершен
IN15682,2019-02-02,CL00793,Люберцы,134226,P0096,0.5,187.5,Завершен
IN77970,2019-02-02,CL00658,Реутов,109898,P0020,2.0,550.0,Завершен
IN92614,2019-02-02,CL00598,Подольск,172102,P0042,1.5,412.5,Завершен
IN58567,2019-02-02,CL00483,Реутов,111368,P0002,3.0,825.0,Завершен
IN66392,2019-02-03,CL00660,Королёв,142898,P0007,0.5,137.5,Завершен
IN85191,2019-02-03,CL00423,Красногорск,116059,P0096,5.0,1875.0,Отказ
IN19015,2019-02-03,CL00336,Королёв,198617,P0067,2.5,937.5,Завершен
IN82423,2019-02-03,CL00759,Москва,193502,P0103,1.5,562.5,Завершен
IN52894,2019-02-03,CL00866,Королёв,183151,P0065,1.5,562.5,Завершен
IN21094,2019-02-03,CL01072,Мытищи,152502,P0097,2.0,750.0,Завершен
IN81046,2019-02-03,CL00339,Королёв,150052,P0069,0.5,187.5,Завершен
IN36830,2019-02-03,CL00560,Мытищи,149436,P0101,2.5,937.5,Завершен
IN98447,2019-02-04,CL00841,Королёв,123276,P0015,2.0,550.0,Завершен
IN80814,2019-02-04,CL01042,Мытищи,162759,P0024,5.0,1375.0,Завершен
IN82373,2019-02-04,CL00616,Красногорск,105856,P0032,5.0,1375.0,Отказ
IN95344,2019-02-04,CL01076,Мытищи,194960,P0058,5.0,1875.0,Завершен
IN28463,2019-02-04,CL00521,Химки,118777,P0091,1.5,562.5,Завершен
IN59994,2019-02-04,CL00227,Королёв,118449,P0076,2.5,937.5,Завершен
IN16569,2019-02-04,CL00558,Красногорск,160161,P0023,5.0,1375.0,Завершен
IN95697,2019-02-04,CL00654,Подольск,153948,P0078,1.0,375.0,Завершен
IN73870,2019-02-04,CL00355,Мытищи,155027,P0012,0.5,137.5,Завершен
IN18442,2019-02-04,CL00705,Москва,145443,P0036,2.0,550.0,Завершен
IN40641,2019-02-05,CL00686,Реутов,118327,P0050,1.0,275.0,Завершен
IN27621,2019-02-05,CL00899,Москва,127222,P0083,0.5,187.5,Завершен
IN24130,2019-02-05,CL00107,Подольск,116728,P0100,1.5,562.5,Завершен
IN11305,2019-02-05,CL00147,Подольск,198669,P0058,1.0,375.0,Завершен
IN35856,2019-02-05,CL00516,Королёв,192181,P0038,1.0,275.0,Отказ
IN82892,2019-02-06,CL00135,Химки,164038,P0102,1.0,375.0,Завершен
IN73915,2019-02-06,CL00379,Подольск,146077,P0065,5.0,1875.0,Завершен
IN38414,2019-02-06,CL00627,Люберцы,164157,P0055,1.0,375.0,Завершен
IN27276,2019-02-06,CL00246,Химки,172641,P0002,1.5,412.5,Завершен
IN23315,2019-02-07,CL01059,Красногорск,197175,P0086,2.0,750.0,Завершен
IN94173,2019-02-07,CL00199,Королёв,118894,P0034,5.0,1375.0,Завершен
IN52089,2019-02-07,CL00414,Москва,175598,P0075,3.0,1125.0,Завершен
IN27038,2019-02-08,CL00310,Люберцы,177518,P0042,5.0,1375.0,Завершен
IN16179,2019-02-08,CL00238,Подольск,185841,P0081,0.5,187.5,Отказ
IN77307,2019-02-08,CL00459,Химки,164094,P0044,0.5,137.5,Завершен
IN55436,2019-02-08,CL00171,Королёв,157963,P0107,0.5,187.5,Завершен
IN90503,2019-02-08,CL00605,Москва,147124,P0032,3.0,825.0,Завершен
IN19690,2019-02-08,CL01119,Химки,149923,P0107,0.5,187.5,Завершен
IN73534,2019-02-08,CL00842,Красногорск,133903,P0009,2.0,550.0,Завершен
IN92480,2019-02-08,CL00404,Королёв,167811,P0068,1.5,562.5,Завершен
IN56205,2019-02-08,CL00407,Подольск,121229,P0111,1.0,375.0,Завершен
IN48591,2019-02-09,CL00271,Мытищи,187207,P0022,1.0,275.0,Завершен
IN12427,2019-02-09,CL00731,Мытищи,183521,P0007,1.5,412.5,Завершен
IN77969,2019-02-09,CL00863,Химки,197545,P0077,1.5,562.5,Завершен
IN86036,2019-02-09,CL00994,Москва,115506,P0100,2.0,750.0,Завершен
IN70899,2019-02-09,CL00989,Мытищи,120152,P0076,1.5,562.5,Отказ
IN11353,2019-02-09,CL00792,Химки,109661,P0116,0.5,187.5,Завершен
IN99537,2019-02-09,CL01059,Красногорск,197175,P0035,5.0,1375.0,Завершен
IN29779,2019-02-10,CL01200,Москва,163618,P0080,3.0,1125.0,Завершен
IN19350,2019-02-10,CL00544,Реутов,132208,P0049,2.5,687.5,Завершен
IN63806,2019-02-10,CL00720,Красногорск,159866,P0023,1.5,412.5,Завершен
IN87517,2019-02-10,CL00609,Москва,129098,P0039,1.0,275.0,Отказ
IN97141,2019-02-10,CL00348,Мытищи,103694,P0047,1.5,412.5,Завершен
IN40486,2019-02-10,CL01145,Москва,146771,P0063,3.0,1125.0,Завершен
IN97605,2019-02-10,CL00113,Мытищи,198176,P0073,2.0,750.0,Завершен
IN94640,2019-02-10,CL00122,Мытищи,139529,P0076,3.0,1125.0,Завершен
IN80049,2019-02-11,CL01103,Мытищи,186956,P0021,0.5,137.5,Завершен
IN30582,2019-02-11,CL01182,Королёв,120315,P0072,5.0,1875.0,Завершен
IN20971,2019-02-11,CL00751,Москва,106637,P0003,0.5,137.5,Завершен
IN60818,2019-02-12,CL00776,Красногорск,186787,P0009,2.5,687.5,Завершен
IN62336,2019-02-12,CL00378,Люберцы,194065,P0106,3.0,1125.0,Завершен
IN25565,2019-02-12,CL00575,Реутов,176791,P0083,3.0,1125.0,Завершен
IN26947,2019-02-12,CL01125,Химки,162460,P0079,2.5,937.5,Завершен
IN33631,2019-02-12,CL00765,Химки,196607,P0071,1.0,375.0,Завершен
IN67162,2019-02-12,CL00750,Подольск,143456,P0118,0.5,187.5,Завершен
IN90608,2019-02-13,CL00443,Реутов,196904,P0073,0.5,187.5,Завершен
IN63248,2019-02-13,CL00110,Подольск,149689,P0077,2.0,750.0,Завершен
IN90342,2019-02-13,CL01178,Химки,106827,P0032,2.5,687.5,Завершен
IN79054,2019-02-13,CL00622,Москва,125863,P0097,1.5,562.5,Завершен
IN77330,2019-02-13,CL00293,Мытищи,197260,P0081,0.5,187.5,Завершен
IN82030,2019-02-13,CL00486,Реутов,198796,P0088,3.0,1125.0,Завершен
IN33240,2019-02-14,CL00669,Подольск,139566,P0025,1.0,275.0,Завершен
IN37106,2019-02-14,CL00305,Подольск,199642,P0036,5.0,1375.0,Завершен
IN54069,2019-02-15,CL00019,Мытищи,156498,P0061,3.0,1125.0,Отказ
IN92720,2019-02-15,CL00390,Королёв,173619,P0113,3.0,1125.0,Завершен
IN62755,2019-02-15,CL00270,Подольск,176869,P0052,2.5,937.5,Завершен
IN23730,2019-02-15,CL00072,Мытищи,175574,P0015,1.0,275.0,Завершен
IN49938,2019-02-15,CL00495,Химки,178094,P0067,1.0,375.0,Завершен
IN19749,2019-02-15,CL01035,Реутов,147880,P0116,5.0,1875.0,Завершен
IN76301,2019-02-15,CL00180,Химки,117172,P0097,1.0,375.0,Завершен
IN80546,2019-02-16,CL00024,Химки,109880,P0090,1.0,375.0,Отказ
IN95745,2019-02-16,CL00858,Химки,193502,P0010,2.5,687.5,Завершен
IN19838,2019-02-16,CL00109,Мытищи,117786,P0011,5.0,1375.0,Завершен
IN89521,2019-02-16,CL00294,Реутов,110205,P0072,2.5,937.5,Завершен
IN25306,2019-02-16,CL00718,Химки,106019,P0002,2.0,550.0,Завершен
IN24505,2019-02-16,CL00112,Люберцы,155255,P0076,2.0,750.0,Завершен
IN84839,2019-02-18,CL01034,Люберцы,134513,P0106,3.0,1125.0,Завершен
IN19865,2019-02-18,CL01024,Подольск,129269,P0086,1.5,562.5,Завершен
IN89726,2019-02-18,CL01150,Мытищи,147943,P0021,2.5,687.5,Завершен
IN49618,2019-02-18,CL00048,Люберцы,127607,P0100,5.0,1875.0,Завершен
IN41789,2019-02-18,CL00429,Москва,151543,P0098,0.5,187.5,Завершен
IN78024,2019-02-18,CL00951,Королёв,118111,P0037,1.5,412.5,Завершен
IN62254,2019-02-18,CL00336,Королёв,198617,P0040,3.0,825.0,Завершен
IN79889,2019-02-18,CL00277,Люберцы,135818,P0092,3.0,1125.0,Завершен
IN48399,2019-02-18,CL01195,Химки,108302,P0096,0.5,187.5,Завершен
IN13664,2019-02-18,CL01106,Люберцы,166995,P0033,5.0,1375.0,Завершен
IN80891,2019-02-19,CL00431,Москва,178317,P0116,1.5,562.5,Завершен
IN87988,2019-02-19,CL01187,Королёв,102798,P0103,2.5,937.5,Завершен
IN48560,2019-02-20,CL00797,Реутов,113272,P0049,3.0,825.0,Завершен
IN16787,2019-02-20,CL00671,Мытищи,185054,P0115,2.0,750.0,Завершен
IN15670,2019-02-21,CL01011,Мытищи,109149,P0029,1.0,275.0,Завершен
IN97197,2019-02-21,CL00935,Красногорск,181232,P0058,2.0,750.0,Завершен
IN83220,2019-02-21,CL01149,Люберцы,163131,P0095,1.5,562.5,Завершен
IN59050,2019-02-21,CL00665,Королёв,189463,P0005,2.0,550.0,Завершен
IN15061,2019-02-21,CL00805,Люберцы,161727,P0016,1.0,275.0,Завершен
IN26521,2019-02-21,CL00606,Мытищи,186193,P0019,2.0,550.0,Завершен
IN55114,2019-02-21,CL00778,Подольск,157261,P0041,0.5,137.5,Завершен
IN72611,2019-02-21,CL00920,Красногорск,190209,P0020,2.5,687.5,Завершен
IN65767,2019-02-21,CL00795,Мытищи,112203,P0076,1.0,375.0,Завершен
IN33697,2019-02-21,CL00842,Красногорск,133903,P0031,5.0,1375.0,Завершен
IN53487,2019-02-21,CL00728,Реутов,107850,P0050,0.5,137.5,Завершен
IN52763,2019-02-22,CL00064,Химки,160332,P0037,1.0,275.0,Завершен
IN40377,2019-02-22,CL00004,Подольск,121174,P0040,1.0,275.0,Отказ
IN94218,2019-02-23,CL00259,Мытищи,119442,P0002,5.0,1375.0,Завершен
IN90935,2019-02-23,CL00004,Подольск,121174,P0027,2.5,687.5,Завершен
IN98487,2019-02-23,CL00194,Реутов,153841,P0100,1.5,562.5,Завершен
IN32409,2019-02-23,CL00898,Красногорск,138712,P0070,1.5,562.5,Завершен
IN50012,2019-02-23,CL01122,Королёв,182660,P0110,1.0,375.0,Завершен
IN55387,2019-02-23,CL00318,Подольск,192749,P0014,1.0,275.0,Завершен
IN50976,2019-02-23,CL00495,Химки,178094,P0020,1.0,275.0,Завершен
IN70456,2019-02-24,CL01091,Королёв,173815,P0030,0.5,137.5,Завершен
IN49358,2019-02-24,CL00719,Мытищи,137002,P0111,0.5,187.5,Завершен
IN84852,2019-02-24,CL00048,Люберцы,127607,P0067,3.0,1125.0,Завершен
IN47930,2019-02-24,CL00159,Подольск,159048,P0062,2.0,750.0,Завершен
IN77237,2019-02-25,CL00140,Красногорск,159473,P0083,2.0,750.0,Завершен
IN32948,2019-02-25,CL00754,Красногорск,124530,P0032,2.0,550.0,Завершен
IN18954,2019-02-25,CL00936,Красногорск,114945,P0025,5.0,1375.0,Завершен
IN72903,2019-02-25,CL01067,Реутов,154162,P0118,1.5,562.5,Завершен
IN11263,2019-02-25,CL00935,Красногорск,181232,P0112,2.5,937.5,Завершен
IN66989,2019-02-25,CL01173,Реутов,158059,P0119,1.5,562.5,Завершен
IN31310,2019-02-26,CL00220,Красногорск,124920,P0108,3.0,1125.0,Завершен
IN87181,2019-02-26,CL00395,Красногорск,193000,P0085,2.5,937.5,Завершен
IN39423,2019-02-26,CL01117,Реутов,123578,P0011,0.5,137.5,Завершен
IN27898,2019-02-26,CL00649,Красногорск,179988,P0053,1.0,375.0,Завершен
IN43679,2019-02-26,CL00541,Реутов,129002,P0028,2.5,687.5,Завершен
IN14840,2019-02-27,CL00656,Химки,142217,P0026,2.5,687.5,Завершен
IN88063,2019-02-27,CL00643,Мытищи,135112,P0044,0.5,137.5,Отказ
IN39868,2019-02-27,CL01041,Мытищи,154344,P0039,2.5,687.5,Завершен
IN40664,2019-02-27,CL00336,Королёв,198617,P0009,2.5,687.5,Отказ
IN97817,2019-02-28,CL01009,Мытищи,125875,P0103,5.0,1875.0,Завершен
IN86393,2019-02-28,CL01174,Москва,196380,P0028,2.5,687.5,Завершен
IN83536,2019-02-28,CL00486,Реутов,198796,P0043,1.5,412.5,Завершен
IN49223,2019-03-01,CL00838,Химки,106626,P0013,5.0,1375.0,Завершен
IN22960,2019-03-01,CL01059,Красногорск,197175,P0054,1.5,562.5,Завершен
IN37015,2019-03-01,CL00969,Подольск,196348,P0094,5.0,1875.0,Завершен
IN30955,2019-03-01,CL00845,Химки,153674,P0111,2.0,750.0,Завершен
IN78599,2019-03-01,CL00641,Химки,136025,P0096,2.5,937.5,Завершен
IN16159,2019-03-02,CL00745,Мытищи,118322,P0017,2.0,550.0,Завершен
IN83436,2019-03-02,CL00237,Реутов,187881,P0105,1.5,562.5,Завершен
IN65438,2019-03-02,CL00202,Красногорск,199536,P0042,5.0,1375.0,Завершен
IN58977,2019-03-02,CL01066,Реутов,180200,P0015,2.5,687.5,Завершен
IN96113,2019-03-02,CL00694,Красногорск,122645,P0069,0.5,187.5,Завершен
IN80577,2019-03-02,CL00331,Химки,120308,P0111,1.5,562.5,Завершен
IN70906,2019-03-02,CL00273,Красногорск,166507,P0105,5.0,1875.0,Отказ
IN97678,2019-03-02,CL00741,Москва,142964,P0037,3.0,825.0,Отказ
IN98255,2019-03-02,CL00851,Люберцы,114169,P0059,1.5,562.5,Завершен
IN25930,2019-03-02,CL00875,Мытищи,156847,P0035,2.0,550.0,Отказ
IN86610,2019-03-02,CL00054,Москва,190573,P0043,0.5,137.5,Завершен
IN79590,2019-03-03,CL00708,Реутов,108371,P0013,3.0,825.0,Завершен
IN62698,2019-03-03,CL00161,Королёв,130595,P0035,2.0,550.0,Завершен
IN20337,2019-03-03,CL01076,Мытищи,194960,P0040,1.0,275.0,Завершен
IN95217,2019-03-04,CL00964,Москва,150797,P0051,2.5,937.5,Завершен
IN54972,2019-03-04,CL00654,Подольск,153948,P0030,2.0,550.0,Завершен
IN78319,2019-03-04,CL00035,Мытищи,188501,P0082,1.0,375.0,Завершен
IN43408,2019-03-04,CL00732,Мытищи,108163,P0025,0.5,137.5,Завершен
IN99516,2019-03-04,CL00428,Королёв,140441,P0020,1.5,412.5,Отказ
IN23741,2019-03-04,CL00378,Люберцы,194065,P0110,2.0,750.0,Отказ
IN70532,2019-03-04,CL00293,Мытищи,197260,P0007,2.5,687.5,Завершен
IN36835,2019-03-04,CL00017,Химки,194811,P0094,1.5,562.5,Завершен
IN93206,2019-03-04,CL00710,Москва,174302,P0068,1.5,562.5,Завершен
IN96412,2019-03-05,CL00598,Подольск,172102,P0114,2.0,750.0,Завершен
IN10471,2019-03-05,CL00018,Химки,153354,P0063,5.0,1875.0,Завершен
IN76277,2019-03-05,CL00959,Москва,198328,P0043,2.5,687.5,Завершен
IN46466,2019-03-05,CL01138,Подольск,186772,P0111,2.5,937.5,Завершен
IN45339,2019-03-05,CL00912,Реутов,162684,P0002,2.5,687.5,Завершен
IN55954,2019-03-05,CL00739,Химки,160731,P0092,5.0,1875.0,Завершен
IN41081,2019-03-05,CL00729,Люберцы,130339,P0035,0.5,137.5,Завершен
IN95445,2019-03-06,CL01069,Люберцы,175713,P0097,2.5,937.5,Завершен
IN77104,2019-03-06,CL00246,Химки,172641,P0012,3.0,825.0,Завершен
IN38108,2019-03-06,CL00176,Москва,141224,P0089,1.0,375.0,Завершен
IN72245,2019-03-06,CL00153,Мытищи,115525,P0025,2.0,550.0,Завершен
IN42908,2019-03-06,CL00191,Королёв,158529,P0059,2.0,750.0,Отказ
IN11104,2019-03-06,CL00746,Москва,129135,P0061,0.5,187.5,Завершен
IN24774,2019-03-06,CL00107,Подольск,116728,P0019,2.5,687.5,Отказ
IN45666,2019-03-07,CL01113,Люберцы,134452,P0076,3.0,1125.0,Завершен
IN30913,2019-03-07,CL00374,Подольск,165211,P0118,0.5,187.5,Завершен
IN41483,2019-03-07,CL01058,Реутов,163192,P0003,1.5,412.5,Завершен
IN19867,2019-03-07,CL00215,Химки,163335,P0110,5.0,1875.0,Завершен
IN90756,2019-03-07,CL00237,Реутов,187881,P0049,0.5,137.5,Завершен
IN93137,2019-03-07,CL00386,Подольск,148623,P0104,1.5,562.5,Отказ
IN44736,2019-03-08,CL00884,Реутов,117536,P0062,1.0,375.0,Завершен
IN94631,2019-03-08,CL00183,Подольск,101792,P0032,5.0,1375.0,Завершен
IN64947,2019-03-08,CL00037,Москва,154948,P0052,3.0,1125.0,Завершен
IN91508,2019-03-08,CL00595,Люберцы,182955,P0034,0.5,137.5,Завершен
IN64277,2019-03-09,CL01165,Люберцы,157464,P0107,2.0,750.0,Завершен
IN84873,2019-03-09,CL00283,Москва,198885,P0077,3.0,1125.0,Завершен
IN81264,2019-03-09,CL00594,Королёв,152198,P0045,1.5,412.5,Завершен
IN54428,2019-03-09,CL01112,Реутов,142655,P0067,2.5,937.5,Отказ
IN51024,2019-03-09,CL01114,Люберцы,180358,P0089,2.0,750.0,Завершен
IN74871,2019-03-09,CL01037,Красногорск,145224,P0041,0.5,137.5,Отказ
IN83804,2019-03-09,CL00362,Красногорск,102128,P0024,1.0,275.0,Завершен
IN70475,2019-03-09,CL00275,Красногорск,148176,P0104,0.5,187.5,Отказ
IN27268,2019-03-10,CL00296,Люберцы,102733,P0102,1.5,562.5,Завершен
IN22169,2019-03-10,CL01166,Химки,101930,P0039,1.0,275.0,Завершен
IN28883,2019-03-10,CL00051,Реутов,105778,P0068,3.0,1125.0,Завершен
IN87032,2019-03-10,CL01026,Реутов,101388,P0106,1.5,562.5,Завершен
IN98752,2019-03-11,CL00182,Москва,179806,P0047,0.5,137.5,Завершен
IN55212,2019-03-11,CL00133,Люберцы,191905,P0003,1.0,275.0,Завершен
IN86591,2019-03-11,CL00161,Королёв,130595,P0003,5.0,1375.0,Завершен
IN60104,2019-03-11,CL01179,Мытищи,156906,P0115,2.5,937.5,Завершен
IN17705,2019-03-12,CL00967,Красногорск,171645,P0021,2.0,550.0,Завершен
IN45289,2019-03-12,CL00624,Химки,192243,P0038,0.5,137.5,Завершен
IN13097,2019-03-12,CL00359,Подольск,111221,P0021,1.5,412.5,Завершен
IN67451,2019-03-12,CL00815,Подольск,199246,P0020,2.5,687.5,Завершен
IN21609,2019-03-12,CL00510,Подольск,129188,P0101,5.0,1875.0,Завершен
IN14263,2019-03-12,CL00295,Реутов,192995,P0085,2.5,937.5,Завершен
IN84351,2019-03-12,CL00065,Люберцы,129831,P0016,2.0,550.0,Завершен
IN49423,2019-03-12,CL00079,Реутов,100053,P0048,1.0,275.0,Отказ
IN84878,2019-03-12,CL00265,Красногорск,152262,P0069,0.5,187.5,Отказ
IN79348,2019-03-12,CL00018,Химки,153354,P0057,3.0,1125.0,Завершен
IN29449,2019-03-13,CL01074,Мытищи,161822,P0058,3.0,1125.0,Завершен
IN53103,2019-03-13,CL01009,Мытищи,125875,P0057,5.0,1875.0,Отказ
IN38548,2019-03-13,CL00625,Мытищи,170371,P0108,0.5,187.5,Завершен
IN12382,2019-03-13,CL00305,Подольск,199642,P0055,0.5,187.5,Отказ
IN42593,2019-03-13,CL00513,Красногорск,124704,P0117,2.5,937.5,Завершен
IN62862,2019-03-13,CL00061,Красногорск,153964,P0033,5.0,1375.0,Завершен
IN24579,2019-03-13,CL00581,Мытищи,158830,P0092,2.0,750.0,Завершен
IN77653,2019-03-13,CL00753,Москва,155923,P0058,2.5,937.5,Отказ
IN49348,2019-03-14,CL01108,Москва,155466,P0009,5.0,1375.0,Завершен
IN20774,2019-03-14,CL00798,Химки,153645,P0110,2.5,937.5,Завершен
IN81776,2019-03-14,CL00645,Реутов,185678,P0079,5.0,1875.0,Завершен
IN43818,2019-03-14,CL01147,Королёв,191438,P0067,2.0,750.0,Завершен
IN97127,2019-03-15,CL01188,Красногорск,132859,P0112,3.0,1125.0,Завершен
IN36667,2019-03-15,CL01078,Москва,122973,P0033,0.5,137.5,Отказ
IN46403,2019-03-15,CL00104,Реутов,154921,P0042,1.5,412.5,Завершен
IN68520,2019-03-15,CL00943,Мытищи,106094,P0073,2.0,750.0,Завершен
IN85334,2019-03-15,CL00470,Подольск,162350,P0038,1.5,412.5,Завершен
IN47143,2019-03-15,CL00175,Реутов,137777,P0110,2.5,937.5,Завершен
IN61259,2019-03-16,CL00674,Москва,110215,P0104,0.5,187.5,Завершен
IN55436,2019-03-16,CL01051,Подольск,144914,P0009,1.0,275.0,Отказ
IN75127,2019-03-16,CL01196,Химки,165214,P0062,2.5,937.5,Завершен
IN27818,2019-03-16,CL00749,Мытищи,184670,P0042,1.5,412.5,Завершен
IN56990,2019-03-16,CL00758,Подольск,184233,P0065,2.0,750.0,Завершен
IN63947,2019-03-16,CL01006,Подольск,180856,P0069,3.0,1125.0,Завершен
IN39133,2019-03-16,CL00375,Люберцы,195300,P0051,1.5,562.5,Завершен
IN52908,2019-03-17,CL00475,Королёв,198173,P0056,1.0,375.0,Завершен
IN47599,2019-03-17,CL00663,Реутов,164843,P0003,1.5,412.5,Завершен
IN62111,2019-03-17,CL00415,Химки,154602,P0005,3.0,825.0,Завершен
IN17973,2019-03-17,CL01096,Люберцы,112190,P0027,0.5,137.5,Завершен
IN43888,2019-03-18,CL01144,Королёв,117206,P0120,5.0,1875.0,Завершен
IN16029,2019-03-18,CL00115,Москва,126130,P0052,1.5,562.5,Завершен
IN28917,2019-03-18,CL00336,Королёв,198617,P0058,1.5,562.5,Завершен
IN38673,2019-03-18,CL00109,Мытищи,117786,P0053,2.0,750.0,Завершен
IN99048,2019-03-19,CL00433,Подольск,195355,P0113,5.0,1875.0,Завершен
IN97579,2019-03-19,CL00680,Реутов,198717,P0030,1.0,275.0,Завершен
IN10497,2019-03-19,CL00875,Мытищи,156847,P0084,1.0,375.0,Завершен
IN64828,2019-03-19,CL01093,Москва,133792,P0075,2.5,937.5,Завершен
IN49496,2019-03-20,CL00503,Москва,100395,P0100,2.5,937.5,Завершен
IN51052,2019-03-20,CL00570,Реутов,118343,P0115,1.0,375.0,Завершен
IN37456,2019-03-20,CL00771,Москва,128679,P0044,5.0,1375.0,Завершен
IN64955,2019-03-20,CL00075,Красногорск,116334,P0051,1.5,562.5,Отказ
IN81786,2019-03-20,CL01184,Красногорск,199557,P0024,3.0,825.0,Завершен
IN29767,2019-03-20,CL00996,Мытищи,165907,P0113,1.0,375.0,Завершен
IN93518,2019-03-20,CL00403,Подольск,184192,P0014,0.5,137.5,Завершен
IN89246,2019-03-20,CL00276,Люберцы,156244,P0063,2.0,750.0,Завершен
IN31446,2019-03-20,CL00309,Подольск,161462,P0091,3.0,1125.0,Завершен
IN47683,2019-03-21,CL00550,Мытищи,101198,P0018,1.5,412.5,Завершен
IN75888,2019-03-21,CL01043,Химки,184837,P0092,2.5,937.5,Завершен
IN18489,2019-03-21,CL00282,Люберцы,174395,P0062,5.0,1875.0,Завершен
IN86898,2019-03-21,CL00051,Реутов,105778,P0063,2.5,937.5,Завершен
IN13040,2019-03-21,CL01017,Королёв,147020,P0084,5.0,1875.0,Завершен
IN12396,2019-03-21,CL00391,Люберцы,192279,P0117,2.0,750.0,Завершен
IN23206,2019-03-21,CL00331,Химки,120308,P0023,1.5,412.5,Завершен
IN31102,2019-03-21,CL00318,Подольск,192749,P0039,0.5,137.5,Завершен
IN50763,2019-03-21,CL00173,Мытищи,153523,P0117,5.0,1875.0,Завершен
IN46564,2019-03-21,CL00993,Королёв,156757,P0106,1.0,375.0,Завершен
IN34443,2019-03-21,CL00157,Химки,134687,P0038,0.5,137.5,Завершен
IN25527,2019-03-21,CL00448,Москва,122349,P0054,1.0,375.0,Завершен
IN23757,2019-03-22,CL00098,Красногорск,170798,P0010,2.5,687.5,Завершен
IN30393,2019-03-22,CL00123,Москва,156148,P0114,3.0,1125.0,Завершен
IN56501,2019-03-22,CL00734,Реутов,196384,P0068,5.0,1875.0,Завершен
IN31819,2019-03-23,CL00902,Подольск,167070,P0098,0.5,187.5,Завершен
IN68148,2019-03-23,CL00627,Люберцы,164157,P0054,2.5,937.5,Завершен
IN71823,2019-03-23,CL00372,Люберцы,148237,P0118,2.5,937.5,Завершен
IN88478,2019-03-23,CL01114,Люберцы,180358,P0093,1.0,375.0,Завершен
IN98715,2019-03-24,CL00895,Подольск,113751,P0022,1.0,275.0,Завершен
IN87080,2019-03-24,CL00179,Королёв,199613,P0038,2.5,687.5,Завершен
IN42940,2019-03-24,CL01149,Люберцы,163131,P0062,3.0,1125.0,Завершен
IN25809,2019-03-24,CL00213,Подольск,145293,P0008,2.0,550.0,Завершен
IN43671,2019-03-25,CL01123,Королёв,173680,P0055,0.5,187.5,Завершен
IN35448,2019-03-25,CL01194,Реутов,102453,P0116,3.0,1125.0,Завершен
IN37955,2019-03-25,CL00427,Красногорск,120885,P0102,5.0,1875.0,Завершен
IN31268,2019-03-25,CL00170,Люберцы,199125,P0022,2.0,550.0,Завершен
IN86687,2019-03-25,CL00146,Подольск,107146,P0020,5.0,1375.0,Завершен
IN60390,2019-03-25,CL00152,Подольск,173772,P0029,0.5,137.5,Завершен
IN60125,2019-03-25,CL01088,Люберцы,166353,P0114,2.5,937.5,Завершен
IN69754,2019-03-25,CL00924,Москва,120568,P0008,2.5,687.5,Завершен
IN71886,2019-03-25,CL01037,Красногорск,145224,P0021,1.5,412.5,Завершен
IN37771,2019-03-26,CL00014,Химки,100942,P0067,5.0,1875.0,Завершен
IN24746,2019-03-26,CL00693,Красногорск,174498,P0060,3.0,1125.0,Завершен
IN39115,2019-03-26,CL00256,Люберцы,104082,P0019,2.5,687.5,Завершен
IN81018,2019-03-26,CL00488,Люберцы,190802,P0086,2.5,937.5,Завершен
IN18645,2019-03-26,CL00028,Москва,100282,P0096,5.0,1875.0,Завершен
IN49508,2019-03-26,CL00182,Москва,179806,P0099,1.0,375.0,Отказ
IN88733,2019-03-26,CL00445,Люберцы,102180,P0107,0.5,187.5,Завершен
IN12027,2019-03-26,CL00571,Красногорск,157290,P0052,5.0,1875.0,Завершен
IN75361,2019-03-27,CL00231,Реутов,148689,P0107,5.0,1875.0,Завершен
IN30377,2019-03-27,CL00647,Люберцы,111401,P0038,2.0,550.0,Завершен
IN86704,2019-03-27,CL00052,Красногорск,183507,P0020,2.0,550.0,Завершен
IN26027,2019-03-27,CL00922,Красногорск,184070,P0092,5.0,1875.0,Завершен
IN82326,2019-03-27,CL00413,Москва,103718,P0089,1.5,562.5,Завершен
IN24570,2019-03-27,CL01200,Москва,163618,P0111,1.5,562.5,Завершен
IN20008,2019-03-27,CL00544,Реутов,132208,P0005,1.0,275.0,Завершен
IN53190,2019-03-27,CL00514,Москва,154950,P0044,2.0,550.0,Завершен
IN40698,2019-03-27,CL00053,Подольск,172309,P0112,5.0,1875.0,Отказ
IN83765,2019-03-27,CL00672,Москва,140043,P0089,2.5,937.5,Завершен
IN54743,2019-03-27,CL01111,Красногорск,101549,P0044,2.0,550.0,Завершен
IN70630,2019-03-28,CL00145,Химки,139618,P0066,5.0,1875.0,Завершен
IN56937,2019-03-28,CL00896,Люберцы,113928,P0024,2.0,550.0,Завершен
IN13580,2019-03-28,CL00892,Реутов,133126,P0018,0.5,137.5,Завершен
IN75541,2019-03-28,CL00666,Москва,160238,P0062,2.0,750.0,Завершен
IN83744,2019-03-29,CL00080,Люберцы,176019,P0107,2.0,750.0,Отказ
IN61698,2019-03-29,CL00922,Красногорск,184070,P0081,1.0,375.0,Завершен
IN29333,2019-03-29,CL00926,Красногорск,136458,P0022,3.0,825.0,Завершен
IN77658,2019-03-29,CL00479,Химки,143343,P0047,2.0,550.0,Завершен
IN15989,2019-03-29,CL00046,Мытищи,117601,P0043,5.0,1375.0,Завершен
IN42856,2019-03-29,CL00745,Мытищи,118322,P0085,2.0,750.0,Завершен
IN95551,2019-03-29,CL00921,Реутов,132581,P0090,1.0,375.0,Отказ
IN28850,2019-03-29,CL00794,Мытищи,149212,P0007,2.0,550.0,Завершен
IN37069,2019-03-29,CL00129,Красногорск,111359,P0069,2.0,750.0,Завершен
IN81891,2019-03-29,CL00431,Москва,178317,P0019,1.5,412.5,Завершен
IN89165,2019-03-30,CL00407,Подольск,121229,P0118,3.0,1125.0,Завершен
IN36216,2019-03-30,CL00027,Реутов,128016,P0024,5.0,1375.0,Завершен
IN20984,2019-03-30,CL00910,Мытищи,144921,P0055,2.5,937.5,Завершен
IN68900,2019-03-30,CL00990,Королёв,104965,P0007,1.5,412.5,Завершен
IN11157,2019-03-30,CL00826,Подольск,118855,P0030,2.0,550.0,Завершен
IN94340,2019-03-31,CL00830,Люберцы,191250,P0007,3.0,825.0,Завершен
IN23948,2019-03-31,CL00584,Реутов,111101,P0093,1.0,375.0,Завершен
IN70920,2019-03-31,CL00852,Мытищи,136239,P0033,5.0,1375.0,Отказ
IN74237,2019-03-31,CL00815,Подольск,199246,P0087,5.0,1875.0,Завершен
IN74463,2019-03-31,CL00179,Королёв,199613,P0096,2.0,750.0,Завершен
IN17498,2019-03-31,CL00893,Подольск,189881,P0065,0.5,187.5,Завершен
IN90843,2019-03-31,CL00332,Люберцы,113256,P0097,5.0,1875.0,Завершен
IN47873,2019-03-31,CL00854,Химки,131496,P0021,2.5,687.5,Завершен
IN62972,2019-03-31,CL00643,Мытищи,135112,P0018,1.5,412.5,Завершен
IN14244,2019-03-31,CL01156,Реутов,121400,P0027,2.5,687.5,Завершен
IN23574,2019-03-31,CL00053,Подольск,172309,P0004,1.5,412.5,Завершен
IN85836,2019-03-31,CL00238,Подольск,185841,P0046,5.0,1375.0,Завершен
IN33484,2019-03-31,CL00529,Химки,143288,P0044,0.5,137.5,Завершен
IN46655,2019-04-01,CL00261,Реутов,169541,P0113,1.0,375.0,Завершен
IN24828,2019-04-01,CL01063,Мытищи,149155,P0091,2.0,750.0,Завершен
IN30959,2019-04-01,CL00543,Люберцы,143236,P0081,5.0,1875.0,Завершен
IN68143,2019-04-01,CL00515,Химки,113224,P0050,2.5,687.5,Завершен
IN82772,2019-04-01,CL00003,Мытищи,139117,P0047,2.0,550.0,Завершен
IN83770,2019-04-01,CL00522,Реутов,107989,P0049,0.5,137.5,Завершен
IN52611,2019-04-01,CL00347,Реутов,130903,P0083,0.5,187.5,Завершен
IN55848,2019-04-01,CL01028,Подольск,174162,P0050,1.5,412.5,Отказ
IN58973,2019-04-02,CL00837,Подольск,126309,P0071,3.0,1125.0,Завершен
IN10074,2019-04-02,CL00421,Красногорск,145268,P0059,0.5,187.5,Завершен
IN66996,2019-04-02,CL01086,Красногорск,136242,P0007,2.5,687.5,Завершен
IN64879,2019-04-02,CL00401,Люберцы,193969,P0114,1.5,562.5,Завершен
IN57629,2019-04-02,CL00108,Реутов,186900,P0072,3.0,1125.0,Завершен
IN12844,2019-04-02,CL00776,Красногорск,186787,P0023,5.0,1375.0,Завершен
IN11340,2019-04-02,CL00455,Красногорск,160249,P0095,1.0,375.0,Отказ
IN32721,2019-04-03,CL00354,Мытищи,131147,P0037,0.5,137.5,Завершен
IN35221,2019-04-03,CL00022,Мытищи,124931,P0047,1.0,275.0,Завершен
IN10859,2019-04-03,CL00511,Москва,160686,P0060,1.0,375.0,Завершен
IN42191,2019-04-04,CL00756,Химки,165390,P0054,2.5,937.5,Завершен
IN48606,2019-04-04,CL00984,Москва,149146,P0005,1.0,275.0,Завершен
IN31392,2019-04-04,CL00191,Королёв,158529,P0047,5.0,1375.0,Завершен
IN10949,2019-04-04,CL01154,Москва,138393,P0086,2.5,937.5,Завершен
IN55458,2019-04-04,CL00422,Подольск,167499,P0101,5.0,1875.0,Завершен
IN80564,2019-04-04,CL01180,Москва,136188,P0065,2.5,937.5,Завершен
IN26557,2019-04-04,CL00720,Красногорск,159866,P0069,3.0,1125.0,Завершен
IN45319,2019-04-04,CL01196,Химки,165214,P0088,5.0,1875.0,Завершен
IN31193,2019-04-04,CL00540,Красногорск,148589,P0041,5.0,1375.0,Завершен
IN53691,2019-04-04,CL00338,Химки,174766,P0108,2.5,937.5,Отказ
IN51032,2019-04-04,CL00361,Реутов,105706,P0093,5.0,1875.0,Завершен
IN72056,2019-04-05,CL00306,Подольск,182306,P0105,5.0,1875.0,Завершен
IN76675,2019-04-05,CL00984,Москва,149146,P0117,1.5,562.5,Завершен
IN43013,2019-04-05,CL01116,Реутов,148799,P0001,3.0,825.0,Завершен
IN28594,2019-04-05,CL00293,Мытищи,197260,P0101,2.0,750.0,Завершен
IN91370,2019-04-05,CL00010,Химки,198994,P0072,3.0,1125.0,Отказ
IN28294,2019-04-06,CL01114,Люберцы,180358,P0033,1.5,412.5,Завершен
IN23771,2019-04-06,CL00052,Красногорск,183507,P0084,0.5,187.5,Завершен
IN16470,2019-04-06,CL00727,Люберцы,169443,P0070,1.5,562.5,Завершен
IN73584,2019-04-06,CL00795,Мытищи,112203,P0103,2.5,937.5,Завершен
IN87275,2019-04-07,CL01026,Реутов,101388,P0102,5.0,1875.0,Завершен
IN22487,2019-04-07,CL00249,Люберцы,118964,P0086,2.5,937.5,Завершен
IN17492,2019-04-07,CL00359,Подольск,111221,P0116,1.5,562.5,Завершен
IN81159,2019-04-07,CL00460,Королёв,194589,P0115,1.0,375.0,Завершен
IN66792,2019-04-07,CL00781,Люберцы,138602,P0060,3.0,1125.0,Завершен
IN78126,2019-04-07,CL00707,Мытищи,103847,P0038,1.5,412.5,Отказ
IN57091,2019-04-07,CL00968,Химки,123255,P0080,1.5,562.5,Завершен
IN35179,2019-04-07,CL00709,Мытищи,166949,P0004,3.0,825.0,Завершен
IN58920,2019-04-08,CL00104,Реутов,154921,P0016,5.0,1375.0,Завершен
IN61352,2019-04-08,CL00946,Реутов,163298,P0020,0.5,137.5,Завершен
IN32624,2019-04-08,CL01047,Москва,195417,P0118,1.0,375.0,Завершен
IN68115,2019-04-09,CL01169,Мытищи,119148,P0021,2.0,550.0,Завершен
IN62232,2019-04-09,CL00358,Москва,131531,P0113,0.5,187.5,Завершен
IN54917,2019-04-09,CL00930,Мытищи,197679,P0049,0.5,137.5,Завершен
IN86115,2019-04-09,CL00413,Москва,103718,P0031,5.0,1375.0,Завершен
IN34262,2019-04-09,CL00964,Москва,150797,P0034,1.5,412.5,Завершен
IN47360,2019-04-09,CL00044,Красногорск,157433,P0094,0.5,187.5,Завершен
IN40356,2019-04-09,CL00664,Красногорск,144270,P0049,3.0,825.0,Отказ
IN11353,2019-04-10,CL00413,Москва,103718,P0109,3.0,1125.0,Завершен
IN39919,2019-04-10,CL00686,Реутов,118327,P0065,0.5,187.5,Завершен
IN78597,2019-04-11,CL00254,Королёв,147453,P0094,3.0,1125.0,Завершен
IN65079,2019-04-11,CL00042,Мытищи,166307,P0114,1.5,562.5,Завершен
IN37319,2019-04-11,CL00655,Люберцы,116631,P0005,5.0,1375.0,Отказ
IN48314,2019-04-11,CL00337,Химки,140562,P0055,5.0,1875.0,Завершен
IN15898,2019-04-11,CL00638,Химки,173607,P0063,1.0,375.0,Завершен
IN66173,2019-04-11,CL00287,Реутов,188895,P0005,5.0,1375.0,Завершен
IN85051,2019-04-12,CL00942,Королёв,124979,P0039,2.5,687.5,Завершен
IN11412,2019-04-12,CL01166,Химки,101930,P0072,1.5,562.5,Завершен
IN48459,2019-04-12,CL00880,Химки,145134,P0002,1.0,275.0,Завершен
IN39542,2019-04-12,CL00497,Мытищи,171781,P0079,5.0,1875.0,Завершен
IN27932,2019-04-12,CL01116,Реутов,148799,P0035,2.0,550.0,Завершен
IN15434,2019-04-12,CL00797,Реутов,113272,P0006,2.0,550.0,Завершен
IN59175,2019-04-13,CL00266,Мытищи,140963,P0038,0.5,137.5,Завершен
IN69162,2019-04-13,CL00705,Москва,145443,P0097,0.5,187.5,Завершен
IN56059,2019-04-13,CL00263,Мытищи,185316,P0058,5.0,1875.0,Завершен
IN64276,2019-04-13,CL00005,Красногорск,114662,P0023,2.0,550.0,Завершен
IN99055,2019-04-13,CL00823,Мытищи,113237,P0002,5.0,1375.0,Завершен
IN62970,2019-04-13,CL01008,Королёв,109587,P0117,2.0,750.0,Завершен
IN69562,2019-04-14,CL00951,Королёв,118111,P0076,1.5,562.5,Отказ
IN83675,2019-04-14,CL00488,Люберцы,190802,P0008,3.0,825.0,Завершен
IN40957,2019-04-14,CL00395,Красногорск,193000,P0019,2.0,550.0,Отказ
IN66151,2019-04-14,CL00607,Подольск,105806,P0074,1.5,562.5,Завершен
IN14784,2019-04-14,CL01092,Химки,160142,P0118,0.5,187.5,Завершен
IN68223,2019-04-14,CL00154,Химки,149856,P0028,1.0,275.0,Завершен
IN87612,2019-04-14,CL00747,Химки,148790,P0085,1.5,562.5,Завершен
IN75848,2019-04-15,CL01133,Реутов,174925,P0047,2.0,550.0,Завершен
IN88354,2019-04-15,CL00721,Красногорск,173899,P0080,5.0,1875.0,Завершен
IN60752,2019-04-15,CL00263,Мытищи,185316,P0070,5.0,1875.0,Завершен
IN85057,2019-04-15,CL00872,Королёв,123176,P0033,2.0,550.0,Завершен
IN99094,2019-04-15,CL00998,Люберцы,157367,P0092,2.0,750.0,Завершен
IN77506,2019-04-15,CL00371,Люберцы,106265,P0092,5.0,1875.0,Завершен
IN76022,2019-04-15,CL00536,Реутов,172362,P0014,3.0,825.0,Завершен
IN20190,2019-04-16,CL00904,Королёв,138800,P0067,2.0,750.0,Завершен
IN99495,2019-04-16,CL00737,Подольск,158925,P0030,2.5,687.5,Завершен
IN63363,2019-04-16,CL00789,Москва,196021,P0017,3.0,825.0,Завершен
IN18020,2019-04-16,CL00853,Люберцы,193204,P0084,2.0,750.0,Завершен
IN31346,2019-04-16,CL01014,Реутов,141053,P0056,5.0,1875.0,Отказ
IN98626,2019-04-16,CL00387,Королёв,175225,P0026,2.5,687.5,Завершен
IN86050,2019-04-16,CL00118,Подольск,198032,P0028,0.5,137.5,Завершен
IN13959,2019-04-17,CL00873,Москва,135851,P0105,2.5,937.5,Завершен
IN87510,2019-04-17,CL00725,Химки,183354,P0017,1.0,275.0,Завершен
IN97145,2019-04-17,CL00480,Королёв,194188,P0018,2.5,687.5,Завершен
IN21416,2019-04-17,CL00975,Мытищи,141662,P0110,1.0,375.0,Завершен
IN52838,2019-04-17,CL00175,Реутов,137777,P0074,3.0,1125.0,Завершен
IN93851,2019-04-17,CL00807,Подольск,149996,P0064,1.5,562.5,Завершен
IN24805,2019-04-17,CL00961,Люберцы,170932,P0087,2.5,937.5,Завершен
IN84131,2019-04-17,CL00596,Химки,136739,P0021,1.5,412.5,Завершен
IN68935,2019-04-17,CL00730,Красногорск,198028,P0108,2.5,937.5,Завершен
IN88487,2019-04-17,CL00083,Мытищи,187012,P0067,0.5,187.5,Завершен
IN71067,2019-04-18,CL00447,Москва,134803,P0085,5.0,1875.0,Завершен
IN64301,2019-04-18,CL00163,Подольск,118643,P0075,3.0,1125.0,Завершен
IN10731,2019-04-18,CL00715,Реутов,132540,P0031,2.0,550.0,Завершен
IN94003,2019-04-18,CL01199,Москва,117009,P0055,2.0,750.0,Завершен
IN98840,2019-04-18,CL00988,Реутов,126945,P0021,1.5,412.5,Завершен
IN94567,2019-04-18,CL00526,Королёв,129536,P0078,0.5,187.5,Завершен
IN16790,2019-04-18,CL01095,Красногорск,146281,P0015,2.5,687.5,Завершен
IN43108,2019-04-18,CL00357,Химки,138177,P0059,0.5,187.5,Завершен
IN96267,2019-04-18,CL00449,Подольск,131745,P0040,5.0,1375.0,Завершен
IN95727,2019-04-18,CL00317,Москва,145015,P0008,1.0,275.0,Завершен
IN10193,2019-04-18,CL00311,Красногорск,140685,P0037,2.5,687.5,Отказ
IN16079,2019-04-18,CL00099,Подольск,150205,P0077,1.0,375.0,Завершен
IN93967,2019-04-19,CL01092,Химки,160142,P0050,2.5,687.5,Отказ
IN18597,2019-04-19,CL01071,Химки,191660,P0025,5.0,1375.0,Завершен
IN29689,2019-04-19,CL00236,Мытищи,170457,P0057,2.0,750.0,Завершен
IN64344,2019-04-19,CL00074,Химки,109171,P0093,2.5,937.5,Завершен
IN48795,2019-04-19,CL00651,Москва,169767,P0013,2.5,687.5,Завершен
IN79019,2019-04-19,CL00496,Королёв,147419,P0039,5.0,1375.0,Завершен
IN13957,2019-04-19,CL00120,Люберцы,149192,P0075,1.5,562.5,Завершен
IN61368,2019-04-20,CL00213,Подольск,145293,P0049,5.0,1375.0,Завершен
IN14337,2019-04-20,CL00584,Реутов,111101,P0030,1.0,275.0,Отказ
IN12194,2019-04-20,CL00711,Красногорск,113487,P0045,2.5,687.5,Завершен
IN69806,2019-04-20,CL00290,Люберцы,115726,P0014,1.0,275.0,Завершен
IN32967,2019-04-20,CL00638,Химки,173607,P0051,0.5,187.5,Завершен
IN44676,2019-04-20,CL00229,Мытищи,101824,P0104,2.0,750.0,Завершен
IN27283,2019-04-21,CL00605,Москва,147124,P0097,5.0,1875.0,Завершен
IN59208,2019-04-21,CL00279,Реутов,197120,P0050,5.0,1375.0,Завершен
IN50414,2019-04-21,CL00746,Москва,129135,P0114,1.5,562.5,Завершен
IN39138,2019-04-21,CL00147,Подольск,198669,P0102,0.5,187.5,Завершен
IN43533,2019-04-21,CL00474,Подольск,104763,P0057,3.0,1125.0,Завершен
IN79833,2019-04-21,CL00872,Королёв,123176,P0091,2.5,937.5,Завершен
IN19658,2019-04-22,CL00257,Королёв,155872,P0037,2.0,550.0,Завершен
IN50686,2019-04-22,CL00628,Реутов,176939,P0071,1.0,375.0,Завершен
IN49466,2019-04-23,CL00784,Мытищи,118434,P0120,5.0,1875.0,Завершен
IN78837,2019-04-23,CL00735,Красногорск,130619,P0120,0.5,187.5,Завершен
IN42960,2019-04-23,CL00223,Подольск,138680,P0078,1.0,375.0,Отказ
IN16510,2019-04-24,CL00877,Москва,126137,P0109,0.5,187.5,Завершен
IN71133,2019-04-24,CL00798,Химки,153645,P0016,3.0,825.0,Завершен
IN90863,2019-04-24,CL00572,Мытищи,180460,P0081,2.0,750.0,Завершен
IN18826,2019-04-24,CL00721,Красногорск,173899,P0002,3.0,825.0,Завершен
IN95467,2019-04-24,CL00605,Москва,147124,P0065,5.0,1875.0,Завершен
IN14424,2019-04-24,CL00706,Подольск,198274,P0106,3.0,1125.0,Завершен
IN83927,2019-04-24,CL00927,Химки,149628,P0067,5.0,1875.0,Завершен
IN25493,2019-04-24,CL00641,Химки,136025,P0086,0.5,187.5,Завершен
IN85354,2019-04-24,CL01157,Реутов,110382,P0023,0.5,137.5,Завершен
IN93305,2019-04-24,CL00025,Мытищи,170855,P0070,2.0,750.0,Завершен
IN83229,2019-04-25,CL01043,Химки,184837,P0030,2.5,687.5,Завершен
IN84499,2019-04-25,CL00536,Реутов,172362,P0031,2.5,687.5,Завершен
IN14450,2019-04-25,CL00260,Подольск,182978,P0010,5.0,1375.0,Завершен
IN58499,2019-04-25,CL01143,Реутов,132426,P0009,3.0,825.0,Завершен
IN10565,2019-04-25,CL00703,Королёв,107212,P0076,2.0,750.0,Завершен
IN57775,2019-04-25,CL00896,Люберцы,113928,P0008,0.5,137.5,Завершен
IN10364,2019-04-25,CL00468,Химки,154172,P0009,1.0,275.0,Завершен
IN96569,2019-04-26,CL00120,Люберцы,149192,P0057,3.0,1125.0,Завершен
IN63045,2019-04-26,CL01007,Химки,187946,P0084,2.5,937.5,Завершен
IN75038,2019-04-26,CL00808,Подольск,134510,P0060,0.5,187.5,Отказ
IN94195,2019-04-26,CL00954,Красногорск,117389,P0004,2.0,550.0,Завершен
IN82083,2019-04-27,CL00495,Химки,178094,P0034,5.0,1375.0,Завершен
IN45511,2019-04-27,CL00616,Красногорск,105856,P0036,2.5,687.5,Отказ
IN68186,2019-04-27,CL00625,Мытищи,170371,P0067,2.0,750.0,Завершен
IN64523,2019-04-27,CL00233,Химки,183283,P0033,3.0,825.0,Завершен
IN39555,2019-04-27,CL00696,Люберцы,107925,P0099,5.0,1875.0,Завершен
IN10673,2019-04-27,CL00210,Королёв,118758,P0014,1.5,412.5,Завершен
IN64203,2019-04-27,CL00022,Мытищи,124931,P0023,3.0,825.0,Завершен
IN89731,2019-04-27,CL00116,Подольск,162070,P0070,1.5,562.5,Отказ
IN92558,2019-04-27,CL01070,Реутов,186413,P0061,0.5,187.5,Завершен
IN42620,2019-04-28,CL00582,Мытищи,146388,P0023,2.0,550.0,Завершен
IN62215,2019-04-28,CL00710,Москва,174302,P0091,2.5,937.5,Завершен
IN71970,2019-04-28,CL00892,Реутов,133126,P0057,0.5,187.5,Завершен
IN11482,2019-04-28,CL01126,Королёв,134048,P0099,0.5,187.5,Отказ
IN11651,2019-04-28,CL00921,Реутов,132581,P0089,2.5,937.5,Завершен
IN50862,2019-04-28,CL00894,Люберцы,113235,P0075,3.0,1125.0,Завершен
IN12408,2019-04-28,CL00693,Красногорск,174498,P0023,0.5,137.5,Завершен
IN81556,2019-04-28,CL00904,Королёв,138800,P0048,5.0,1375.0,Завершен
IN52165,2019-04-29,CL00600,Люберцы,109064,P0001,0.5,137.5,Завершен
IN54295,2019-04-29,CL01196,Химки,165214,P0115,1.0,375.0,Завершен
IN60087,2019-04-29,CL00936,Красногорск,114945,P0100,0.5,187.5,Завершен
IN88684,2019-04-29,CL00839,Химки,160846,P0112,1.5,562.5,Завершен
IN41028,2019-04-29,CL01149,Люберцы,163131,P0053,1.0,375.0,Завершен
IN27321,2019-04-29,CL01078,Москва,122973,P0069,1.5,562.5,Завершен
IN15578,2019-04-30,CL00802,Люберцы,181931,P0099,2.5,937.5,Завершен
IN99063,2019-04-30,CL00586,Люберцы,164634,P0009,2.5,687.5,Завершен
IN90626,2019-04-30,CL00427,Красногорск,120885,P0049,3.0,825.0,Завершен
IN92470,2019-04-30,CL00798,Химки,153645,P0117,0.5,187.5,Завершен
IN20336,2019-04-30,CL00819,Люберцы,195302,P0106,1.5,562.5,Завершен
IN45735,2019-05-01,CL00934,Красногорск,129218,P0039,0.5,137.5,Завершен
IN48832,2019-05-01,CL00133,Люберцы,191905,P0037,1.5,412.5,Завершен
IN17432,2019-05-01,CL00298,Красногорск,113875,P0025,2.0,550.0,Завершен
IN98986,2019-05-01,CL00594,Королёв,152198,P0029,5.0,1375.0,Завершен
IN93961,2019-05-01,CL00050,Люберцы,106658,P0023,5.0,1375.0,Завершен
IN18326,2019-05-01,CL00561,Москва,192123,P0103,1.0,375.0,Отказ
IN19624,2019-05-01,CL00878,Москва,199201,P0048,1.5,412.5,Завершен
IN54427,2019-05-01,CL00514,Москва,154950,P0084,5.0,1875.0,Завершен
IN45690,2019-05-01,CL00180,Химки,117172,P0065,3.0,1125.0,Завершен
IN58623,2019-05-02,CL00989,Мытищи,120152,P0068,2.0,750.0,Завершен
IN79586,2019-05-02,CL00131,Красногорск,142600,P0006,0.5,137.5,Завершен
IN93006,2019-05-02,CL00326,Подольск,111104,P0009,3.0,825.0,Отказ
IN11050,2019-05-02,CL01090,Люберцы,175352,P0064,2.0,750.0,Завершен
IN25818,2019-05-02,CL00590,Химки,117758,P0014,2.5,687.5,Завершен
IN86892,2019-05-02,CL00261,Реутов,169541,P0095,0.5,187.5,Завершен
IN31614,2019-05-02,CL00687,Люберцы,132527,P0045,0.5,137.5,Завершен
IN41097,2019-05-02,CL00015,Москва,104117,P0105,0.5,187.5,Завершен
IN24694,2019-05-03,CL00033,Королёв,169615,P0088,1.5,562.5,Завершен
IN34467,2019-05-03,CL00522,Реутов,107989,P0082,2.5,937.5,Завершен
IN91694,2019-05-03,CL00998,Люберцы,157367,P0094,2.0,750.0,Отказ
IN15635,2019-05-03,CL00993,Королёв,156757,P0091,3.0,1125.0,Завершен
IN70747,2019-05-03,CL00969,Подольск,196348,P0007,1.0,275.0,Завершен
IN74618,2019-05-03,CL00294,Реутов,110205,P0028,1.5,412.5,Завершен
IN74660,2019-05-04,CL00990,Королёв,104965,P0011,1.5,412.5,Завершен
IN51274,2019-05-04,CL01169,Мытищи,119148,P0110,2.5,937.5,Завершен
IN11582,2019-05-04,CL00644,Москва,157850,P0069,3.0,1125.0,Завершен
IN63528,2019-05-04,CL00293,Мытищи,197260,P0014,1.0,275.0,Завершен
IN28289,2019-05-04,CL01139,Мытищи,152041,P0086,0.5,187.5,Завершен
IN13995,2019-05-04,CL00432,Люберцы,114089,P0104,1.5,562.5,Завершен
IN68839,2019-05-04,CL00206,Москва,107355,P0012,2.0,550.0,Отказ
IN65259,2019-05-04,CL00409,Мытищи,183238,P0001,5.0,1375.0,Завершен
IN35787,2019-05-04,CL01107,Реутов,175584,P0008,2.0,550.0,Отказ
IN22306,2019-05-05,CL00605,Москва,147124,P0077,0.5,187.5,Завершен
IN55463,2019-05-05,CL00241,Красногорск,189873,P0108,1.5,562.5,Завершен
IN18105,2019-05-05,CL00505,Москва,109046,P0085,2.5,937.5,Завершен
IN49366,2019-05-06,CL00718,Химки,106019,P0038,2.0,550.0,Завершен
IN86118,2019-05-06,CL00803,Химки,127125,P0118,5.0,1875.0,Завершен
IN60900,2019-05-06,CL00544,Реутов,132208,P0027,1.0,275.0,Завершен
IN35533,2019-05-06,CL00113,Мытищи,198176,P0031,0.5,137.5,Завершен
IN74867,2019-05-06,CL00502,Москва,188181,P0011,1.5,412.5,Завершен
IN83343,2019-05-06,CL00811,Мытищи,170968,P0100,1.5,562.5,Завершен
IN10906,2019-05-06,CL01181,Реутов,101170,P0074,2.0,750.0,Завершен
IN89098,2019-05-07,CL00597,Красногорск,173905,P0041,1.0,275.0,Завершен
IN41705,2019-05-07,CL00438,Красногорск,144444,P0087,1.5,562.5,Завершен
IN28829,2019-05-07,CL00196,Реутов,185461,P0004,1.0,275.0,Завершен
IN72791,2019-05-07,CL00003,Мытищи,139117,P0031,3.0,825.0,Завершен
IN27466,2019-05-07,CL00634,Реутов,183296,P0076,1.0,375.0,Завершен
IN63067,2019-05-07,CL00681,Подольск,173831,P0047,1.0,275.0,Завершен
IN34385,2019-05-07,CL00573,Красногорск,135825,P0071,1.5,562.5,Завершен
IN27481,2019-05-07,CL00513,Красногорск,124704,P0097,5.0,1875.0,Завершен
IN31478,2019-05-07,CL00988,Реутов,126945,P0058,1.5,562.5,Завершен
IN32962,2019-05-08,CL00525,Реутов,149343,P0083,1.0,375.0,Завершен
IN28127,2019-05-08,CL00446,Красногорск,154596,P0099,2.5,937.5,Завершен
IN74833,2019-05-08,CL01134,Мытищи,145039,P0025,1.0,275.0,Завершен
IN87462,2019-05-08,CL00074,Химки,109171,P0088,3.0,1125.0,Отказ
IN89705,2019-05-08,CL00674,Москва,110215,P0009,2.5,687.5,Завершен
IN73343,2019-05-08,CL00245,Москва,131925,P0045,0.5,137.5,Завершен
IN21023,2019-05-08,CL00485,Красногорск,100895,P0047,1.5,412.5,Завершен
IN42224,2019-05-09,CL00769,Подольск,124672,P0010,5.0,1375.0,Завершен
IN34157,2019-05-09,CL01074,Мытищи,161822,P0007,1.0,275.0,Завершен
IN72671,2019-05-10,CL00883,Люберцы,168195,P0017,2.0,550.0,Завершен
IN68058,2019-05-10,CL00516,Королёв,192181,P0011,0.5,137.5,Завершен
IN57383,2019-05-10,CL00322,Красногорск,112387,P0034,0.5,137.5,Завершен
IN14528,2019-05-10,CL00064,Химки,160332,P0037,0.5,137.5,Завершен
IN32212,2019-05-10,CL00182,Москва,179806,P0014,1.5,412.5,Завершен
IN69433,2019-05-11,CL01046,Москва,123597,P0020,2.5,687.5,Завершен
IN84602,2019-05-11,CL00317,Москва,145015,P0118,2.0,750.0,Завершен
IN66321,2019-05-11,CL00426,Химки,120932,P0054,0.5,187.5,Завершен
IN15244,2019-05-11,CL00516,Королёв,192181,P0034,5.0,1375.0,Завершен
IN35022,2019-05-11,CL00812,Химки,150738,P0095,1.0,375.0,Завершен
IN56770,2019-05-11,CL00989,Мытищи,120152,P0112,5.0,1875.0,Завершен
IN62892,2019-05-11,CL01046,Москва,123597,P0058,3.0,1125.0,Завершен
IN63952,2019-05-11,CL00443,Реутов,196904,P0070,5.0,1875.0,Завершен
IN85192,2019-05-11,CL00411,Подольск,176106,P0049,3.0,825.0,Отказ
IN87989,2019-05-11,CL01170,Люберцы,109356,P0050,2.0,550.0,Завершен
IN96748,2019-05-12,CL00552,Королёв,169758,P0102,5.0,1875.0,Завершен
IN64649,2019-05-12,CL00617,Москва,184930,P0021,1.0,275.0,Завершен
IN48875,2019-05-12,CL00639,Реутов,154477,P0096,5.0,1875.0,Завершен
IN39154,2019-05-12,CL00465,Королёв,170592,P0027,1.0,275.0,Завершен
IN70436,2019-05-13,CL00073,Люберцы,157154,P0013,1.0,275.0,Завершен
IN74447,2019-05-13,CL00959,Москва,198328,P0075,3.0,1125.0,Завершен
IN75691,2019-05-13,CL00809,Королёв,135200,P0062,0.5,187.5,Завершен
IN26877,2019-05-13,CL00173,Мытищи,153523,P0036,2.5,687.5,Завершен
IN94274,2019-05-13,CL00216,Химки,147049,P0027,1.0,275.0,Завершен
IN17577,2019-05-13,CL00066,Москва,152227,P0108,2.5,937.5,Завершен
IN91382,2019-05-14,CL01061,Мытищи,171267,P0013,1.0,275.0,Завершен
IN30206,2019-05-14,CL00182,Москва,179806,P0114,5.0,1875.0,Завершен
IN25640,2019-05-14,CL00921,Реутов,132581,P0108,1.0,375.0,Завершен
IN17779,2019-05-14,CL00948,Реутов,179450,P0064,0.5,187.5,Завершен
IN64680,2019-05-14,CL00591,Москва,143544,P0119,2.5,937.5,Завершен
IN27355,2019-05-14,CL00424,Королёв,112689,P0058,0.5,187.5,Завершен
IN52290,2019-05-14,CL00627,Люберцы,164157,P0049,0.5,137.5,Отказ
IN68932,2019-05-14,CL00229,Мытищи,101824,P0008,1.5,412.5,Завершен
IN46409,2019-05-14,CL00253,Реутов,197735,P0045,3.0,825.0,Завершен
IN78516,2019-05-14,CL00734,Реутов,196384,P0074,1.5,562.5,Завершен
IN56985,2019-05-14,CL00988,Реутов,126945,P0098,2.0,750.0,Завершен
IN10647,2019-05-15,CL00023,Подольск,136509,P0017,2.0,550.0,Завершен
IN36439,2019-05-15,CL00872,Королёв,123176,P0031,1.0,275.0,Завершен
IN80046,2019-05-15,CL01153,Королёв,162530,P0084,1.0,375.0,Завершен
IN40589,2019-05-15,CL00806,Люберцы,171319,P0046,2.0,550.0,Отказ
IN71597,2019-05-15,CL00243,Мытищи,159600,P0027,5.0,1375.0,Завершен
IN46435,2019-05-16,CL00629,Красногорск,160012,P0100,2.5,937.5,Завершен
IN45273,2019-05-16,CL00420,Химки,118830,P0084,3.0,1125.0,Отказ
IN86530,2019-05-16,CL01106,Люберцы,166995,P0050,3.0,825.0,Завершен
IN18678,2019-05-16,CL00305,Подольск,199642,P0096,5.0,1875.0,Завершен
IN88168,2019-05-16,CL00795,Мытищи,112203,P0114,5.0,1875.0,Завершен
IN81893,2019-05-17,CL00374,Подольск,165211,P0060,2.5,937.5,Завершен
IN66648,2019-05-17,CL00036,Реутов,174668,P0072,0.5,187.5,Завершен
IN90870,2019-05-17,CL00475,Королёв,198173,P0061,0.5,187.5,Завершен
IN95285,2019-05-17,CL00988,Реутов,126945,P0065,1.5,562.5,Завершен
IN15805,2019-05-17,CL01105,Королёв,141342,P0067,5.0,1875.0,Завершен
IN21799,2019-05-17,CL00085,Люберцы,126100,P0101,5.0,1875.0,Завершен
IN88704,2019-05-17,CL00826,Подольск,118855,P0039,1.5,412.5,Завершен
IN78234,2019-05-17,CL00092,Подольск,187500,P0115,5.0,1875.0,Завершен
IN12301,2019-05-17,CL00620,Королёв,153090,P0078,1.5,562.5,Завершен
IN50917,2019-05-17,CL00132,Королёв,133862,P0045,2.0,550.0,Завершен
IN23896,2019-05-18,CL00267,Красногорск,190023,P0069,5.0,1875.0,Завершен
IN42072,2019-05-18,CL00715,Реутов,132540,P0088,2.5,937.5,Завершен
IN32061,2019-05-18,CL00004,Подольск,121174,P0094,3.0,1125.0,Завершен
IN94256,2019-05-18,CL00833,Химки,153368,P0030,2.0,550.0,Отказ
IN59380,2019-05-18,CL00409,Мытищи,183238,P0042,1.5,412.5,Завершен
IN46693,2019-05-18,CL00290,Люберцы,115726,P0034,3.0,825.0,Завершен
IN72988,2019-05-18,CL00116,Подольск,162070,P0109,1.0,375.0,Завершен
IN37497,2019-05-18,CL00893,Подольск,189881,P0114,1.5,562.5,Завершен
IN32447,2019-05-19,CL00309,Подольск,161462,P0072,0.5,187.5,Завершен
IN85131,2019-05-19,CL01143,Реутов,132426,P0012,1.0,275.0,Завершен
IN66152,2019-05-19,CL00561,Москва,192123,P0093,0.5,187.5,Отказ
IN81061,2019-05-19,CL01058,Реутов,163192,P0061,1.5,562.5,Завершен
IN17291,2019-05-19,CL00893,Подольск,189881,P0065,3.0,1125.0,Завершен
IN46774,2019-05-19,CL00884,Реутов,117536,P0110,3.0,1125.0,Завершен
IN68540,2019-05-19,CL00900,Красногорск,101671,P0117,5.0,1875.0,Завершен
IN74764,2019-05-20,CL00158,Подольск,172350,P0064,2.5,937.5,Отказ
IN86156,2019-05-20,CL00591,Москва,143544,P0032,2.5,687.5,Отказ
IN89760,2019-05-20,CL00177,Красногорск,152976,P0021,1.5,412.5,Завершен
IN61197,2019-05-20,CL00327,Реутов,143054,P0096,5.0,1875.0,Завершен
IN82080,2019-05-20,CL01008,Королёв,109587,P0090,1.0,375.0,Завершен
IN82154,2019-05-20,CL00739,Химки,160731,P0104,1.0,375.0,Завершен
IN36917,2019-05-20,CL00913,Подольск,191248,P0078,2.5,937.5,Завершен
IN95939,2019-05-21,CL00411,Подольск,176106,P0012,3.0,825.0,Завершен
IN76944,2019-05-21,CL00642,Люберцы,159942,P0009,5.0,1375.0,Завершен
IN13480,2019-05-21,CL00525,Реутов,149343,P0048,5.0,1375.0,Завершен
IN10923,2019-05-21,CL00997,Люберцы,139498,P0009,3.0,825.0,Завершен
IN88117,2019-05-21,CL00591,Москва,143544,P0111,2.0,750.0,Завершен
IN16170,2019-05-21,CL00433,Подольск,195355,P0065,0.5,187.5,Завершен
IN38763,2019-05-21,CL01168,Красногорск,104159,P0039,2.0,550.0,Завершен
IN87264,2019-05-21,CL00941,Мытищи,151497,P0118,2.0,750.0,Завершен
IN82519,2019-05-21,CL00385,Красногорск,174349,P0109,2.5,937.5,Завершен
IN32388,2019-05-22,CL00852,Мытищи,136239,P0117,1.0,375.0,Завершен
IN38576,2019-05-22,CL00634,Реутов,183296,P0055,5.0,1875.0,Завершен
IN54599,2019-05-22,CL00002,Люберцы,199871,P0116,0.5,187.5,Завершен
IN51719,2019-05-22,CL00164,Москва,140319,P0008,3.0,825.0,Отказ
IN14290,2019-05-22,CL01126,Королёв,134048,P0108,2.0,750.0,Завершен
IN22270,2019-05-22,CL01064,Красногорск,113970,P0040,1.5,412.5,Завершен
IN89102,2019-05-22,CL00176,Москва,141224,P0067,2.5,937.5,Завершен
IN39182,2019-05-22,CL00993,Королёв,156757,P0046,3.0,825.0,Завершен
IN79968,2019-05-23,CL00996,Мытищи,165907,P0049,5.0,1375.0,Завершен
IN14911,2019-05-23,CL00098,Красногорск,170798,P0013,2.5,687.5,Отказ
IN69026,2019-05-23,CL00325,Красногорск,185990,P0060,2.5,937.5,Завершен
IN17004,2019-05-23,CL00281,Реутов,120631,P0114,2.5,937.5,Завершен
IN40424,2019-05-23,CL01002,Красногорск,101461,P0069,5.0,1875.0,Завершен
IN92255,2019-05-23,CL00890,Москва,185664,P0091,3.0,1125.0,Завершен
IN77158,2019-05-23,CL00321,Реутов,188984,P0095,1.5,562.5,Завершен
IN72000,2019-05-23,CL00169,Химки,175392,P0036,1.5,412.5,Завершен
IN13242,2019-05-23,CL00856,Москва,138745,P0045,2.5,687.5,Завершен
IN30993,2019-05-24,CL00971,Подольск,133425,P0016,1.5,412.5,Завершен
IN97734,2019-05-24,CL01125,Химки,162460,P0039,2.5,687.5,Завершен
IN40608,2019-05-24,CL00324,Красногорск,186980,P0010,1.0,275.0,Завершен
IN83342,2019-05-24,CL00251,Подольск,131186,P0119,0.5,187.5,Завершен
IN14947,2019-05-24,CL00086,Москва,162277,P0047,5.0,1375.0,Завершен
IN21629,2019-05-24,CL00853,Люберцы,193204,P0043,1.0,275.0,Завершен
IN37171,2019-05-25,CL00887,Химки,177292,P0054,0.5,187.5,Завершен
IN60371,2019-05-25,CL00896,Люберцы,113928,P0021,1.5,412.5,Завершен
IN43371,2019-05-25,CL00704,Подольск,192785,P0033,5.0,1375.0,Завершен
IN26034,2019-05-25,CL00433,Подольск,195355,P0107,2.0,750.0,Завершен
IN85012,2019-05-25,CL00206,Москва,107355,P0104,1.5,562.5,Завершен
IN17677,2019-05-26,CL00617,Москва,184930,P0007,2.0,550.0,Завершен
IN83721,2019-05-26,CL00503,Москва,100395,P0039,3.0,825.0,Завершен
IN68949,2019-05-26,CL00740,Мытищи,189922,P0001,1.0,275.0,Завершен
IN26837,2019-05-26,CL00163,Подольск,118643,P0029,1.5,412.5,Отказ
IN26433,2019-05-26,CL00010,Химки,198994,P0075,2.5,937.5,Завершен
IN97089,2019-05-26,CL00488,Люберцы,190802,P0117,2.5,937.5,Завершен
IN36382,2019-05-26,CL00724,Подольск,153744,P0023,3.0,825.0,Завершен
IN29865,2019-05-26,CL00234,Люберцы,115292,P0022,5.0,1375.0,Завершен
IN37362,2019-05-27,CL01006,Подольск,180856,P0026,0.5,137.5,Отказ
IN65492,2019-05-27,CL00908,Москва,186947,P0026,3.0,825.0,Завершен
IN65178,2019-05-27,CL00939,Королёв,193959,P0084,2.5,937.5,Завершен
IN12116,2019-05-27,CL01156,Реутов,121400,P0066,2.0,750.0,Завершен
IN69289,2019-05-27,CL00331,Химки,120308,P0045,0.5,137.5,Завершен
IN29624,2019-05-27,CL00394,Подольск,158341,P0085,2.5,937.5,Отказ
IN62901,2019-05-27,CL00157,Химки,134687,P0071,3.0,1125.0,Завершен
IN81771,2019-05-28,CL00675,Химки,158335,P0099,0.5,187.5,Отказ
IN33448,2019-05-28,CL00756,Химки,165390,P0047,1.5,412.5,Отказ
IN54993,2019-05-28,CL00666,Москва,160238,P0038,3.0,825.0,Завершен
IN37300,2019-05-28,CL00068,Реутов,170282,P0039,0.5,137.5,Завершен
IN45531,2019-05-28,CL00906,Люберцы,188705,P0035,5.0,1375.0,Завершен
IN99567,2019-05-28,CL00640,Королёв,174107,P0079,5.0,1875.0,Завершен
IN62341,2019-05-28,CL00978,Красногорск,127964,P0036,1.5,412.5,Завершен
IN79919,2019-05-28,CL00089,Москва,113970,P0015,2.0,550.0,Завершен
IN10104,2019-05-28,CL00618,Подольск,197057,P0110,2.5,937.5,Завершен
IN11058,2019-05-29,CL00803,Химки,127125,P0034,1.0,275.0,Завершен
IN52235,2019-05-29,CL01169,Мытищи,119148,P0016,1.5,412.5,Отказ
IN74952,2019-05-29,CL00128,Королёв,195817,P0006,1.5,412.5,Завершен
IN92746,2019-05-30,CL00718,Химки,106019,P0119,2.5,937.5,Завершен
IN11937,2019-05-30,CL00358,Москва,131531,P0091,0.5,187.5,Завершен
IN20173,2019-05-30,CL00516,Королёв,192181,P0061,2.0,750.0,Завершен
IN15942,2019-05-30,CL01151,Люберцы,101383,P0104,2.5,937.5,Завершен
IN92688,2019-05-30,CL00532,Мытищи,199837,P0086,2.5,937.5,Завершен
IN49477,2019-05-30,CL00790,Подольск,164629,P0001,2.5,687.5,Завершен
IN69525,2019-05-30,CL00485,Красногорск,100895,P0021,1.0,275.0,Завершен
IN94189,2019-05-30,CL00231,Реутов,148689,P0053,5.0,1875.0,Отказ
IN10301,2019-05-30,CL00155,Королёв,177139,P0019,2.5,687.5,Завершен
IN85784,2019-05-30,CL00992,Химки,153429,P0111,1.0,375.0,Завершен
IN19450,2019-05-30,CL00448,Москва,122349,P0031,3.0,825.0,Завершен
IN33488,2019-05-30,CL00655,Люберцы,116631,P0065,1.5,562.5,Завершен
IN28101,2019-05-31,CL00701,Люберцы,195677,P0109,3.0,1125.0,Завершен
IN22527,2019-05-31,CL00460,Королёв,194589,P0018,1.0,275.0,Завершен
IN30106,2019-05-31,CL00618,Подольск,197057,P0087,0.5,187.5,Завершен
IN72966,2019-05-31,CL01088,Люберцы,166353,P0114,0.5,187.5,Завершен
IN19881,2019-05-31,CL00669,Подольск,139566,P0070,0.5,187.5,Завершен
IN87178,2019-05-31,CL00348,Мытищи,103694,P0083,1.5,562.5,Завершен
IN22510,2019-05-31,CL00941,Мытищи,151497,P0004,2.5,687.5,Завершен
IN33081,2019-06-01,CL00906,Люберцы,188705,P0074,1.0,375.0,Завершен
IN28328,2019-06-01,CL00748,Люберцы,109828,P0072,0.5,187.5,Завершен
IN53979,2019-06-02,CL00032,Москва,107492,P0120,3.0,1125.0,Завершен
IN99033,2019-06-02,CL00006,Люберцы,131571,P0035,5.0,1375.0,Завершен
IN38387,2019-06-02,CL00254,Королёв,147453,P0040,1.5,412.5,Завершен
IN62393,2019-06-02,CL01057,Реутов,148546,P0055,1.5,562.5,Завершен
IN49052,2019-06-02,CL01028,Подольск,174162,P0065,1.5,562.5,Завершен
IN10652,2019-06-02,CL01029,Королёв,105297,P0016,2.5,687.5,Завершен
IN77108,2019-06-02,CL00976,Подольск,166209,P0009,1.0,275.0,Завершен
IN45077,2019-06-02,CL01143,Реутов,132426,P0062,2.0,750.0,Завершен
IN53583,2019-06-03,CL00274,Подольск,129392,P0053,2.0,750.0,Завершен
IN45063,2019-06-03,CL01153,Королёв,162530,P0061,2.5,937.5,Завершен
IN61129,2019-06-03,CL01161,Подольск,183478,P0078,2.0,750.0,Завершен
IN42281,2019-06-03,CL00373,Реутов,150678,P0019,1.0,275.0,Завершен
IN17940,2019-06-03,CL00127,Реутов,168386,P0013,5.0,1375.0,Завершен
IN64590,2019-06-03,CL01070,Реутов,186413,P0012,2.5,687.5,Завершен
IN51652,2019-06-04,CL00585,Подольск,122216,P0104,5.0,1875.0,Завершен
IN37312,2019-06-04,CL00501,Королёв,154450,P0023,3.0,825.0,Завершен
IN63440,2019-06-04,CL00967,Красногорск,171645,P0080,2.5,937.5,Завершен
IN69987,2019-06-05,CL00613,Подольск,144966,P0072,0.5,187.5,Завершен
IN64833,2019-06-05,CL01131,Мытищи,137555,P0068,5.0,1875.0,Завершен
IN81703,2019-06-05,CL00367,Королёв,126422,P0059,1.0,375.0,Завершен
IN37853,2019-06-05,CL00716,Красногорск,110208,P0111,1.0,375.0,Завершен
IN81896,2019-06-05,CL00992,Химки,153429,P0043,3.0,825.0,Завершен
IN66251,2019-06-05,CL01055,Москва,169655,P0085,1.5,562.5,Завершен
IN13425,2019-06-05,CL00044,Красногорск,157433,P0055,1.0,375.0,Завершен
IN82599,2019-06-06,CL00124,Мытищи,144725,P0032,2.0,550.0,Завершен
IN28341,2019-06-06,CL00684,Химки,113168,P0015,3.0,825.0,Отказ
IN85214,2019-06-06,CL00258,Королёв,158138,P0120,2.0,750.0,Завершен
IN26054,2019-06-06,CL00692,Мытищи,101581,P0114,1.0,375.0,Завершен
IN35750,2019-06-06,CL00069,Москва,134237,P0018,1.5,412.5,Завершен
IN67936,2019-06-06,CL00020,Реутов,195561,P0029,2.5,687.5,Завершен
IN11487,2019-06-07,CL00992,Химки,153429,P0016,3.0,825.0,Завершен
IN85059,2019-06-07,CL00250,Люберцы,114408,P0042,1.0,275.0,Завершен
IN97155,2019-06-07,CL00417,Люберцы,189783,P0094,1.5,562.5,Завершен
IN24396,2019-06-07,CL00622,Москва,125863,P0047,0.5,137.5,Завершен
IN60235,2019-06-07,CL00383,Москва,179635,P0092,1.0,375.0,Завершен
IN70314,2019-06-07,CL00433,Подольск,195355,P0047,3.0,825.0,Завершен
IN69178,2019-06-07,CL00182,Москва,179806,P0087,0.5,187.5,Завершен
IN99381,2019-06-07,CL00556,Химки,169003,P0029,3.0,825.0,Отказ
IN19326,2019-06-08,CL00311,Красногорск,140685,P0036,0.5,137.5,Завершен
IN88708,2019-06-08,CL01171,Подольск,132778,P0053,5.0,1875.0,Завершен
IN42905,2019-06-08,CL00502,Москва,188181,P0074,1.0,375.0,Отказ
IN30438,2019-06-09,CL00055,Москва,176350,P0036,1.5,412.5,Завершен
IN35884,2019-06-09,CL00992,Химки,153429,P0103,0.5,187.5,Завершен
IN72659,2019-06-09,CL01044,Москва,116762,P0012,0.5,137.5,Завершен
IN22604,2019-06-09,CL00400,Подольск,111300,P0073,2.5,937.5,Завершен
IN87552,2019-06-09,CL00109,Мытищи,117786,P0003,2.0,550.0,Завершен
IN81243,2019-06-09,CL00304,Химки,133550,P0029,0.5,137.5,Завершен
IN76856,2019-06-10,CL00008,Подольск,172063,P0083,2.0,750.0,Завершен
IN48609,2019-06-10,CL00035,Мытищи,188501,P0057,1.5,562.5,Завершен
IN89324,2019-06-10,CL00230,Мытищи,188188,P0019,5.0,1375.0,Завершен
IN20445,2019-06-10,CL01143,Реутов,132426,P0100,0.5,187.5,Завершен
IN75446,2019-06-10,CL01138,Подольск,186772,P0108,0.5,187.5,Завершен
IN55140,2019-06-11,CL00478,Подольск,161344,P0096,2.0,750.0,Завершен
IN52359,2019-06-11,CL00511,Москва,160686,P0097,1.5,562.5,Завершен
IN75122,2019-06-11,CL00079,Реутов,100053,P0037,1.0,275.0,Завершен
IN19837,2019-06-11,CL01044,Москва,116762,P0001,3.0,825.0,Завершен
IN57616,2019-06-11,CL00336,Королёв,198617,P0008,0.5,137.5,Завершен
IN66713,2019-06-12,CL00880,Химки,145134,P0075,3.0,1125.0,Завершен
IN96954,2019-06-12,CL00923,Подольск,173183,P0096,2.0,750.0,Завершен
IN57718,2019-06-12,CL01029,Королёв,105297,P0048,2.0,550.0,Завершен
IN29089,2019-06-12,CL00836,Подольск,168719,P0001,5.0,1375.0,Завершен
IN10667,2019-06-13,CL00039,Химки,117154,P0031,0.5,137.5,Завершен
IN80974,2019-06-14,CL00671,Мытищи,185054,P0011,5.0,1375.0,Завершен
IN45644,2019-06-14,CL00837,Подольск,126309,P0039,2.5,687.5,Отказ
IN73682,2019-06-14,CL00369,Реутов,171176,P0113,5.0,1875.0,Завершен
IN11010,2019-06-14,CL00572,Мытищи,180460,P0020,1.0,275.0,Завершен
IN35188,2019-06-14,CL00150,Москва,162616,P0101,2.0,750.0,Завершен
IN23340,2019-06-15,CL00613,Подольск,144966,P0082,1.0,375.0,Завершен
IN42279,2019-06-15,CL01192,Мытищи,158901,P0053,3.0,1125.0,Завершен
IN51211,2019-06-15,CL00711,Красногорск,113487,P0007,1.5,412.5,Завершен
IN68064,2019-06-15,CL00083,Мытищи,187012,P0068,1.0,375.0,Завершен
IN94296,2019-06-15,CL00287,Реутов,188895,P0034,1.0,275.0,Завершен
IN11003,2019-06-15,CL01080,Химки,178579,P0102,2.5,937.5,Завершен
IN26547,2019-06-16,CL00908,Москва,186947,P0041,1.5,412.5,Завершен
IN55135,2019-06-17,CL00306,Подольск,182306,P0052,0.5,187.5,Завершен
IN83301,2019-06-17,CL00477,Красногорск,184058,P0062,2.0,750.0,Завершен
IN13268,2019-06-17,CL00320,Красногорск,137079,P0060,3.0,1125.0,Завершен
IN70903,2019-06-17,CL00800,Реутов,164349,P0002,3.0,825.0,Завершен
IN25126,2019-06-17,CL00450,Мытищи,157807,P0103,2.5,937.5,Завершен
IN39087,2019-06-17,CL00423,Красногорск,116059,P0107,3.0,1125.0,Завершен
IN68278,2019-06-17,CL00449,Подольск,131745,P0018,5.0,1375.0,Завершен
IN41398,2019-06-17,CL00668,Королёв,156072,P0018,1.5,412.5,Завершен
IN34454,2019-06-18,CL00010,Химки,198994,P0097,2.5,937.5,Завершен
IN10086,2019-06-18,CL00802,Люберцы,181931,P0058,2.5,937.5,Завершен
IN66351,2019-06-18,CL00434,Реутов,152505,P0048,5.0,1375.0,Завершен
IN49064,2019-06-18,CL00542,Москва,176550,P0020,2.5,687.5,Завершен
IN78134,2019-06-18,CL01086,Красногорск,136242,P0071,1.5,562.5,Завершен
IN66249,2019-06-18,CL00712,Химки,100336,P0025,2.5,687.5,Завершен
IN16353,2019-06-18,CL00054,Москва,190573,P0071,0.5,187.5,Завершен
IN70253,2019-06-18,CL00864,Реутов,143426,P0015,2.0,550.0,Завершен
IN45830,2019-06-18,CL00659,Реутов,136467,P0018,1.0,275.0,Завершен
IN15666,2019-06-18,CL00145,Химки,139618,P0022,1.5,412.5,Завершен
IN45901,2019-06-19,CL00992,Химки,153429,P0098,0.5,187.5,Завершен
IN26517,2019-06-19,CL01107,Реутов,175584,P0073,0.5,187.5,Завершен
IN53384,2019-06-19,CL00462,Реутов,119198,P0010,1.5,412.5,Завершен
IN62208,2019-06-19,CL00047,Мытищи,197310,P0059,1.5,562.5,Завершен
IN80068,2019-06-19,CL00397,Красногорск,115907,P0110,2.5,937.5,Завершен
IN46934,2019-06-19,CL00507,Реутов,150132,P0049,1.5,412.5,Завершен
IN13774,2019-06-19,CL01038,Королёв,100864,P0054,5.0,1875.0,Завершен
IN75403,2019-06-19,CL01195,Химки,108302,P0058,2.0,750.0,Завершен
IN73618,2019-06-20,CL00762,Красногорск,103840,P0025,2.0,550.0,Завершен
IN88674,2019-06-20,CL00135,Химки,164038,P0033,1.5,412.5,Завершен
IN13465,2019-06-20,CL00795,Мытищи,112203,P0090,1.0,375.0,Завершен
IN70818,2019-06-20,CL01088,Люберцы,166353,P0090,1.5,562.5,Отказ
IN33177,2019-06-20,CL00355,Мытищи,155027,P0003,2.5,687.5,Завершен
IN41554,2019-06-20,CL00210,Королёв,118758,P0010,0.5,137.5,Завершен
IN15909,2019-06-21,CL00555,Подольск,112624,P0096,0.5,187.5,Завершен
IN86682,2019-06-21,CL00073,Люберцы,157154,P0055,2.0,750.0,Отказ
IN41373,2019-06-21,CL00580,Красногорск,113399,P0069,0.5,187.5,Завершен
IN59385,2019-06-22,CL00122,Мытищи,139529,P0089,1.5,562.5,Завершен
IN54631,2019-06-22,CL00072,Мытищи,175574,P0017,1.0,275.0,Завершен
IN98737,2019-06-22,CL00787,Королёв,127483,P0039,2.0,550.0,Завершен
IN18387,2019-06-22,CL00074,Химки,109171,P0114,1.5,562.5,Завершен
IN56386,2019-06-22,CL00607,Подольск,105806,P0019,2.5,687.5,Завершен
IN68916,2019-06-22,CL01060,Реутов,162539,P0106,2.5,937.5,Завершен
IN28694,2019-06-22,CL00129,Красногорск,111359,P0119,2.5,937.5,Завершен
IN53450,2019-06-23,CL01114,Люберцы,180358,P0015,5.0,1375.0,Отказ
IN47740,2019-06-23,CL00033,Королёв,169615,P0048,2.0,550.0,Завершен
IN11684,2019-06-23,CL00097,Мытищи,130735,P0070,5.0,1875.0,Завершен
IN90601,2019-06-23,CL00307,Королёв,199598,P0087,5.0,1875.0,Завершен
IN56234,2019-06-23,CL00100,Химки,153424,P0115,1.5,562.5,Завершен
IN23685,2019-06-23,CL01162,Королёв,181625,P0028,1.0,275.0,Завершен
IN42231,2019-06-24,CL00810,Подольск,187486,P0050,0.5,137.5,Завершен
IN61221,2019-06-24,CL00091,Москва,115906,P0026,0.5,137.5,Завершен
IN99096,2019-06-24,CL01121,Королёв,123148,P0054,2.0,750.0,Завершен
IN92470,2019-06-24,CL00226,Люберцы,144396,P0055,2.0,750.0,Отказ
IN66043,2019-06-24,CL00227,Королёв,118449,P0091,5.0,1875.0,Завершен
IN12827,2019-06-25,CL00286,Химки,114918,P0048,2.5,687.5,Завершен
IN42091,2019-06-25,CL00224,Реутов,117322,P0104,0.5,187.5,Отказ
IN42198,2019-06-25,CL00715,Реутов,132540,P0074,2.0,750.0,Завершен
IN84003,2019-06-25,CL00530,Королёв,112119,P0059,2.5,937.5,Завершен
IN41888,2019-06-25,CL00662,Мытищи,152129,P0071,3.0,1125.0,Завершен
IN37155,2019-06-25,CL00147,Подольск,198669,P0066,3.0,1125.0,Завершен
IN55164,2019-06-25,CL00232,Химки,181205,P0110,1.0,375.0,Завершен
IN75824,2019-06-25,CL01122,Королёв,182660,P0057,2.5,937.5,Завершен
IN38878,2019-06-26,CL01115,Красногорск,155567,P0046,5.0,1375.0,Завершен
IN18337,2019-06-26,CL00191,Королёв,158529,P0002,5.0,1375.0,Завершен
IN33996,2019-06-26,CL01118,Химки,194478,P0037,5.0,1375.0,Завершен
IN57897,2019-06-27,CL00777,Мытищи,142284,P0070,2.0,750.0,Завершен
IN60581,2019-06-27,CL00612,Люберцы,111253,P0111,3.0,1125.0,Завершен
IN63835,2019-06-27,CL00790,Подольск,164629,P0114,2.5,937.5,Завершен
IN77018,2019-06-27,CL01137,Королёв,124102,P0093,1.5,562.5,Завершен
IN68629,2019-06-28,CL00640,Королёв,174107,P0080,5.0,1875.0,Завершен
IN33504,2019-06-28,CL01144,Королёв,117206,P0054,2.0,750.0,Завершен
IN78124,2019-06-29,CL00089,Москва,113970,P0054,1.5,562.5,Завершен
IN16807,2019-06-29,CL00428,Королёв,140441,P0065,1.5,562.5,Завершен
IN40169,2019-06-29,CL00668,Королёв,156072,P0007,2.0,550.0,Отказ
IN27557,2019-06-29,CL01000,Подольск,117875,P0006,3.0,825.0,Завершен
IN82810,2019-06-29,CL00822,Мытищи,119424,P0079,0.5,187.5,Завершен
IN28876,2019-06-29,CL00816,Подольск,121910,P0013,3.0,825.0,Завершен
IN68288,2019-06-29,CL00886,Реутов,129402,P0066,5.0,1875.0,Завершен
IN24788,2019-06-30,CL00179,Королёв,199613,P0049,2.0,550.0,Завершен
IN29863,2019-06-30,CL00568,Мытищи,173919,P0106,0.5,187.5,Завершен
IN16423,2019-06-30,CL01000,Подольск,117875,P0063,0.5,187.5,Завершен
IN48296,2019-06-30,CL00653,Люберцы,167425,P0085,3.0,1125.0,Завершен
IN26580,2019-06-30,CL00784,Мытищи,118434,P0043,2.5,687.5,Завершен
IN81190,2019-06-30,CL00050,Люберцы,106658,P0020,2.0,550.0,Завершен
IN59963,2019-07-01,CL00961,Люберцы,170932,P0063,0.5,187.5,Завершен
IN93901,2019-07-01,CL00718,Химки,106019,P0111,0.5,187.5,Завершен
IN47491,2019-07-01,CL00981,Химки,180439,P0049,3.0,825.0,Завершен
IN88563,2019-07-01,CL00434,Реутов,152505,P0001,2.0,550.0,Завершен
IN58558,2019-07-01,CL00035,Мытищи,188501,P0012,1.0,275.0,Отказ
IN16815,2019-07-01,CL01200,Москва,163618,P0109,2.0,750.0,Завершен
IN29080,2019-07-01,CL00712,Химки,100336,P0040,0.5,137.5,Завершен
IN54555,2019-07-02,CL00629,Красногорск,160012,P0019,2.0,550.0,Завершен
IN53276,2019-07-02,CL01049,Королёв,153840,P0046,0.5,137.5,Завершен
IN95790,2019-07-02,CL00577,Мытищи,120214,P0085,1.0,375.0,Завершен
IN73839,2019-07-03,CL00676,Москва,115806,P0038,1.5,412.5,Завершен
IN81947,2019-07-03,CL00586,Люберцы,164634,P0116,5.0,1875.0,Завершен
IN89717,2019-07-03,CL00903,Мытищи,184454,P0067,1.5,562.5,Отказ
IN70632,2019-07-03,CL00589,Люберцы,194489,P0025,0.5,137.5,Завершен
IN23462,2019-07-03,CL00236,Мытищи,170457,P0115,5.0,1875.0,Завершен
IN79090,2019-07-03,CL00682,Подольск,194690,P0113,2.0,750.0,Завершен
IN36765,2019-07-03,CL00164,Москва,140319,P0009,3.0,825.0,Завершен
IN60512,2019-07-04,CL00512,Реутов,132441,P0104,2.5,937.5,Завершен
IN78329,2019-07-04,CL00286,Химки,114918,P0003,2.0,550.0,Завершен
IN30949,2019-07-04,CL00861,Люберцы,116769,P0058,1.0,375.0,Завершен
IN15463,2019-07-04,CL00727,Люберцы,169443,P0117,2.0,750.0,Отказ
IN87760,2019-07-05,CL00623,Реутов,192371,P0078,1.0,375.0,Завершен
IN31377,2019-07-05,CL00874,Подольск,120766,P0114,5.0,1875.0,Завершен
IN62452,2019-07-05,CL00469,Королёв,118018,P0092,1.5,562.5,Завершен
IN71358,2019-07-05,CL00832,Красногорск,154627,P0063,3.0,1125.0,Завершен
IN53928,2019-07-05,CL00941,Мытищи,151497,P0058,5.0,1875.0,Завершен
IN99301,2019-07-05,CL00624,Химки,192243,P0041,2.5,687.5,Отказ
IN77876,2019-07-06,CL00343,Люберцы,121012,P0056,1.0,375.0,Завершен
IN65898,2019-07-06,CL01149,Люберцы,163131,P0035,1.5,412.5,Завершен
IN10579,2019-07-06,CL00580,Красногорск,113399,P0027,0.5,137.5,Завершен
IN34961,2019-07-06,CL00736,Химки,176638,P0111,5.0,1875.0,Завершен
IN83964,2019-07-06,CL00724,Подольск,153744,P0088,0.5,187.5,Завершен
IN11045,2019-07-06,CL00043,Подольск,109016,P0108,2.0,750.0,Завершен
IN39328,2019-07-06,CL00493,Подольск,179395,P0077,3.0,1125.0,Завершен
IN31878,2019-07-06,CL00541,Реутов,129002,P0072,2.5,937.5,Завершен
IN71491,2019-07-06,CL00059,Подольск,131029,P0076,2.0,750.0,Завершен
IN25198,2019-07-06,CL01115,Красногорск,155567,P0077,2.0,750.0,Завершен
IN75701,2019-07-06,CL00521,Химки,118777,P0008,0.5,137.5,Завершен
IN28554,2019-07-07,CL00474,Подольск,104763,P0032,1.0,275.0,Отказ
IN28456,2019-07-07,CL01123,Королёв,173680,P0008,3.0,825.0,Завершен
IN48045,2019-07-07,CL00554,Люберцы,191469,P0113,1.0,375.0,Завершен
IN98841,2019-07-07,CL00338,Химки,174766,P0022,2.0,550.0,Завершен
IN96330,2019-07-07,CL00067,Люберцы,136585,P0097,0.5,187.5,Завершен
IN96797,2019-07-07,CL00334,Реутов,123703,P0094,2.0,750.0,Завершен
IN46903,2019-07-08,CL01068,Подольск,172733,P0081,1.0,375.0,Завершен
IN59789,2019-07-08,CL00390,Королёв,173619,P0105,1.0,375.0,Завершен
IN35726,2019-07-08,CL00995,Мытищи,176756,P0034,3.0,825.0,Завершен
IN36252,2019-07-08,CL00796,Королёв,156534,P0050,5.0,1375.0,Завершен
IN53090,2019-07-09,CL00270,Подольск,176869,P0010,0.5,137.5,Отказ
IN22606,2019-07-09,CL00853,Люберцы,193204,P0024,0.5,137.5,Завершен
IN29843,2019-07-09,CL01168,Красногорск,104159,P0111,0.5,187.5,Отказ
IN76049,2019-07-09,CL00986,Красногорск,112577,P0100,2.0,750.0,Отказ
IN55698,2019-07-09,CL00378,Люберцы,194065,P0047,0.5,137.5,Завершен
IN37385,2019-07-09,CL01144,Королёв,117206,P0100,2.5,937.5,Завершен
IN71436,2019-07-09,CL00535,Королёв,191177,P0060,3.0,1125.0,Завершен
IN82916,2019-07-09,CL00672,Москва,140043,P0002,1.5,412.5,Завершен
IN51765,2019-07-09,CL00605,Москва,147124,P0111,5.0,1875.0,Завершен
IN60769,2019-07-10,CL00160,Люберцы,137762,P0054,2.0,750.0,Завершен
IN41465,2019-07-10,CL00272,Москва,178696,P0036,5.0,1375.0,Завершен
IN37219,2019-07-10,CL01007,Химки,187946,P0036,5.0,1375.0,Завершен
IN74861,2019-07-10,CL00496,Королёв,147419,P0094,0.5,187.5,Завершен
IN96166,2019-07-10,CL00664,Красногорск,144270,P0118,3.0,1125.0,Завершен
IN29169,2019-07-10,CL00574,Королёв,172487,P0022,2.0,550.0,Завершен
IN35971,2019-07-11,CL00222,Люберцы,104373,P0098,3.0,1125.0,Завершен
IN65156,2019-07-11,CL00400,Подольск,111300,P0038,1.0,275.0,Завершен
IN38451,2019-07-11,CL00582,Мытищи,146388,P0028,5.0,1375.0,Завершен
IN36315,2019-07-11,CL01132,Подольск,183962,P0071,2.0,750.0,Завершен
IN17630,2019-07-11,CL00669,Подольск,139566,P0023,5.0,1375.0,Отказ
IN87245,2019-07-11,CL00639,Реутов,154477,P0012,0.5,137.5,Завершен
IN64720,2019-07-12,CL00035,Мытищи,188501,P0025,0.5,137.5,Завершен
IN94239,2019-07-12,CL00851,Люберцы,114169,P0048,2.0,550.0,Завершен
IN20793,2019-07-12,CL00437,Мытищи,112672,P0058,0.5,187.5,Завершен
IN98392,2019-07-12,CL00136,Королёв,164332,P0089,1.0,375.0,Завершен
IN21570,2019-07-13,CL00876,Реутов,162573,P0012,0.5,137.5,Завершен
IN99244,2019-07-13,CL01024,Подольск,129269,P0043,0.5,137.5,Завершен
IN98387,2019-07-13,CL00930,Мытищи,197679,P0094,2.5,937.5,Завершен
IN11096,2019-07-13,CL00100,Химки,153424,P0047,5.0,1375.0,Завершен
IN75168,2019-07-13,CL00143,Химки,163464,P0020,5.0,1375.0,Завершен
IN91098,2019-07-13,CL00235,Москва,139893,P0057,1.0,375.0,Завершен
IN28285,2019-07-13,CL00726,Красногорск,186154,P0080,2.5,937.5,Завершен
IN26356,2019-07-13,CL00704,Подольск,192785,P0007,0.5,137.5,Завершен
IN97459,2019-07-13,CL00089,Москва,113970,P0083,3.0,1125.0,Завершен
IN72176,2019-07-13,CL00569,Реутов,170852,P0115,2.0,750.0,Завершен
IN56658,2019-07-13,CL00265,Красногорск,152262,P0023,2.0,550.0,Завершен
IN66681,2019-07-14,CL01040,Химки,120625,P0037,2.0,550.0,Завершен
IN97136,2019-07-14,CL00169,Химки,175392,P0098,2.5,937.5,Завершен
IN21505,2019-07-14,CL00926,Красногорск,136458,P0037,3.0,825.0,Завершен
IN93870,2019-07-14,CL00928,Химки,158220,P0040,3.0,825.0,Завершен
IN62627,2019-07-14,CL00661,Мытищи,160089,P0046,1.0,275.0,Завершен
IN34127,2019-07-14,CL00236,Мытищи,170457,P0060,1.0,375.0,Завершен
IN68176,2019-07-14,CL01190,Королёв,124461,P0091,2.0,750.0,Завершен
IN77486,2019-07-14,CL00403,Подольск,184192,P0027,2.5,687.5,Завершен
IN35521,2019-07-14,CL01081,Подольск,147151,P0026,0.5,137.5,Завершен
IN21223,2019-07-14,CL00915,Королёв,149774,P0010,2.0,550.0,Завершен
IN75012,2019-07-15,CL00519,Подольск,137914,P0078,1.5,562.5,Завершен
IN81964,2019-07-15,CL00289,Москва,127686,P0108,2.0,750.0,Завершен
IN83012,2019-07-15,CL01132,Подольск,183962,P0028,5.0,1375.0,Завершен
IN73287,2019-07-16,CL00789,Москва,196021,P0082,5.0,1875.0,Завершен
IN84928,2019-07-16,CL00744,Москва,159270,P0091,2.5,937.5,Завершен
IN28228,2019-07-16,CL00670,Люберцы,147242,P0099,0.5,187.5,Завершен
IN15713,2019-07-17,CL00568,Мытищи,173919,P0106,5.0,1875.0,Завершен
IN34069,2019-07-17,CL00328,Мытищи,155496,P0018,0.5,137.5,Завершен
IN93702,2019-07-17,CL00067,Люберцы,136585,P0084,1.5,562.5,Завершен
IN68616,2019-07-17,CL00903,Мытищи,184454,P0030,1.0,275.0,Завершен
IN74392,2019-07-17,CL00793,Люберцы,134226,P0046,2.5,687.5,Завершен
IN16526,2019-07-17,CL01074,Мытищи,161822,P0071,1.5,562.5,Завершен
IN12183,2019-07-17,CL00338,Химки,174766,P0103,3.0,1125.0,Завершен
IN35713,2019-07-17,CL00812,Химки,150738,P0050,5.0,1375.0,Завершен
IN32402,2019-07-18,CL00489,Москва,161000,P0071,0.5,187.5,Завершен
IN13009,2019-07-18,CL01005,Химки,184663,P0103,2.5,937.5,Завершен
IN88738,2019-07-18,CL00887,Химки,177292,P0021,2.0,550.0,Завершен
IN33744,2019-07-18,CL00016,Мытищи,136500,P0018,1.5,412.5,Завершен
IN34776,2019-07-18,CL01152,Подольск,161498,P0080,1.0,375.0,Завершен
IN25606,2019-07-18,CL00891,Москва,154627,P0117,2.0,750.0,Завершен
IN85263,2019-07-19,CL00380,Москва,146210,P0031,1.0,275.0,Завершен
IN71547,2019-07-19,CL00606,Мытищи,186193,P0024,2.0,550.0,Завершен
IN47785,2019-07-19,CL00269,Реутов,196835,P0016,5.0,1375.0,Завершен
IN52812,2019-07-19,CL00278,Красногорск,123777,P0101,0.5,187.5,Завершен
IN77385,2019-07-20,CL00117,Химки,133586,P0115,1.5,562.5,Завершен
IN45083,2019-07-20,CL00991,Мытищи,133018,P0081,1.0,375.0,Завершен
IN48885,2019-07-20,CL01128,Москва,146018,P0020,2.5,687.5,Завершен
IN39968,2019-07-20,CL00272,Москва,178696,P0067,2.5,937.5,Завершен
IN56291,2019-07-20,CL00109,Мытищи,117786,P0078,3.0,1125.0,Завершен
IN66224,2019-07-20,CL01058,Реутов,163192,P0059,3.0,1125.0,Завершен
IN64590,2019-07-20,CL00981,Химки,180439,P0119,3.0,1125.0,Завершен
IN66908,2019-07-20,CL00553,Москва,194659,P0063,5.0,1875.0,Завершен
IN77840,2019-07-20,CL00624,Химки,192243,P0073,2.0,750.0,Завершен
IN13840,2019-07-20,CL00735,Красногорск,130619,P0079,1.5,562.5,Завершен
IN95043,2019-07-21,CL01044,Москва,116762,P0061,2.5,937.5,Завершен
IN66442,2019-07-21,CL00223,Подольск,138680,P0020,1.5,412.5,Завершен
IN80198,2019-07-21,CL01063,Мытищи,149155,P0074,2.5,937.5,Завершен
IN50055,2019-07-21,CL00695,Мытищи,108851,P0105,0.5,187.5,Завершен
IN57340,2019-07-21,CL01176,Красногорск,195451,P0065,1.5,562.5,Завершен
IN32920,2019-07-21,CL00325,Красногорск,185990,P0093,3.0,1125.0,Отказ
IN39789,2019-07-22,CL00858,Химки,193502,P0011,3.0,825.0,Завершен
IN28596,2019-07-22,CL00888,Мытищи,185267,P0062,3.0,1125.0,Завершен
IN51252,2019-07-22,CL00302,Мытищи,125415,P0011,5.0,1375.0,Завершен
IN55266,2019-07-22,CL00227,Королёв,118449,P0061,1.5,562.5,Завершен
IN99866,2019-07-22,CL00290,Люберцы,115726,P0019,3.0,825.0,Завершен
IN13745,2019-07-22,CL00815,Подольск,199246,P0106,0.5,187.5,Завершен
IN53919,2019-07-22,CL00191,Королёв,158529,P0086,0.5,187.5,Завершен
IN24409,2019-07-22,CL00685,Мытищи,150335,P0010,2.5,687.5,Завершен
IN96090,2019-07-23,CL00639,Реутов,154477,P0040,0.5,137.5,Завершен
IN46014,2019-07-23,CL00457,Королёв,132311,P0076,1.5,562.5,Завершен
IN56919,2019-07-23,CL00117,Химки,133586,P0055,5.0,1875.0,Завершен
IN44628,2019-07-23,CL00643,Мытищи,135112,P0056,1.0,375.0,Завершен
IN92026,2019-07-24,CL00777,Мытищи,142284,P0028,0.5,137.5,Завершен
IN52490,2019-07-24,CL00733,Подольск,134208,P0084,0.5,187.5,Завершен
IN97236,2019-07-24,CL01116,Реутов,148799,P0012,0.5,137.5,Отказ
IN56855,2019-07-24,CL00179,Королёв,199613,P0098,1.5,562.5,Завершен
IN38825,2019-07-24,CL00594,Королёв,152198,P0108,1.5,562.5,Завершен
IN14096,2019-07-24,CL00978,Красногорск,127964,P0094,3.0,1125.0,Завершен
IN72115,2019-07-24,CL00281,Реутов,120631,P0082,5.0,1875.0,Завершен
IN31860,2019-07-25,CL00729,Люберцы,130339,P0016,1.5,412.5,Завершен
IN23304,2019-07-25,CL00859,Королёв,188063,P0115,5.0,1875.0,Завершен
IN13767,2019-07-25,CL00879,Москва,182141,P0020,1.0,275.0,Завершен
IN25535,2019-07-25,CL00646,Люберцы,104224,P0004,2.5,687.5,Завершен
IN95852,2019-07-25,CL01133,Реутов,174925,P0064,2.5,937.5,Завершен
IN11850,2019-07-25,CL00950,Люберцы,144939,P0014,2.0,550.0,Завершен
IN17760,2019-07-25,CL00844,Химки,184853,P0018,2.5,687.5,Завершен
IN64889,2019-07-26,CL00121,Химки,190520,P0040,3.0,825.0,Завершен
IN23101,2019-07-26,CL00095,Королёв,132406,P0009,2.0,550.0,Завершен
IN38221,2019-07-26,CL00978,Красногорск,127964,P0118,1.0,375.0,Завершен
IN79601,2019-07-26,CL00274,Подольск,129392,P0092,1.5,562.5,Завершен
IN15043,2019-07-26,CL00859,Королёв,188063,P0011,2.5,687.5,Завершен
IN34222,2019-07-27,CL00944,Королёв,177242,P0049,2.0,550.0,Завершен
IN24444,2019-07-27,CL00470,Подольск,162350,P0027,2.5,687.5,Завершен
IN87394,2019-07-27,CL00623,Реутов,192371,P0104,3.0,1125.0,Завершен
IN92406,2019-07-27,CL00510,Подольск,129188,P0062,0.5,187.5,Завершен
IN21151,2019-07-27,CL00808,Подольск,134510,P0107,1.5,562.5,Завершен
IN36623,2019-07-27,CL00578,Подольск,141507,P0079,2.5,937.5,Завершен
IN67131,2019-07-27,CL00080,Люберцы,176019,P0010,3.0,825.0,Завершен
IN17022,2019-07-28,CL01161,Подольск,183478,P0038,3.0,825.0,Завершен
IN39961,2019-07-28,CL00801,Москва,156047,P0108,3.0,1125.0,Завершен
IN30543,2019-07-28,CL00728,Реутов,107850,P0017,5.0,1375.0,Завершен
IN42268,2019-07-28,CL00993,Королёв,156757,P0067,0.5,187.5,Завершен
IN94698,2019-07-29,CL00166,Реутов,165597,P0082,0.5,187.5,Завершен
IN78254,2019-07-29,CL00811,Мытищи,170968,P0035,2.0,550.0,Завершен
IN82738,2019-07-29,CL00368,Химки,141365,P0074,1.0,375.0,Завершен
IN37924,2019-07-29,CL00837,Подольск,126309,P0077,2.5,937.5,Отказ
IN93617,2019-07-29,CL00380,Москва,146210,P0099,3.0,1125.0,Завершен
IN32295,2019-07-29,CL00869,Подольск,126253,P0094,1.5,562.5,Завершен
IN91976,2019-07-30,CL00476,Москва,174443,P0003,3.0,825.0,Завершен
IN29162,2019-07-30,CL00279,Реутов,197120,P0075,0.5,187.5,Завершен
IN81002,2019-07-30,CL00285,Королёв,154287,P0032,1.0,275.0,Завершен
IN19898,2019-07-30,CL00877,Москва,126137,P0068,2.5,937.5,Отказ
IN11184,2019-07-31,CL00361,Реутов,105706,P0029,2.0,550.0,Завершен
IN98701,2019-07-31,CL00974,Люберцы,175061,P0008,1.0,275.0,Завершен
IN95001,2019-07-31,CL00957,Люберцы,155363,P0044,3.0,825.0,Завершен
IN42182,2019-07-31,CL01092,Химки,160142,P0109,3.0,1125.0,Завершен
IN11655,2019-07-31,CL00267,Красногорск,190023,P0087,3.0,1125.0,Завершен
IN57865,2019-08-01,CL00915,Королёв,149774,P0024,1.0,275.0,Завершен
IN95748,2019-08-01,CL01142,Мытищи,120352,P0007,5.0,1375.0,Завершен
IN89515,2019-08-01,CL00877,Москва,126137,P0032,3.0,825.0,Завершен
IN38402,2019-08-01,CL01179,Мытищи,156906,P0103,1.5,562.5,Завершен
IN58668,2019-08-01,CL00459,Химки,164094,P0033,2.0,550.0,Отказ
IN86631,2019-08-02,CL00207,Красногорск,119080,P0106,5.0,1875.0,Завершен
IN27625,2019-08-02,CL00187,Королёв,131946,P0073,1.5,562.5,Завершен
IN10111,2019-08-03,CL00005,Красногорск,114662,P0063,1.0,375.0,Завершен
IN24476,2019-08-03,CL01120,Подольск,196802,P0036,1.5,412.5,Завершен
IN64538,2019-08-03,CL00136,Королёв,164332,P0067,0.5,187.5,Завершен
IN49084,2019-08-03,CL00184,Мытищи,114871,P0038,5.0,1375.0,Отказ
IN23404,2019-08-03,CL00991,Мытищи,133018,P0067,1.0,375.0,Завершен
IN82247,2019-08-04,CL00836,Подольск,168719,P0059,0.5,187.5,Завершен
IN40320,2019-08-04,CL01142,Мытищи,120352,P0030,2.5,687.5,Завершен
IN80947,2019-08-04,CL00610,Королёв,160694,P0095,0.5,187.5,Отказ
IN89082,2019-08-04,CL00825,Королёв,162003,P0076,1.0,375.0,Завершен
IN39755,2019-08-04,CL00933,Химки,159796,P0119,3.0,1125.0,Завершен
IN55156,2019-08-04,CL01169,Мытищи,119148,P0094,3.0,1125.0,Завершен
IN99861,2019-08-05,CL01164,Москва,113405,P0012,0.5,137.5,Завершен
IN20742,2019-08-05,CL00334,Реутов,123703,P0047,1.0,275.0,Завершен
IN26814,2019-08-05,CL00253,Реутов,197735,P0099,2.5,937.5,Завершен
IN72890,2019-08-05,CL00966,Люберцы,158073,P0109,2.5,937.5,Завершен
IN78241,2019-08-06,CL00775,Мытищи,147826,P0020,2.5,687.5,Завершен
IN85569,2019-08-06,CL00424,Королёв,112689,P0111,3.0,1125.0,Завершен
IN86236,2019-08-06,CL00050,Люберцы,106658,P0024,2.0,550.0,Завершен
IN37690,2019-08-07,CL00337,Химки,140562,P0076,2.0,750.0,Отказ
IN51075,2019-08-07,CL00149,Королёв,144657,P0037,3.0,825.0,Завершен
IN22414,2019-08-07,CL01022,Реутов,127886,P0011,2.0,550.0,Завершен
IN21623,2019-08-08,CL00633,Реутов,118070,P0104,2.5,937.5,Завершен
IN37690,2019-08-08,CL00283,Москва,198885,P0037,2.5,687.5,Завершен
IN87329,2019-08-08,CL00672,Москва,140043,P0078,2.5,937.5,Завершен
IN86709,2019-08-08,CL00190,Люберцы,137072,P0066,3.0,1125.0,Завершен
IN14801,2019-08-09,CL00765,Химки,196607,P0095,1.5,562.5,Завершен
IN50694,2019-08-09,CL00411,Подольск,176106,P0067,5.0,1875.0,Завершен
IN17377,2019-08-09,CL01005,Химки,184663,P0118,3.0,1125.0,Завершен
IN31409,2019-08-09,CL01180,Москва,136188,P0069,1.0,375.0,Завершен
IN48778,2019-08-09,CL00043,Подольск,109016,P0023,2.5,687.5,Завершен
IN18751,2019-08-10,CL00110,Подольск,149689,P0092,1.5,562.5,Завершен
IN43300,2019-08-10,CL00375,Люберцы,195300,P0025,3.0,825.0,Завершен
IN65177,2019-08-10,CL01058,Реутов,163192,P0098,5.0,1875.0,Завершен
IN23932,2019-08-10,CL00994,Москва,115506,P0059,1.0,375.0,Завершен
IN42989,2019-08-11,CL00811,Мытищи,170968,P0060,3.0,1125.0,Завершен
IN51150,2019-08-11,CL00528,Реутов,117575,P0041,1.5,412.5,Завершен
IN16910,2019-08-11,CL00649,Красногорск,179988,P0051,2.0,750.0,Завершен
IN71642,2019-08-11,CL00218,Люберцы,189889,P0013,2.5,687.5,Завершен
IN96701,2019-08-11,CL00648,Мытищи,131056,P0062,2.5,937.5,Завершен
IN22182,2019-08-12,CL00380,Москва,146210,P0007,1.5,412.5,Завершен
IN18437,2019-08-12,CL01094,Реутов,128885,P0053,2.0,750.0,Завершен
IN38284,2019-08-12,CL01142,Мытищи,120352,P0120,0.5,187.5,Завершен
IN66202,2019-08-12,CL00989,Мытищи,120152,P0042,2.5,687.5,Завершен
IN50632,2019-08-13,CL00264,Реутов,129949,P0064,2.5,937.5,Отказ
IN48866,2019-08-13,CL00052,Красногорск,183507,P0111,1.5,562.5,Завершен
IN45487,2019-08-13,CL00232,Химки,181205,P0057,5.0,1875.0,Завершен
IN97576,2019-08-13,CL00423,Красногорск,116059,P0024,1.0,275.0,Завершен
IN46636,2019-08-13,CL00503,Москва,100395,P0102,0.5,187.5,Завершен
IN56078,2019-08-14,CL00436,Реутов,172070,P0005,0.5,137.5,Завершен
IN91270,2019-08-14,CL01117,Реутов,123578,P0108,1.0,375.0,Завершен
IN32872,2019-08-15,CL00418,Люберцы,190257,P0037,0.5,137.5,Завершен
IN60017,2019-08-15,CL00900,Красногорск,101671,P0046,1.0,275.0,Завершен
IN65499,2019-08-15,CL01118,Химки,194478,P0021,2.0,550.0,Завершен
IN32004,2019-08-15,CL00036,Реутов,174668,P0082,2.5,937.5,Завершен
IN40371,2019-08-15,CL00306,Подольск,182306,P0101,2.5,937.5,Завершен
IN10288,2019-08-16,CL01044,Москва,116762,P0064,5.0,1875.0,Завершен
IN33288,2019-08-16,CL01191,Красногорск,136087,P0078,2.0,750.0,Завершен
IN45410,2019-08-16,CL01083,Реутов,151792,P0100,2.5,937.5,Завершен
IN49309,2019-08-16,CL00803,Химки,127125,P0081,2.0,750.0,Завершен
IN89234,2019-08-16,CL00580,Красногорск,113399,P0036,3.0,825.0,Завершен
IN27504,2019-08-17,CL00900,Красногорск,101671,P0105,2.0,750.0,Завершен
IN12729,2019-08-17,CL00110,Подольск,149689,P0100,2.5,937.5,Завершен
IN54567,2019-08-17,CL00718,Химки,106019,P0054,2.0,750.0,Завершен
IN85709,2019-08-17,CL00432,Люберцы,114089,P0093,5.0,1875.0,Завершен
IN83327,2019-08-17,CL00264,Реутов,129949,P0041,5.0,1375.0,Завершен
IN78558,2019-08-17,CL00818,Реутов,182211,P0066,3.0,1125.0,Завершен
IN58918,2019-08-17,CL00252,Москва,106868,P0082,5.0,1875.0,Завершен
IN72862,2019-08-17,CL00387,Королёв,175225,P0084,2.5,937.5,Завершен
IN11082,2019-08-17,CL00607,Подольск,105806,P0100,5.0,1875.0,Завершен
IN89305,2019-08-17,CL01177,Мытищи,183692,P0098,1.0,375.0,Завершен
IN47143,2019-08-17,CL00847,Москва,179736,P0120,5.0,1875.0,Завершен
IN66321,2019-08-18,CL00334,Реутов,123703,P0068,2.5,937.5,Завершен
IN90123,2019-08-18,CL00914,Подольск,177430,P0092,2.0,750.0,Завершен
IN12149,2019-08-18,CL00515,Химки,113224,P0011,2.5,687.5,Завершен
IN69975,2019-08-18,CL00126,Красногорск,160258,P0046,2.0,550.0,Завершен
IN99944,2019-08-19,CL00051,Реутов,105778,P0032,2.0,550.0,Завершен
IN96794,2019-08-19,CL00665,Королёв,189463,P0098,0.5,187.5,Завершен
IN99534,2019-08-19,CL00052,Красногорск,183507,P0026,1.5,412.5,Завершен
IN37195,2019-08-19,CL00995,Мытищи,176756,P0077,1.0,375.0,Завершен
IN93841,2019-08-19,CL00433,Подольск,195355,P0006,1.5,412.5,Завершен
IN52947,2019-08-19,CL01187,Королёв,102798,P0090,2.0,750.0,Завершен
IN53402,2019-08-20,CL01017,Королёв,147020,P0095,2.5,937.5,Завершен
IN49408,2019-08-20,CL00982,Москва,142065,P0008,5.0,1375.0,Завершен
IN53311,2019-08-20,CL00217,Люберцы,186275,P0024,0.5,137.5,Завершен
IN99455,2019-08-20,CL00861,Люберцы,116769,P0057,0.5,187.5,Завершен
IN52431,2019-08-20,CL00039,Химки,117154,P0101,5.0,1875.0,Завершен
IN74291,2019-08-20,CL00524,Реутов,141777,P0025,5.0,1375.0,Завершен
IN59334,2019-08-20,CL01005,Химки,184663,P0027,2.0,550.0,Завершен
IN77392,2019-08-20,CL01060,Реутов,162539,P0069,5.0,1875.0,Завершен
IN63906,2019-08-20,CL00056,Реутов,140404,P0118,5.0,1875.0,Отказ
IN77803,2019-08-20,CL00107,Подольск,116728,P0098,5.0,1875.0,Завершен
IN42046,2019-08-20,CL00846,Москва,117342,P0040,3.0,825.0,Завершен
IN83306,2019-08-20,CL00639,Реутов,154477,P0062,5.0,1875.0,Завершен
IN99129,2019-08-21,CL00884,Реутов,117536,P0096,1.0,375.0,Завершен
IN88005,2019-08-21,CL00466,Люберцы,180698,P0048,1.5,412.5,Завершен
IN88348,2019-08-21,CL01120,Подольск,196802,P0023,1.5,412.5,Завершен
IN42060,2019-08-21,CL00038,Люберцы,193872,P0102,2.0,750.0,Завершен
IN66099,2019-08-22,CL00175,Реутов,137777,P0040,2.0,550.0,Завершен
IN27813,2019-08-22,CL00621,Подольск,156640,P0095,1.0,375.0,Завершен
IN61434,2019-08-22,CL00390,Королёв,173619,P0060,2.0,750.0,Завершен
IN15392,2019-08-22,CL00788,Мытищи,114160,P0101,2.0,750.0,Завершен
IN43259,2019-08-23,CL01012,Красногорск,143036,P0080,2.0,750.0,Завершен
IN41460,2019-08-23,CL00377,Красногорск,142981,P0116,5.0,1875.0,Завершен
IN65036,2019-08-23,CL01002,Красногорск,101461,P0014,2.0,550.0,Завершен
IN13279,2019-08-23,CL00984,Москва,149146,P0040,2.5,687.5,Завершен
IN71759,2019-08-24,CL00714,Реутов,123456,P0008,0.5,137.5,Отказ
IN37257,2019-08-24,CL00572,Мытищи,180460,P0008,5.0,1375.0,Завершен
IN17626,2019-08-24,CL00760,Королёв,163527,P0008,0.5,137.5,Завершен
IN16096,2019-08-24,CL00669,Подольск,139566,P0058,5.0,1875.0,Отказ
IN14390,2019-08-24,CL00958,Мытищи,119048,P0012,2.5,687.5,Завершен
IN84792,2019-08-25,CL00851,Люберцы,114169,P0064,1.5,562.5,Завершен
IN17855,2019-08-25,CL00950,Люберцы,144939,P0061,3.0,1125.0,Отказ
IN50326,2019-08-25,CL00389,Химки,103396,P0033,3.0,825.0,Завершен
IN97251,2019-08-25,CL00392,Химки,137431,P0038,2.5,687.5,Завершен
IN20196,2019-08-25,CL00218,Люберцы,189889,P0024,1.5,412.5,Завершен
IN88361,2019-08-25,CL00109,Мытищи,117786,P0005,0.5,137.5,Завершен
IN94922,2019-08-26,CL00665,Королёв,189463,P0059,2.5,937.5,Завершен
IN97677,2019-08-26,CL00316,Красногорск,165715,P0091,2.0,750.0,Завершен
IN70497,2019-08-26,CL00151,Мытищи,109710,P0026,0.5,137.5,Завершен
IN62415,2019-08-26,CL00786,Мытищи,187821,P0114,3.0,1125.0,Завершен
IN60252,2019-08-26,CL00441,Королёв,119521,P0052,3.0,1125.0,Завершен
IN75061,2019-08-27,CL00778,Подольск,157261,P0116,2.5,937.5,Завершен
IN12273,2019-08-27,CL00825,Королёв,162003,P0107,2.0,750.0,Завершен
IN73069,2019-08-27,CL00820,Мытищи,152082,P0059,1.5,562.5,Завершен
IN80127,2019-08-27,CL00535,Королёв,191177,P0047,3.0,825.0,Завершен
IN30390,2019-08-27,CL00235,Москва,139893,P0044,2.0,550.0,Завершен
IN26803,2019-08-28,CL00146,Подольск,107146,P0073,1.5,562.5,Завершен
IN89391,2019-08-28,CL01070,Реутов,186413,P0076,0.5,187.5,Завершен
IN12187,2019-08-28,CL00429,Москва,151543,P0119,1.5,562.5,Завершен
IN31821,2019-08-28,CL00526,Королёв,129536,P0077,3.0,1125.0,Завершен
IN77386,2019-08-29,CL00418,Люберцы,190257,P0109,0.5,187.5,Завершен
IN64841,2019-08-29,CL00474,Подольск,104763,P0045,1.5,412.5,Завершен
IN20293,2019-08-29,CL00241,Красногорск,189873,P0094,5.0,1875.0,Завершен
IN91526,2019-08-29,CL00122,Мытищи,139529,P0031,1.5,412.5,Завершен
IN57799,2019-08-29,CL00312,Королёв,148331,P0108,2.5,937.5,Завершен
IN25588,2019-08-29,CL00106,Москва,187670,P0025,3.0,825.0,Завершен
IN52974,2019-08-29,CL00285,Королёв,154287,P0013,2.0,550.0,Завершен
IN91248,2019-08-29,CL01098,Красногорск,175197,P0031,1.5,412.5,Завершен
IN78487,2019-08-29,CL00385,Красногорск,174349,P0100,0.5,187.5,Завершен
IN84965,2019-08-30,CL00428,Королёв,140441,P0114,1.5,562.5,Завершен
IN15380,2019-08-30,CL00415,Химки,154602,P0034,0.5,137.5,Завершен
IN35700,2019-08-30,CL00830,Люберцы,191250,P0008,3.0,825.0,Отказ
IN43842,2019-08-30,CL00970,Реутов,136583,P0053,2.5,937.5,Отказ
IN43962,2019-08-30,CL00924,Москва,120568,P0093,5.0,1875.0,Завершен
IN32681,2019-08-30,CL00412,Подольск,194454,P0092,1.0,375.0,Завершен
IN23473,2019-08-30,CL00413,Москва,103718,P0060,1.5,562.5,Завершен
IN35774,2019-08-31,CL00397,Красногорск,115907,P0075,3.0,1125.0,Завершен
IN94032,2019-08-31,CL00099,Подольск,150205,P0010,1.0,275.0,Отказ
IN50032,2019-09-01,CL00891,Москва,154627,P0094,1.0,375.0,Завершен
IN49790,2019-09-01,CL00949,Реутов,179822,P0016,1.5,412.5,Завершен
IN34086,2019-09-01,CL00371,Люберцы,106265,P0067,0.5,187.5,Завершен
IN28528,2019-09-01,CL00628,Реутов,176939,P0010,2.5,687.5,Завершен
IN88374,2019-09-01,CL00112,Люберцы,155255,P0002,2.0,550.0,Завершен
IN17218,2019-09-01,CL00983,Мытищи,170809,P0016,1.5,412.5,Завершен
IN26507,2019-09-02,CL00988,Реутов,126945,P0058,5.0,1875.0,Завершен
IN92944,2019-09-02,CL00312,Королёв,148331,P0076,1.0,375.0,Завершен
IN93628,2019-09-02,CL00589,Люберцы,194489,P0007,5.0,1375.0,Завершен
IN59942,2019-09-02,CL00593,Люберцы,191133,P0072,2.0,750.0,Завершен
IN59998,2019-09-02,CL00825,Королёв,162003,P0117,5.0,1875.0,Завершен
IN35369,2019-09-02,CL00447,Москва,134803,P0112,1.0,375.0,Отказ
IN45039,2019-09-03,CL00251,Подольск,131186,P0021,3.0,825.0,Завершен
IN74663,2019-09-03,CL01017,Королёв,147020,P0021,2.5,687.5,Завершен
IN35083,2019-09-03,CL00392,Химки,137431,P0120,3.0,1125.0,Завершен
IN26003,2019-09-03,CL00386,Подольск,148623,P0097,2.5,937.5,Завершен
IN21583,2019-09-03,CL01198,Мытищи,186362,P0083,1.0,375.0,Завершен
IN15858,2019-09-03,CL00342,Мытищи,167621,P0119,1.5,562.5,Завершен
IN77072,2019-09-03,CL00083,Мытищи,187012,P0062,1.5,562.5,Завершен
IN29322,2019-09-03,CL00582,Мытищи,146388,P0074,5.0,1875.0,Завершен
IN62354,2019-09-03,CL01085,Мытищи,195176,P0040,3.0,825.0,Завершен
IN53152,2019-09-04,CL00483,Реутов,111368,P0052,0.5,187.5,Завершен
IN66546,2019-09-04,CL00734,Реутов,196384,P0025,3.0,825.0,Завершен
IN77478,2019-09-04,CL00566,Москва,141220,P0025,5.0,1375.0,Завершен
IN76670,2019-09-04,CL00575,Реутов,176791,P0100,2.5,937.5,Завершен
IN59927,2019-09-04,CL00522,Реутов,107989,P0045,2.5,687.5,Завершен
IN90392,2019-09-04,CL01117,Реутов,123578,P0103,1.5,562.5,Завершен
IN19708,2019-09-04,CL00757,Королёв,136670,P0008,2.5,687.5,Завершен
IN16876,2019-09-04,CL00829,Москва,139722,P0035,1.0,275.0,Завершен
IN50375,2019-09-05,CL00472,Люберцы,111725,P0028,3.0,825.0,Завершен
IN25995,2019-09-05,CL00525,Реутов,149343,P0055,0.5,187.5,Завершен
IN83840,2019-09-05,CL00348,Мытищи,103694,P0070,1.5,562.5,Завершен
IN57407,2019-09-05,CL00279,Реутов,197120,P0026,3.0,825.0,Отказ
IN26796,2019-09-05,CL00976,Подольск,166209,P0020,1.0,275.0,Завершен
IN56977,2019-09-05,CL01113,Люберцы,134452,P0114,2.5,937.5,Завершен
IN63587,2019-09-05,CL00299,Реутов,168676,P0088,0.5,187.5,Завершен
IN17378,2019-09-05,CL00787,Королёв,127483,P0063,2.0,750.0,Завершен
IN38975,2019-09-05,CL00552,Королёв,169758,P0052,5.0,1875.0,Завершен
IN61621,2019-09-05,CL00260,Подольск,182978,P0067,1.0,375.0,Завершен
IN82953,2019-09-05,CL01031,Химки,127102,P0096,2.0,750.0,Отказ
IN77773,2019-09-05,CL01199,Москва,117009,P0109,1.5,562.5,Завершен
IN79300,2019-09-05,CL00806,Люберцы,171319,P0061,2.0,750.0,Завершен
IN53480,2019-09-05,CL01174,Москва,196380,P0009,3.0,825.0,Завершен
IN46795,2019-09-06,CL00047,Мытищи,197310,P0100,2.0,750.0,Завершен
IN85345,2019-09-06,CL00468,Химки,154172,P0097,2.5,937.5,Завершен
IN56608,2019-09-07,CL00214,Реутов,159878,P0111,1.5,562.5,Завершен
IN56948,2019-09-07,CL00395,Красногорск,193000,P0080,5.0,1875.0,Завершен
IN50721,2019-09-07,CL00570,Реутов,118343,P0085,5.0,1875.0,Завершен
IN67750,2019-09-07,CL00486,Реутов,198796,P0024,0.5,137.5,Завершен
IN41140,2019-09-07,CL00442,Красногорск,141750,P0043,2.5,687.5,Завершен
IN16530,2019-09-07,CL01094,Реутов,128885,P0101,3.0,1125.0,Отказ
IN56001,2019-09-07,CL01003,Мытищи,175067,P0005,2.5,687.5,Завершен
IN36736,2019-09-08,CL00360,Мытищи,171313,P0119,0.5,187.5,Завершен
IN82554,2019-09-08,CL00796,Королёв,156534,P0034,1.0,275.0,Завершен
IN53731,2019-09-08,CL00772,Королёв,180495,P0076,0.5,187.5,Отказ
IN41720,2019-09-08,CL00045,Москва,172692,P0114,5.0,1875.0,Завершен
IN79072,2019-09-08,CL00115,Москва,126130,P0032,1.5,412.5,Завершен
IN73697,2019-09-08,CL00112,Люберцы,155255,P0057,2.0,750.0,Завершен
IN52768,2019-09-08,CL01167,Химки,140838,P0072,0.5,187.5,Завершен
IN12067,2019-09-08,CL01103,Мытищи,186956,P0096,1.5,562.5,Завершен
IN30216,2019-09-08,CL00538,Люберцы,167215,P0086,1.5,562.5,Завершен
IN95066,2019-09-09,CL01199,Москва,117009,P0011,1.5,412.5,Завершен
IN83017,2019-09-09,CL00142,Красногорск,170236,P0073,5.0,1875.0,Завершен
IN98287,2019-09-09,CL00044,Красногорск,157433,P0049,1.0,275.0,Завершен
IN51946,2019-09-09,CL00257,Королёв,155872,P0111,2.0,750.0,Завершен
IN30803,2019-09-09,CL00738,Красногорск,170244,P0113,2.5,937.5,Завершен
IN22579,2019-09-10,CL00570,Реутов,118343,P0085,3.0,1125.0,Завершен
IN31654,2019-09-10,CL00312,Королёв,148331,P0007,5.0,1375.0,Завершен
IN23147,2019-09-10,CL00841,Королёв,123276,P0063,1.5,562.5,Завершен
IN91253,2019-09-10,CL00455,Красногорск,160249,P0051,2.0,750.0,Завершен
IN98206,2019-09-10,CL00700,Подольск,151213,P0007,2.5,687.5,Завершен
IN94422,2019-09-10,CL00484,Мытищи,118430,P0100,5.0,1875.0,Завершен
IN72373,2019-09-10,CL00158,Подольск,172350,P0065,1.5,562.5,Завершен
IN66934,2019-09-10,CL00790,Подольск,164629,P0051,1.5,562.5,Завершен
IN51843,2019-09-10,CL01156,Реутов,121400,P0016,1.5,412.5,Завершен
IN93083,2019-09-11,CL00879,Москва,182141,P0010,1.5,412.5,Завершен
IN61577,2019-09-11,CL00615,Мытищи,191326,P0043,2.0,550.0,Завершен
IN95026,2019-09-11,CL01026,Реутов,101388,P0074,2.5,937.5,Завершен
IN91208,2019-09-11,CL01084,Химки,196590,P0064,1.5,562.5,Завершен
IN41167,2019-09-11,CL00072,Мытищи,175574,P0016,3.0,825.0,Завершен
IN58066,2019-09-11,CL00559,Химки,110566,P0106,5.0,1875.0,Завершен
IN12313,2019-09-11,CL00649,Красногорск,179988,P0108,1.5,562.5,Завершен
IN86293,2019-09-11,CL01035,Реутов,147880,P0050,5.0,1375.0,Завершен
IN55090,2019-09-11,CL00989,Мытищи,120152,P0111,5.0,1875.0,Завершен
IN49506,2019-09-11,CL00224,Реутов,117322,P0014,2.0,550.0,Завершен
IN75743,2019-09-11,CL00267,Красногорск,190023,P0018,5.0,1375.0,Завершен
IN93634,2019-09-12,CL00114,Красногорск,108993,P0018,3.0,825.0,Завершен
IN49398,2019-09-12,CL00238,Подольск,185841,P0055,1.5,562.5,Завершен
IN42980,2019-09-12,CL00845,Химки,153674,P0098,0.5,187.5,Завершен
IN94699,2019-09-13,CL00706,Подольск,198274,P0068,2.0,750.0,Завершен
IN74078,2019-09-13,CL00191,Королёв,158529,P0031,1.5,412.5,Завершен
IN88300,2019-09-13,CL00984,Москва,149146,P0108,2.5,937.5,Завершен
IN50973,2019-09-13,CL00578,Подольск,141507,P0019,1.0,275.0,Завершен
IN62149,2019-09-13,CL00833,Химки,153368,P0060,1.5,562.5,Завершен
IN57862,2019-09-13,CL00795,Мытищи,112203,P0098,3.0,1125.0,Завершен
IN40978,2019-09-13,CL00022,Мытищи,124931,P0078,2.5,937.5,Завершен
IN86726,2019-09-13,CL01199,Москва,117009,P0061,3.0,1125.0,Завершен
IN98716,2019-09-13,CL00743,Москва,134100,P0056,2.0,750.0,Завершен
IN35944,2019-09-13,CL00614,Химки,145652,P0029,1.0,275.0,Завершен
IN41477,2019-09-13,CL00158,Подольск,172350,P0012,5.0,1375.0,Завершен
IN56667,2019-09-13,CL00114,Красногорск,108993,P0104,1.5,562.5,Завершен
IN84419,2019-09-14,CL00858,Химки,193502,P0084,1.0,375.0,Завершен
IN18199,2019-09-14,CL00133,Люберцы,191905,P0040,2.0,550.0,Завершен
IN12929,2019-09-14,CL00986,Красногорск,112577,P0022,3.0,825.0,Завершен
IN97498,2019-09-14,CL01009,Мытищи,125875,P0054,1.0,375.0,Завершен
IN69805,2019-09-14,CL00964,Москва,150797,P0111,0.5,187.5,Завершен
IN57737,2019-09-14,CL01091,Королёв,173815,P0025,3.0,825.0,Завершен
IN57809,2019-09-14,CL00592,Красногорск,156441,P0050,5.0,1375.0,Завершен
IN61096,2019-09-14,CL00856,Москва,138745,P0099,2.5,937.5,Завершен
IN32820,2019-09-14,CL00229,Мытищи,101824,P0026,5.0,1375.0,Отказ
IN58798,2019-09-15,CL00208,Реутов,123600,P0079,3.0,1125.0,Завершен
IN59123,2019-09-15,CL00579,Мытищи,140405,P0058,3.0,1125.0,Завершен
IN46721,2019-09-15,CL00559,Химки,110566,P0073,3.0,1125.0,Завершен
IN24336,2019-09-15,CL00058,Мытищи,173385,P0030,1.5,412.5,Завершен
IN79772,2019-09-15,CL01055,Москва,169655,P0115,2.5,937.5,Отказ
IN54906,2019-09-15,CL00244,Химки,178269,P0117,3.0,1125.0,Завершен
IN69001,2019-09-15,CL00190,Люберцы,137072,P0109,0.5,187.5,Завершен
IN12397,2019-09-15,CL01004,Мытищи,198080,P0079,1.0,375.0,Завершен
IN17594,2019-09-15,CL00774,Москва,176888,P0028,3.0,825.0,Завершен
IN94943,2019-09-15,CL00325,Красногорск,185990,P0073,1.0,375.0,Завершен
IN81002,2019-09-16,CL00975,Мытищи,141662,P0078,1.0,375.0,Завершен
IN11496,2019-09-16,CL00830,Люберцы,191250,P0086,1.0,375.0,Завершен
IN73135,2019-09-16,CL01056,Мытищи,117082,P0047,1.0,275.0,Отказ
IN48152,2019-09-16,CL00755,Люберцы,119481,P0119,5.0,1875.0,Завершен
IN16056,2019-09-16,CL00153,Мытищи,115525,P0033,2.0,550.0,Завершен
IN65284,2019-09-16,CL00266,Мытищи,140963,P0086,3.0,1125.0,Завершен
IN67080,2019-09-16,CL00426,Химки,120932,P0085,3.0,1125.0,Завершен
IN40237,2019-09-17,CL00114,Красногорск,108993,P0105,3.0,1125.0,Завершен
IN60712,2019-09-17,CL00832,Красногорск,154627,P0029,2.5,687.5,Завершен
IN84596,2019-09-17,CL00254,Королёв,147453,P0071,5.0,1875.0,Завершен
IN73772,2019-09-17,CL00023,Подольск,136509,P0097,0.5,187.5,Завершен
IN49107,2019-09-17,CL00583,Красногорск,101617,P0083,3.0,1125.0,Отказ
IN96770,2019-09-17,CL01186,Подольск,141515,P0069,1.0,375.0,Завершен
IN13287,2019-09-18,CL01143,Реутов,132426,P0114,2.5,937.5,Завершен
IN69702,2019-09-18,CL00465,Королёв,170592,P0004,2.5,687.5,Завершен
IN77423,2019-09-18,CL00038,Люберцы,193872,P0001,1.5,412.5,Завершен
IN89099,2019-09-18,CL01004,Мытищи,198080,P0065,0.5,187.5,Завершен
IN58241,2019-09-18,CL00735,Красногорск,130619,P0053,1.0,375.0,Завершен
IN75992,2019-09-18,CL00281,Реутов,120631,P0042,2.5,687.5,Завершен
IN99449,2019-09-18,CL00926,Красногорск,136458,P0086,5.0,1875.0,Завершен
IN20837,2019-09-18,CL00650,Подольск,127082,P0071,5.0,1875.0,Завершен
IN68803,2019-09-18,CL00254,Королёв,147453,P0064,0.5,187.5,Завершен
IN73201,2019-09-19,CL00553,Москва,194659,P0111,3.0,1125.0,Завершен
IN38907,2019-09-19,CL00494,Реутов,161712,P0017,2.5,687.5,Завершен
IN89023,2019-09-19,CL00105,Королёв,157125,P0008,1.5,412.5,Завершен
IN74611,2019-09-19,CL00913,Подольск,191248,P0085,2.0,750.0,Отказ
IN13516,2019-09-19,CL00910,Мытищи,144921,P0118,0.5,187.5,Завершен
IN60826,2019-09-20,CL01038,Королёв,100864,P0034,5.0,1375.0,Отказ
IN52545,2019-09-20,CL01149,Люберцы,163131,P0019,1.5,412.5,Завершен
IN86955,2019-09-20,CL00124,Мытищи,144725,P0034,3.0,825.0,Завершен
IN98646,2019-09-20,CL00680,Реутов,198717,P0026,5.0,1375.0,Завершен
IN40563,2019-09-20,CL00324,Красногорск,186980,P0031,3.0,825.0,Завершен
IN71920,2019-09-20,CL01107,Реутов,175584,P0097,5.0,1875.0,Отказ
IN39838,2019-09-20,CL00112,Люберцы,155255,P0050,5.0,1375.0,Завершен
IN86040,2019-09-20,CL00669,Подольск,139566,P0097,1.0,375.0,Завершен
IN25383,2019-09-21,CL00166,Реутов,165597,P0110,5.0,1875.0,Завершен
IN73454,2019-09-21,CL00075,Красногорск,116334,P0004,0.5,137.5,Завершен
IN50196,2019-09-21,CL00936,Красногорск,114945,P0091,2.5,937.5,Завершен
IN98291,2019-09-21,CL01079,Королёв,186099,P0038,2.0,550.0,Завершен
IN54750,2019-09-21,CL00874,Подольск,120766,P0117,3.0,1125.0,Завершен
IN84091,2019-09-21,CL00679,Красногорск,139223,P0013,2.0,550.0,Завершен
IN31812,2019-09-21,CL00708,Реутов,108371,P0012,5.0,1375.0,Завершен
IN37536,2019-09-21,CL01171,Подольск,132778,P0069,2.0,750.0,Завершен
IN45174,2019-09-21,CL00317,Москва,145015,P0039,1.5,412.5,Завершен
IN36636,2019-09-21,CL00010,Химки,198994,P0085,3.0,1125.0,Отказ
IN95190,2019-09-22,CL00633,Реутов,118070,P0025,1.0,275.0,Завершен
IN18870,2019-09-22,CL00676,Москва,115806,P0062,3.0,1125.0,Завершен
IN63708,2019-09-22,CL01133,Реутов,174925,P0101,1.0,375.0,Завершен
IN14426,2019-09-22,CL00971,Подольск,133425,P0079,5.0,1875.0,Завершен
IN68046,2019-09-22,CL00033,Королёв,169615,P0088,2.5,937.5,Завершен
IN67544,2019-09-22,CL00113,Мытищи,198176,P0011,2.0,550.0,Завершен
IN15358,2019-09-22,CL00664,Красногорск,144270,P0028,2.5,687.5,Завершен
IN84645,2019-09-22,CL00072,Мытищи,175574,P0016,5.0,1375.0,Завершен
IN63250,2019-09-22,CL00438,Красногорск,144444,P0107,2.5,937.5,Завершен
IN75143,2019-09-22,CL00237,Реутов,187881,P0028,1.0,275.0,Завершен
IN31491,2019-09-23,CL00642,Люберцы,159942,P0028,1.0,275.0,Завершен
IN41700,2019-09-23,CL00104,Реутов,154921,P0065,1.0,375.0,Завершен
IN38268,2019-09-23,CL00028,Москва,100282,P0037,0.5,137.5,Завершен
IN40118,2019-09-23,CL01112,Реутов,142655,P0009,2.5,687.5,Завершен
IN12956,2019-09-23,CL00305,Подольск,199642,P0095,1.5,562.5,Завершен
IN13608,2019-09-23,CL00203,Москва,130771,P0016,5.0,1375.0,Завершен
IN59525,2019-09-23,CL00229,Мытищи,101824,P0077,5.0,1875.0,Завершен
IN42166,2019-09-24,CL01132,Подольск,183962,P0115,5.0,1875.0,Завершен
IN85845,2019-09-24,CL00236,Мытищи,170457,P0066,0.5,187.5,Завершен
IN78194,2019-09-24,CL00678,Мытищи,113425,P0043,3.0,825.0,Завершен
IN31852,2019-09-24,CL00490,Подольск,165866,P0065,5.0,1875.0,Отказ
IN50765,2019-09-24,CL00451,Реутов,190505,P0063,1.5,562.5,Завершен
IN10846,2019-09-24,CL00696,Люберцы,107925,P0051,1.0,375.0,Завершен
IN68204,2019-09-24,CL00592,Красногорск,156441,P0106,1.5,562.5,Завершен
IN49673,2019-09-24,CL01060,Реутов,162539,P0107,2.0,750.0,Завершен
IN13914,2019-09-24,CL00613,Подольск,144966,P0087,1.0,375.0,Завершен
IN65610,2019-09-24,CL00475,Королёв,198173,P0015,2.0,550.0,Завершен
IN68540,2019-09-24,CL00117,Химки,133586,P0119,2.5,937.5,Завершен
IN98963,2019-09-24,CL00508,Реутов,189486,P0058,2.5,937.5,Завершен
IN82968,2019-09-25,CL00861,Люберцы,116769,P0064,5.0,1875.0,Завершен
IN10588,2019-09-25,CL00591,Москва,143544,P0074,2.5,937.5,Отказ
IN15416,2019-09-25,CL00565,Люберцы,109744,P0091,0.5,187.5,Завершен
IN50923,2019-09-25,CL00466,Люберцы,180698,P0033,1.0,275.0,Завершен
IN29669,2019-09-25,CL00716,Красногорск,110208,P0103,1.5,562.5,Завершен
IN30868,2019-09-25,CL00153,Мытищи,115525,P0057,0.5,187.5,Завершен
IN38333,2019-09-26,CL00007,Мытищи,109071,P0112,1.0,375.0,Завершен
IN94444,2019-09-26,CL00727,Люберцы,169443,P0005,2.0,550.0,Завершен
IN21524,2019-09-26,CL01012,Красногорск,143036,P0112,0.5,187.5,Завершен
IN68383,2019-09-26,CL00175,Реутов,137777,P0065,5.0,1875.0,Завершен
IN27639,2019-09-26,CL01090,Люберцы,175352,P0066,2.5,937.5,Завершен
IN45113,2019-09-26,CL00660,Королёв,142898,P0021,2.0,550.0,Завершен
IN54858,2019-09-26,CL00401,Люберцы,193969,P0077,3.0,1125.0,Завершен
IN91390,2019-09-26,CL01151,Люберцы,101383,P0041,2.5,687.5,Завершен
IN22537,2019-09-26,CL00725,Химки,183354,P0068,3.0,1125.0,Завершен
IN26369,2019-09-27,CL00775,Мытищи,147826,P0058,1.5,562.5,Завершен
IN37657,2019-09-27,CL00830,Люберцы,191250,P0059,0.5,187.5,Завершен
IN68147,2019-09-27,CL00151,Мытищи,109710,P0120,5.0,1875.0,Завершен
IN31610,2019-09-27,CL00070,Люберцы,178193,P0085,0.5,187.5,Завершен
IN71164,2019-09-27,CL00891,Москва,154627,P0005,0.5,137.5,Завершен
IN70226,2019-09-27,CL00091,Москва,115906,P0105,1.5,562.5,Завершен
IN89115,2019-09-28,CL01187,Королёв,102798,P0027,2.5,687.5,Завершен
IN72462,2019-09-28,CL00572,Мытищи,180460,P0043,5.0,1375.0,Завершен
IN63228,2019-09-28,CL00496,Королёв,147419,P0003,0.5,137.5,Завершен
IN50289,2019-09-28,CL01191,Красногорск,136087,P0084,5.0,1875.0,Завершен
IN98650,2019-09-28,CL00206,Москва,107355,P0115,1.0,375.0,Завершен
IN30537,2019-09-28,CL00676,Москва,115806,P0106,3.0,1125.0,Отказ
IN16144,2019-09-28,CL00198,Мытищи,157711,P0113,2.5,937.5,Завершен
IN45417,2019-09-28,CL00472,Люберцы,111725,P0011,5.0,1375.0,Завершен
IN93978,2019-09-28,CL00023,Подольск,136509,P0049,2.5,687.5,Завершен
IN71721,2019-09-28,CL00302,Мытищи,125415,P0052,1.5,562.5,Завершен
IN16627,2019-09-28,CL00014,Химки,100942,P0042,2.5,687.5,Завершен
IN98967,2019-09-29,CL00572,Мытищи,180460,P0102,0.5,187.5,Завершен
IN41683,2019-09-29,CL00090,Химки,191214,P0114,1.5,562.5,Завершен
IN24896,2019-09-29,CL00391,Люберцы,192279,P0016,0.5,137.5,Завершен
IN33891,2019-09-29,CL00560,Мытищи,149436,P0026,5.0,1375.0,Завершен
IN18628,2019-09-29,CL00689,Химки,166784,P0103,2.0,750.0,Завершен
IN53025,2019-09-29,CL00790,Подольск,164629,P0048,1.5,412.5,Завершен
IN11670,2019-09-29,CL00032,Москва,107492,P0046,2.0,550.0,Завершен
IN78380,2019-09-29,CL01173,Реутов,158059,P0083,0.5,187.5,Завершен
IN31779,2019-09-30,CL00264,Реутов,129949,P0032,0.5,137.5,Завершен
IN31433,2019-09-30,CL00283,Москва,198885,P0038,2.0,550.0,Завершен
IN40969,2019-09-30,CL00338,Химки,174766,P0054,3.0,1125.0,Завершен
IN15597,2019-09-30,CL00842,Красногорск,133903,P0098,2.0,750.0,Завершен
IN89313,2019-09-30,CL00468,Химки,154172,P0069,3.0,1125.0,Завершен
IN14972,2019-09-30,CL00727,Люберцы,169443,P0006,2.5,687.5,Отказ
IN62501,2019-10-01,CL00997,Люберцы,139498,P0118,3.0,1125.0,Завершен
IN28823,2019-10-01,CL00495,Химки,178094,P0052,2.5,937.5,Завершен
IN18017,2019-10-01,CL00182,Москва,179806,P0074,3.0,1125.0,Завершен
IN69857,2019-10-02,CL01107,Реутов,175584,P0090,3.0,1125.0,Завершен
IN76970,2019-10-02,CL00767,Подольск,177662,P0045,1.0,275.0,Завершен
IN42279,2019-10-02,CL00302,Мытищи,125415,P0027,0.5,137.5,Завершен
IN40466,2019-10-02,CL00594,Королёв,152198,P0118,0.5,187.5,Завершен
IN92453,2019-10-02,CL00358,Москва,131531,P0068,1.5,562.5,Завершен
IN16615,2019-10-02,CL00406,Подольск,107263,P0113,5.0,1875.0,Завершен
IN65456,2019-10-02,CL01058,Реутов,163192,P0020,1.0,275.0,Завершен
IN33424,2019-10-02,CL00566,Москва,141220,P0060,1.5,562.5,Завершен
IN72344,2019-10-02,CL00035,Мытищи,188501,P0102,1.0,375.0,Завершен
IN84718,2019-10-02,CL00939,Королёв,193959,P0062,1.5,562.5,Отказ
IN70114,2019-10-02,CL00008,Подольск,172063,P0013,2.5,687.5,Завершен
IN86858,2019-10-03,CL00566,Москва,141220,P0101,5.0,1875.0,Завершен
IN55253,2019-10-03,CL00807,Подольск,149996,P0001,0.5,137.5,Завершен
IN39257,2019-10-03,CL00065,Люберцы,129831,P0057,0.5,187.5,Завершен
IN90116,2019-10-03,CL00132,Королёв,133862,P0016,3.0,825.0,Завершен
IN18962,2019-10-03,CL00272,Москва,178696,P0092,1.5,562.5,Завершен
IN71662,2019-10-03,CL01024,Подольск,129269,P0080,2.5,937.5,Завершен
IN75170,2019-10-03,CL00558,Красногорск,160161,P0076,0.5,187.5,Завершен
IN56916,2019-10-03,CL00958,Мытищи,119048,P0066,5.0,1875.0,Завершен
IN61423,2019-10-03,CL01023,Люберцы,170736,P0019,2.0,550.0,Завершен
IN32764,2019-10-03,CL00666,Москва,160238,P0073,2.0,750.0,Завершен
IN27230,2019-10-03,CL00210,Королёв,118758,P0067,2.5,937.5,Завершен
IN12287,2019-10-03,CL00233,Химки,183283,P0092,1.5,562.5,Завершен
IN88072,2019-10-04,CL00664,Красногорск,144270,P0029,3.0,825.0,Завершен
IN20137,2019-10-04,CL00521,Химки,118777,P0069,2.0,750.0,Завершен
IN38281,2019-10-04,CL00706,Подольск,198274,P0111,1.5,562.5,Завершен
IN13142,2019-10-04,CL00139,Королёв,145056,P0064,3.0,1125.0,Завершен
IN79132,2019-10-05,CL00595,Люберцы,182955,P0086,3.0,1125.0,Завершен
IN65111,2019-10-05,CL00839,Химки,160846,P0003,5.0,1375.0,Завершен
IN55943,2019-10-05,CL00904,Королёв,138800,P0013,2.5,687.5,Отказ
IN87491,2019-10-05,CL01147,Королёв,191438,P0107,3.0,1125.0,Отказ
IN62462,2019-10-05,CL01198,Мытищи,186362,P0056,2.0,750.0,Завершен
IN83963,2019-10-06,CL00220,Красногорск,124920,P0021,2.0,550.0,Завершен
IN59665,2019-10-06,CL00403,Подольск,184192,P0090,0.5,187.5,Завершен
IN64769,2019-10-06,CL00705,Москва,145443,P0036,2.5,687.5,Завершен
IN83555,2019-10-06,CL01068,Подольск,172733,P0070,2.0,750.0,Завершен
IN23235,2019-10-06,CL00046,Мытищи,117601,P0030,1.5,412.5,Завершен
IN56441,2019-10-06,CL00024,Химки,109880,P0080,0.5,187.5,Завершен
IN97665,2019-10-06,CL00097,Мытищи,130735,P0022,2.0,550.0,Отказ
IN62713,2019-10-06,CL00254,Королёв,147453,P0031,2.5,687.5,Завершен
IN42629,2019-10-06,CL00600,Люберцы,109064,P0120,1.0,375.0,Завершен
IN16398,2019-10-06,CL01009,Мытищи,125875,P0034,5.0,1375.0,Отказ
IN73049,2019-10-07,CL00428,Королёв,140441,P0082,2.0,750.0,Завершен
IN31087,2019-10-07,CL00069,Москва,134237,P0019,0.5,137.5,Завершен
IN58650,2019-10-07,CL01036,Люберцы,129215,P0029,5.0,1375.0,Завершен
IN98250,2019-10-07,CL00992,Химки,153429,P0023,1.5,412.5,Завершен
IN23565,2019-10-07,CL00365,Подольск,189742,P0084,1.0,375.0,Отказ
IN17546,2019-10-07,CL00260,Подольск,182978,P0050,1.0,275.0,Завершен
IN48020,2019-10-07,CL00108,Реутов,186900,P0095,1.0,375.0,Завершен
IN96269,2019-10-07,CL00837,Подольск,126309,P0060,1.5,562.5,Завершен
IN48769,2019-10-07,CL00791,Красногорск,113294,P0069,0.5,187.5,Завершен
IN76490,2019-10-07,CL00799,Люберцы,112571,P0023,2.5,687.5,Завершен
IN74450,2019-10-08,CL00370,Люберцы,184790,P0006,1.0,275.0,Завершен
IN46435,2019-10-08,CL00093,Королёв,194276,P0022,3.0,825.0,Завершен
IN84467,2019-10-08,CL00101,Королёв,127110,P0108,0.5,187.5,Завершен
IN64103,2019-10-08,CL00295,Реутов,192995,P0045,2.5,687.5,Завершен
IN64173,2019-10-08,CL01130,Красногорск,163896,P0088,1.5,562.5,Завершен
IN77106,2019-10-08,CL00897,Химки,134471,P0073,5.0,1875.0,Завершен
IN35513,2019-10-08,CL00279,Реутов,197120,P0098,2.5,937.5,Завершен
IN89381,2019-10-08,CL00301,Химки,122037,P0056,1.5,562.5,Отказ
IN29041,2019-10-08,CL00709,Мытищи,166949,P0079,5.0,1875.0,Завершен
IN52900,2019-10-08,CL00123,Москва,156148,P0108,1.5,562.5,Завершен
IN10547,2019-10-08,CL00081,Королёв,188555,P0065,3.0,1125.0,Завершен
IN35388,2019-10-09,CL00305,Подольск,199642,P0110,2.5,937.5,Завершен
IN28420,2019-10-09,CL00733,Подольск,134208,P0079,2.0,750.0,Отказ
IN52330,2019-10-09,CL00111,Химки,144236,P0064,2.0,750.0,Завершен
IN46942,2019-10-09,CL00367,Королёв,126422,P0055,5.0,1875.0,Завершен
IN11941,2019-10-09,CL00969,Подольск,196348,P0060,1.5,562.5,Завершен
IN44016,2019-10-09,CL00327,Реутов,143054,P0091,1.0,375.0,Завершен
IN42907,2019-10-09,CL00534,Москва,124906,P0071,3.0,1125.0,Завершен
IN42576,2019-10-10,CL00303,Красногорск,184599,P0007,5.0,1375.0,Завершен
IN10839,2019-10-10,CL00414,Москва,175598,P0117,3.0,1125.0,Завершен
IN44562,2019-10-10,CL00469,Королёв,118018,P0103,2.0,750.0,Отказ
IN22126,2019-10-10,CL00617,Москва,184930,P0035,2.0,550.0,Завершен
IN26271,2019-10-10,CL00247,Химки,130539,P0120,5.0,1875.0,Завершен
IN86042,2019-10-10,CL00820,Мытищи,152082,P0050,5.0,1375.0,Завершен
IN26409,2019-10-10,CL00917,Королёв,114802,P0066,5.0,1875.0,Завершен
IN59593,2019-10-10,CL00456,Красногорск,194493,P0103,3.0,1125.0,Завершен
IN28745,2019-10-10,CL01175,Химки,189318,P0093,3.0,1125.0,Завершен
IN63635,2019-10-10,CL00765,Химки,196607,P0084,1.5,562.5,Завершен
IN37711,2019-10-10,CL00677,Подольск,130008,P0099,2.5,937.5,Завершен
IN15933,2019-10-10,CL00314,Королёв,196851,P0027,1.5,412.5,Отказ
IN56358,2019-10-11,CL00764,Химки,113124,P0059,0.5,187.5,Завершен
IN45620,2019-10-11,CL00323,Люберцы,186057,P0009,5.0,1375.0,Завершен
IN29984,2019-10-11,CL00737,Подольск,158925,P0108,1.5,562.5,Завершен
IN71917,2019-10-11,CL00263,Мытищи,185316,P0072,2.0,750.0,Завершен
IN17163,2019-10-11,CL00900,Красногорск,101671,P0072,2.5,937.5,Завершен
IN13581,2019-10-11,CL00417,Люберцы,189783,P0001,2.0,550.0,Завершен
IN68947,2019-10-11,CL00948,Реутов,179450,P0024,1.0,275.0,Завершен
IN53553,2019-10-12,CL00010,Химки,198994,P0107,2.5,937.5,Завершен
IN22402,2019-10-12,CL00717,Мытищи,106903,P0041,1.5,412.5,Завершен
IN61926,2019-10-12,CL00014,Химки,100942,P0031,1.0,275.0,Завершен
IN47830,2019-10-12,CL00747,Химки,148790,P0118,0.5,187.5,Завершен
IN67778,2019-10-12,CL00486,Реутов,198796,P0004,0.5,137.5,Отказ
IN62429,2019-10-12,CL00177,Красногорск,152976,P0038,1.5,412.5,Завершен
IN83587,2019-10-12,CL00815,Подольск,199246,P0078,2.0,750.0,Завершен
IN93381,2019-10-12,CL00115,Москва,126130,P0061,2.0,750.0,Завершен
IN87455,2019-10-12,CL00376,Мытищи,123652,P0090,2.5,937.5,Завершен
IN77733,2019-10-12,CL00249,Люберцы,118964,P0116,1.5,562.5,Завершен
IN95148,2019-10-12,CL00902,Подольск,167070,P0042,0.5,137.5,Завершен
IN23962,2019-10-12,CL00912,Реутов,162684,P0113,1.0,375.0,Завершен
IN56749,2019-10-13,CL00653,Люберцы,167425,P0102,1.5,562.5,Завершен
IN65426,2019-10-13,CL00528,Реутов,117575,P0031,1.5,412.5,Завершен
IN40456,2019-10-13,CL00529,Химки,143288,P0092,2.0,750.0,Завершен
IN78024,2019-10-13,CL00831,Химки,197481,P0058,1.0,375.0,Завершен
IN63366,2019-10-13,CL01043,Химки,184837,P0083,1.5,562.5,Завершен
IN69816,2019-10-14,CL00725,Химки,183354,P0076,2.0,750.0,Завершен
IN69563,2019-10-14,CL01152,Подольск,161498,P0042,1.0,275.0,Завершен
IN49772,2019-10-14,CL00822,Мытищи,119424,P0053,1.0,375.0,Завершен
IN30286,2019-10-14,CL00865,Люберцы,160786,P0011,5.0,1375.0,Завершен
IN29953,2019-10-14,CL00569,Реутов,170852,P0036,1.5,412.5,Завершен
IN83420,2019-10-14,CL00920,Красногорск,190209,P0078,1.0,375.0,Завершен
IN78950,2019-10-14,CL00568,Мытищи,173919,P0046,5.0,1375.0,Завершен
IN96671,2019-10-14,CL00092,Подольск,187500,P0033,2.0,550.0,Завершен
IN30110,2019-10-14,CL00875,Мытищи,156847,P0036,1.0,275.0,Завершен
IN60858,2019-10-14,CL00883,Люберцы,168195,P0012,5.0,1375.0,Завершен
IN22122,2019-10-14,CL00693,Красногорск,174498,P0066,2.5,937.5,Завершен
IN58626,2019-10-15,CL01113,Люберцы,134452,P0032,2.5,687.5,Завершен
IN49617,2019-10-15,CL00735,Красногорск,130619,P0101,5.0,1875.0,Завершен
IN87664,2019-10-15,CL00962,Красногорск,113432,P0032,2.0,550.0,Завершен
IN68701,2019-10-15,CL00899,Москва,127222,P0084,2.5,937.5,Завершен
IN48793,2019-10-15,CL00030,Реутов,195748,P0042,0.5,137.5,Завершен
IN94657,2019-10-15,CL00731,Мытищи,183521,P0061,3.0,1125.0,Завершен
IN10642,2019-10-15,CL00801,Москва,156047,P0040,1.5,412.5,Завершен
IN88551,2019-10-15,CL00438,Красногорск,144444,P0097,5.0,1875.0,Завершен
IN96692,2019-10-15,CL00512,Реутов,132441,P0105,3.0,1125.0,Завершен
IN91721,2019-10-16,CL00648,Мытищи,131056,P0036,5.0,1375.0,Завершен
IN28260,2019-10-16,CL00973,Подольск,178234,P0114,3.0,1125.0,Завершен
IN10158,2019-10-16,CL00288,Люберцы,151807,P0099,0.5,187.5,Завершен
IN82881,2019-10-16,CL00446,Красногорск,154596,P0118,0.5,187.5,Завершен
IN35325,2019-10-16,CL00545,Красногорск,164044,P0048,2.5,687.5,Завершен
IN97295,2019-10-16,CL00321,Реутов,188984,P0054,2.5,937.5,Завершен
IN91853,2019-10-16,CL00582,Мытищи,146388,P0021,2.0,550.0,Завершен
IN99993,2019-10-16,CL00038,Люберцы,193872,P0075,0.5,187.5,Завершен
IN20696,2019-10-17,CL00465,Королёв,170592,P0030,2.0,550.0,Завершен
IN62118,2019-10-17,CL00420,Химки,118830,P0075,2.5,937.5,Завершен
IN73005,2019-10-17,CL00354,Мытищи,131147,P0003,5.0,1375.0,Завершен
IN92535,2019-10-17,CL00935,Красногорск,181232,P0004,2.0,550.0,Отказ
IN39274,2019-10-17,CL00195,Красногорск,192435,P0040,3.0,825.0,Завершен
IN34849,2019-10-17,CL01163,Химки,119942,P0053,5.0,1875.0,Отказ
IN25252,2019-10-17,CL01105,Королёв,141342,P0033,2.0,550.0,Завершен
IN69534,2019-10-18,CL01113,Люберцы,134452,P0007,5.0,1375.0,Завершен
IN88971,2019-10-18,CL00426,Химки,120932,P0078,0.5,187.5,Завершен
IN44083,2019-10-18,CL00672,Москва,140043,P0047,1.0,275.0,Завершен
IN84405,2019-10-18,CL00400,Подольск,111300,P0044,2.5,687.5,Завершен
IN31681,2019-10-18,CL01119,Химки,149923,P0056,1.5,562.5,Завершен
IN90596,2019-10-18,CL00024,Химки,109880,P0009,1.0,275.0,Завершен
IN43834,2019-10-18,CL00175,Реутов,137777,P0077,2.0,750.0,Завершен
IN46493,2019-10-18,CL00279,Реутов,197120,P0011,1.5,412.5,Завершен
IN92548,2019-10-18,CL00749,Мытищи,184670,P0073,5.0,1875.0,Завершен
IN29915,2019-10-19,CL00793,Люберцы,134226,P0081,2.5,937.5,Отказ
IN44923,2019-10-19,CL00776,Красногорск,186787,P0037,0.5,137.5,Завершен
IN71336,2019-10-19,CL00483,Реутов,111368,P0033,2.0,550.0,Завершен
IN33406,2019-10-19,CL00330,Красногорск,163736,P0070,1.0,375.0,Завершен
IN61808,2019-10-19,CL01146,Королёв,170855,P0093,3.0,1125.0,Завершен
IN29104,2019-10-19,CL00471,Химки,137649,P0028,3.0,825.0,Отказ
IN48922,2019-10-19,CL00636,Красногорск,181187,P0077,1.0,375.0,Завершен
IN10879,2019-10-19,CL00437,Мытищи,112672,P0095,0.5,187.5,Завершен
IN56549,2019-10-20,CL00072,Мытищи,175574,P0099,2.0,750.0,Завершен
IN70688,2019-10-20,CL01167,Химки,140838,P0050,2.0,550.0,Завершен
IN23554,2019-10-20,CL00823,Мытищи,113237,P0099,5.0,1875.0,Завершен
IN82825,2019-10-20,CL00102,Реутов,176556,P0036,1.0,275.0,Завершен
IN65936,2019-10-21,CL01031,Химки,127102,P0012,2.0,550.0,Завершен
IN48090,2019-10-21,CL00079,Реутов,100053,P0071,1.5,562.5,Завершен
IN34103,2019-10-21,CL01092,Химки,160142,P0109,2.5,937.5,Завершен
IN10862,2019-10-21,CL00004,Подольск,121174,P0041,0.5,137.5,Завершен
IN12949,2019-10-21,CL01081,Подольск,147151,P0051,0.5,187.5,Завершен
IN81404,2019-10-21,CL01118,Химки,194478,P0032,2.5,687.5,Завершен
IN98266,2019-10-21,CL00327,Реутов,143054,P0036,2.0,550.0,Завершен
IN30993,2019-10-21,CL00317,Москва,145015,P0096,0.5,187.5,Завершен
IN66345,2019-10-21,CL00343,Люберцы,121012,P0078,2.0,750.0,Завершен
IN92474,2019-10-21,CL00080,Люберцы,176019,P0028,5.0,1375.0,Завершен
IN30579,2019-10-21,CL00543,Люберцы,143236,P0005,2.0,550.0,Завершен
IN35885,2019-10-22,CL00723,Химки,171638,P0118,5.0,1875.0,Завершен
IN36831,2019-10-22,CL00233,Химки,183283,P0010,2.0,550.0,Завершен
IN66982,2019-10-22,CL00787,Королёв,127483,P0053,2.5,937.5,Завершен
IN83433,2019-10-22,CL01049,Королёв,153840,P0098,5.0,1875.0,Завершен
IN24661,2019-10-22,CL00328,Мытищи,155496,P0059,0.5,187.5,Завершен
IN61956,2019-10-22,CL00476,Москва,174443,P0024,5.0,1375.0,Завершен
IN65872,2019-10-22,CL00535,Королёв,191177,P0084,1.0,375.0,Завершен
IN83158,2019-10-22,CL00834,Красногорск,167537,P0036,2.5,687.5,Завершен
IN50048,2019-10-22,CL00202,Красногорск,199536,P0053,2.0,750.0,Завершен
IN31289,2019-10-23,CL00941,Мытищи,151497,P0089,0.5,187.5,Завершен
IN30944,2019-10-23,CL00361,Реутов,105706,P0049,3.0,825.0,Завершен
IN31318,2019-10-23,CL00845,Химки,153674,P0054,3.0,1125.0,Завершен
IN82440,2019-10-23,CL00965,Красногорск,107051,P0116,1.0,375.0,Завершен
IN81859,2019-10-23,CL00371,Люберцы,106265,P0048,0.5,137.5,Завершен
IN94924,2019-10-23,CL00417,Люберцы,189783,P0119,1.0,375.0,Завершен
IN40803,2019-10-23,CL01195,Химки,108302,P0066,2.0,750.0,Завершен
IN17505,2019-10-23,CL00300,Реутов,197754,P0002,1.5,412.5,Завершен
IN50116,2019-10-23,CL00596,Химки,136739,P0009,3.0,825.0,Завершен
IN32853,2019-10-23,CL01085,Мытищи,195176,P0082,2.0,750.0,Завершен
IN76518,2019-10-24,CL01030,Королёв,134649,P0065,5.0,1875.0,Завершен
IN87726,2019-10-24,CL00630,Люберцы,177354,P0084,0.5,187.5,Завершен
IN81246,2019-10-24,CL00816,Подольск,121910,P0109,2.0,750.0,Завершен
IN50566,2019-10-24,CL00141,Люберцы,115814,P0095,2.0,750.0,Отказ
IN33342,2019-10-24,CL00478,Подольск,161344,P0012,5.0,1375.0,Завершен
IN38860,2019-10-24,CL00256,Люберцы,104082,P0106,2.5,937.5,Завершен
IN55695,2019-10-25,CL00492,Химки,117507,P0094,5.0,1875.0,Завершен
IN32005,2019-10-25,CL01043,Химки,184837,P0119,3.0,1125.0,Завершен
IN36883,2019-10-25,CL00057,Москва,127535,P0081,1.0,375.0,Завершен
IN78378,2019-10-25,CL00650,Подольск,127082,P0008,1.0,275.0,Завершен
IN17967,2019-10-25,CL00091,Москва,115906,P0034,2.5,687.5,Завершен
IN35658,2019-10-25,CL00044,Красногорск,157433,P0010,0.5,137.5,Завершен
IN99228,2019-10-25,CL00463,Москва,193603,P0120,1.5,562.5,Завершен
IN98030,2019-10-25,CL00690,Реутов,107152,P0041,3.0,825.0,Отказ
IN77661,2019-10-25,CL00568,Мытищи,173919,P0074,2.5,937.5,Завершен
IN39790,2019-10-25,CL00970,Реутов,136583,P0029,2.5,687.5,Завершен
IN94241,2019-10-26,CL00972,Красногорск,120290,P0072,2.5,937.5,Завершен
IN77122,2019-10-26,CL00731,Мытищи,183521,P0019,2.5,687.5,Завершен
IN23751,2019-10-26,CL00106,Москва,187670,P0016,2.0,550.0,Завершен
IN43843,2019-10-26,CL01088,Люберцы,166353,P0062,2.5,937.5,Завершен
IN85416,2019-10-26,CL00783,Москва,141709,P0031,5.0,1375.0,Завершен
IN41812,2019-10-26,CL00115,Москва,126130,P0050,2.0,550.0,Завершен
IN84510,2019-10-26,CL00075,Красногорск,116334,P0100,0.5,187.5,Завершен
IN71638,2019-10-26,CL00677,Подольск,130008,P0100,0.5,187.5,Завершен
IN47298,2019-10-26,CL00717,Мытищи,106903,P0106,1.0,375.0,Завершен
IN90179,2019-10-26,CL00707,Мытищи,103847,P0025,2.5,687.5,Завершен
IN95652,2019-10-26,CL00893,Подольск,189881,P0003,5.0,1375.0,Завершен
IN46266,2019-10-26,CL00342,Мытищи,167621,P0027,5.0,1375.0,Завершен
IN94222,2019-10-26,CL00714,Реутов,123456,P0106,1.5,562.5,Завершен
IN50593,2019-10-26,CL00149,Королёв,144657,P0006,3.0,825.0,Завершен
IN15664,2019-10-26,CL00548,Москва,109742,P0103,1.5,562.5,Завершен
IN38584,2019-10-27,CL00517,Химки,152725,P0062,1.5,562.5,Завершен
IN74068,2019-10-27,CL00987,Москва,127627,P0091,1.5,562.5,Завершен
IN37592,2019-10-27,CL01147,Королёв,191438,P0043,5.0,1375.0,Завершен
IN95479,2019-10-27,CL00059,Подольск,131029,P0070,0.5,187.5,Завершен
IN71075,2019-10-27,CL00814,Люберцы,193625,P0014,3.0,825.0,Отказ
IN82656,2019-10-28,CL00086,Москва,162277,P0062,1.5,562.5,Завершен
IN15664,2019-10-28,CL00743,Москва,134100,P0049,1.5,412.5,Завершен
IN21403,2019-10-28,CL01127,Красногорск,133779,P0096,3.0,1125.0,Завершен
IN28119,2019-10-28,CL01197,Люберцы,184004,P0085,5.0,1875.0,Завершен
IN61457,2019-10-28,CL00559,Химки,110566,P0043,5.0,1375.0,Завершен
IN70109,2019-10-28,CL00921,Реутов,132581,P0051,1.5,562.5,Завершен
IN97945,2019-10-28,CL00612,Люберцы,111253,P0060,1.0,375.0,Завершен
IN25581,2019-10-28,CL00577,Мытищи,120214,P0090,3.0,1125.0,Завершен
IN30430,2019-10-28,CL00246,Химки,172641,P0008,1.5,412.5,Завершен
IN24882,2019-10-29,CL00648,Мытищи,131056,P0042,0.5,137.5,Отказ
IN35501,2019-10-29,CL00364,Красногорск,146176,P0043,2.0,550.0,Завершен
IN44795,2019-10-29,CL00453,Москва,167984,P0056,2.0,750.0,Завершен
IN45926,2019-10-29,CL00402,Реутов,175353,P0120,5.0,1875.0,Завершен
IN42549,2019-10-30,CL01148,Королёв,183342,P0057,2.5,937.5,Завершен
IN43642,2019-10-30,CL00253,Реутов,197735,P0043,3.0,825.0,Отказ
IN54578,2019-10-30,CL00137,Москва,129045,P0047,1.5,412.5,Завершен
IN26524,2019-10-30,CL00875,Мытищи,156847,P0046,2.5,687.5,Завершен
IN53624,2019-10-30,CL00393,Химки,109706,P0038,2.0,550.0,Завершен
IN75328,2019-10-30,CL01072,Мытищи,152502,P0118,2.0,750.0,Отказ
IN89392,2019-10-30,CL00141,Люберцы,115814,P0070,2.0,750.0,Завершен
IN32628,2019-10-31,CL00638,Химки,173607,P0052,1.5,562.5,Завершен
IN86548,2019-10-31,CL00027,Реутов,128016,P0110,0.5,187.5,Отказ
IN50545,2019-10-31,CL00193,Королёв,124727,P0076,5.0,1875.0,Завершен
IN67202,2019-10-31,CL00503,Москва,100395,P0019,2.5,687.5,Отказ
IN31442,2019-10-31,CL01075,Мытищи,129067,P0055,2.5,937.5,Завершен
IN19684,2019-10-31,CL00068,Реутов,170282,P0015,0.5,137.5,Завершен
IN83298,2019-11-01,CL00007,Мытищи,109071,P0058,0.5,187.5,Завершен
IN76965,2019-11-01,CL00434,Реутов,152505,P0001,1.0,275.0,Завершен
IN68257,2019-11-01,CL00905,Королёв,122898,P0004,1.0,275.0,Завершен
IN69510,2019-11-01,CL00639,Реутов,154477,P0059,3.0,1125.0,Завершен
IN47496,2019-11-01,CL00761,Красногорск,123568,P0108,5.0,1875.0,Отказ
IN74355,2019-11-01,CL00294,Реутов,110205,P0106,2.5,937.5,Завершен
IN74365,2019-11-02,CL00004,Подольск,121174,P0105,3.0,1125.0,Завершен
IN84431,2019-11-02,CL00671,Мытищи,185054,P0034,2.0,550.0,Отказ
IN12549,2019-11-02,CL00922,Красногорск,184070,P0031,2.0,550.0,Завершен
IN44769,2019-11-02,CL00862,Подольск,143992,P0029,3.0,825.0,Завершен
IN92264,2019-11-02,CL00111,Химки,144236,P0027,2.0,550.0,Завершен
IN54910,2019-11-02,CL01057,Реутов,148546,P0043,1.5,412.5,Завершен
IN38510,2019-11-02,CL00150,Москва,162616,P0081,1.0,375.0,Завершен
IN42847,2019-11-02,CL00762,Красногорск,103840,P0055,2.0,750.0,Завершен
IN80299,2019-11-02,CL00027,Реутов,128016,P0104,2.0,750.0,Завершен
IN10472,2019-11-02,CL00591,Москва,143544,P0078,1.5,562.5,Отказ
IN89429,2019-11-02,CL00171,Королёв,157963,P0053,5.0,1875.0,Завершен
IN65606,2019-11-03,CL00924,Москва,120568,P0095,0.5,187.5,Завершен
IN62142,2019-11-03,CL00367,Королёв,126422,P0116,0.5,187.5,Завершен
IN36380,2019-11-03,CL00108,Реутов,186900,P0061,2.5,937.5,Завершен
IN94051,2019-11-03,CL00831,Химки,197481,P0019,0.5,137.5,Завершен
IN10153,2019-11-04,CL00420,Химки,118830,P0109,3.0,1125.0,Завершен
IN99804,2019-11-04,CL00917,Королёв,114802,P0092,3.0,1125.0,Завершен
IN23470,2019-11-04,CL00388,Красногорск,185139,P0082,2.0,750.0,Завершен
IN72854,2019-11-04,CL00188,Подольск,178561,P0034,1.5,412.5,Завершен
IN17184,2019-11-04,CL00003,Мытищи,139117,P0010,2.0,550.0,Завершен
IN17630,2019-11-04,CL00948,Реутов,179450,P0023,2.0,550.0,Завершен
IN65659,2019-11-04,CL00868,Реутов,154146,P0120,1.5,562.5,Завершен
IN68016,2019-11-04,CL01131,Мытищи,137555,P0005,2.5,687.5,Завершен
IN90972,2019-11-05,CL00109,Мытищи,117786,P0050,1.0,275.0,Завершен
IN11566,2019-11-05,CL00758,Подольск,184233,P0117,1.0,375.0,Отказ
IN71691,2019-11-05,CL00958,Мытищи,119048,P0104,3.0,1125.0,Завершен
IN89042,2019-11-05,CL00755,Люберцы,119481,P0094,1.5,562.5,Завершен
IN70386,2019-11-05,CL00669,Подольск,139566,P0118,2.0,750.0,Завершен
IN47252,2019-11-06,CL00693,Красногорск,174498,P0019,1.5,412.5,Отказ
IN37680,2019-11-06,CL00091,Москва,115906,P0028,0.5,137.5,Завершен
IN99120,2019-11-06,CL00806,Люберцы,171319,P0024,2.0,550.0,Завершен
IN34596,2019-11-06,CL00753,Москва,155923,P0089,5.0,1875.0,Завершен
IN90295,2019-11-06,CL00646,Люберцы,104224,P0016,1.0,275.0,Завершен
IN68214,2019-11-06,CL00743,Москва,134100,P0087,5.0,1875.0,Завершен
IN61835,2019-11-06,CL00696,Люберцы,107925,P0020,5.0,1375.0,Завершен
IN89681,2019-11-06,CL01156,Реутов,121400,P0040,3.0,825.0,Завершен
IN25101,2019-11-06,CL00364,Красногорск,146176,P0030,2.0,550.0,Завершен
IN59377,2019-11-06,CL00434,Реутов,152505,P0046,3.0,825.0,Завершен
IN79493,2019-11-06,CL00077,Люберцы,125144,P0045,5.0,1375.0,Завершен
IN21587,2019-11-06,CL00504,Мытищи,145158,P0092,1.5,562.5,Завершен
IN33941,2019-11-07,CL00581,Мытищи,158830,P0040,2.5,687.5,Завершен
IN41914,2019-11-07,CL00132,Королёв,133862,P0072,1.5,562.5,Завершен
IN67851,2019-11-07,CL00389,Химки,103396,P0063,1.5,562.5,Завершен
IN22736,2019-11-07,CL00435,Химки,137827,P0072,3.0,1125.0,Завершен
IN17438,2019-11-07,CL00529,Химки,143288,P0082,0.5,187.5,Отказ
IN19282,2019-11-07,CL00582,Мытищи,146388,P0109,3.0,1125.0,Завершен
IN98791,2019-11-07,CL00792,Химки,109661,P0072,2.5,937.5,Завершен
IN89913,2019-11-07,CL00896,Люберцы,113928,P0106,2.0,750.0,Завершен
IN52140,2019-11-07,CL00203,Москва,130771,P0071,2.5,937.5,Завершен
IN31750,2019-11-07,CL00861,Люберцы,116769,P0022,2.5,687.5,Завершен
IN85612,2019-11-07,CL01182,Королёв,120315,P0068,0.5,187.5,Завершен
IN97295,2019-11-07,CL00820,Мытищи,152082,P0023,2.0,550.0,Завершен
IN23366,2019-11-08,CL01042,Мытищи,162759,P0044,5.0,1375.0,Завершен
IN18419,2019-11-08,CL00552,Королёв,169758,P0019,3.0,825.0,Завершен
IN46951,2019-11-08,CL00654,Подольск,153948,P0082,5.0,1875.0,Завершен
IN43473,2019-11-08,CL01018,Королёв,123038,P0099,2.0,750.0,Завершен
IN91460,2019-11-09,CL00446,Красногорск,154596,P0032,1.5,412.5,Завершен
IN65551,2019-11-09,CL00419,Подольск,163471,P0044,5.0,1375.0,Завершен
IN66080,2019-11-09,CL00286,Химки,114918,P0087,2.0,750.0,Завершен
IN77956,2019-11-09,CL01069,Люберцы,175713,P0040,2.5,687.5,Завершен
IN87290,2019-11-09,CL00193,Королёв,124727,P0091,3.0,1125.0,Завершен
IN71687,2019-11-09,CL00553,Москва,194659,P0035,2.5,687.5,Завершен
IN53173,2019-11-09,CL00851,Люберцы,114169,P0042,1.5,412.5,Завершен
IN69233,2019-11-09,CL00016,Мытищи,136500,P0081,2.5,937.5,Завершен
IN19079,2019-11-09,CL00898,Красногорск,138712,P0002,5.0,1375.0,Завершен
IN25144,2019-11-09,CL00485,Красногорск,100895,P0003,1.0,275.0,Завершен
IN19162,2019-11-10,CL00921,Реутов,132581,P0062,1.5,562.5,Завершен
IN62699,2019-11-10,CL01091,Королёв,173815,P0068,1.5,562.5,Завершен
IN41456,2019-11-10,CL00802,Люберцы,181931,P0074,1.0,375.0,Завершен
IN70992,2019-11-10,CL00856,Москва,138745,P0084,5.0,1875.0,Завершен
IN53946,2019-11-10,CL00631,Подольск,131270,P0057,0.5,187.5,Завершен
IN13965,2019-11-10,CL01161,Подольск,183478,P0086,2.5,937.5,Завершен
IN40417,2019-11-10,CL00842,Красногорск,133903,P0077,5.0,1875.0,Завершен
IN27212,2019-11-10,CL00167,Королёв,105224,P0065,0.5,187.5,Завершен
IN18208,2019-11-11,CL00688,Москва,186298,P0073,2.0,750.0,Завершен
IN27047,2019-11-11,CL01069,Люберцы,175713,P0072,5.0,1875.0,Завершен
IN81251,2019-11-11,CL01058,Реутов,163192,P0091,3.0,1125.0,Отказ
IN81372,2019-11-11,CL00053,Подольск,172309,P0092,3.0,1125.0,Отказ
IN73998,2019-11-11,CL00999,Реутов,104039,P0108,5.0,1875.0,Завершен
IN16224,2019-11-11,CL00278,Красногорск,123777,P0004,2.5,687.5,Завершен
IN51805,2019-11-11,CL00540,Красногорск,148589,P0110,2.0,750.0,Завершен
IN55444,2019-11-11,CL00076,Люберцы,142753,P0012,3.0,825.0,Завершен
IN33016,2019-11-12,CL00868,Реутов,154146,P0067,2.5,937.5,Завершен
IN30489,2019-11-12,CL00544,Реутов,132208,P0021,2.5,687.5,Завершен
IN47559,2019-11-12,CL00741,Москва,142964,P0099,3.0,1125.0,Завершен
IN53035,2019-11-12,CL00988,Реутов,126945,P0009,2.0,550.0,Завершен
IN20386,2019-11-12,CL00125,Реутов,113833,P0031,1.0,275.0,Отказ
IN98409,2019-11-12,CL01011,Мытищи,109149,P0042,3.0,825.0,Завершен
IN80830,2019-11-12,CL00152,Подольск,173772,P0049,1.0,275.0,Завершен
IN70328,2019-11-12,CL01085,Мытищи,195176,P0047,2.5,687.5,Завершен
IN31965,2019-11-12,CL00772,Королёв,180495,P0094,0.5,187.5,Завершен
IN12198,2019-11-12,CL00676,Москва,115806,P0087,1.0,375.0,Завершен
IN10950,2019-11-13,CL00216,Химки,147049,P0092,2.0,750.0,Завершен
IN80378,2019-11-13,CL00667,Мытищи,120707,P0084,2.0,750.0,Завершен
IN44859,2019-11-13,CL00198,Мытищи,157711,P0004,1.0,275.0,Завершен
IN93441,2019-11-13,CL00322,Красногорск,112387,P0011,3.0,825.0,Завершен
IN41813,2019-11-13,CL00179,Королёв,199613,P0094,3.0,1125.0,Завершен
IN32738,2019-11-13,CL00221,Подольск,182242,P0044,1.5,412.5,Завершен
IN26916,2019-11-13,CL00457,Королёв,132311,P0093,1.0,375.0,Завершен
IN69364,2019-11-13,CL01174,Москва,196380,P0010,5.0,1375.0,Завершен
IN14790,2019-11-13,CL00375,Люберцы,195300,P0025,2.0,550.0,Завершен
IN37913,2019-11-13,CL01113,Люберцы,134452,P0009,0.5,137.5,Завершен
IN86547,2019-11-13,CL00187,Королёв,131946,P0054,1.5,562.5,Завершен
IN26492,2019-11-13,CL01022,Реутов,127886,P0080,2.0,750.0,Завершен
IN68965,2019-11-14,CL00848,Люберцы,149345,P0101,1.0,375.0,Завершен
IN48426,2019-11-14,CL00390,Королёв,173619,P0007,2.0,550.0,Завершен
IN72478,2019-11-14,CL01119,Химки,149923,P0048,0.5,137.5,Завершен
IN19063,2019-11-14,CL00690,Реутов,107152,P0046,2.5,687.5,Завершен
IN65224,2019-11-14,CL00036,Реутов,174668,P0072,1.5,562.5,Завершен
IN47419,2019-11-14,CL00436,Реутов,172070,P0031,3.0,825.0,Завершен
IN70323,2019-11-14,CL00708,Реутов,108371,P0106,2.0,750.0,Завершен
IN54993,2019-11-14,CL01159,Люберцы,169722,P0047,1.0,275.0,Завершен
IN16186,2019-11-15,CL00976,Подольск,166209,P0021,0.5,137.5,Отказ
IN42104,2019-11-15,CL00613,Подольск,144966,P0035,1.0,275.0,Завершен
IN25378,2019-11-15,CL00619,Подольск,143383,P0004,2.5,687.5,Завершен
IN76132,2019-11-15,CL01139,Мытищи,152041,P0082,1.0,375.0,Завершен
IN59272,2019-11-15,CL00462,Реутов,119198,P0065,2.0,750.0,Отказ
IN42473,2019-11-15,CL00632,Мытищи,190890,P0003,1.0,275.0,Завершен
IN91861,2019-11-15,CL00037,Москва,154948,P0042,1.5,412.5,Завершен
IN81842,2019-11-15,CL00807,Подольск,149996,P0017,0.5,137.5,Завершен
IN15005,2019-11-15,CL00321,Реутов,188984,P0035,5.0,1375.0,Завершен
IN25331,2019-11-15,CL00298,Красногорск,113875,P0009,2.5,687.5,Завершен
IN52494,2019-11-16,CL00320,Красногорск,137079,P0110,0.5,187.5,Завершен
IN92469,2019-11-16,CL00940,Мытищи,125679,P0042,3.0,825.0,Завершен
IN92777,2019-11-16,CL01159,Люберцы,169722,P0077,2.0,750.0,Завершен
IN49369,2019-11-16,CL00095,Королёв,132406,P0073,0.5,187.5,Завершен
IN47516,2019-11-16,CL00264,Реутов,129949,P0061,2.5,937.5,Завершен
IN91823,2019-11-16,CL01147,Королёв,191438,P0037,0.5,137.5,Завершен
IN51018,2019-11-16,CL00146,Подольск,107146,P0046,1.5,412.5,Завершен
IN96875,2019-11-16,CL00365,Подольск,189742,P0028,1.0,275.0,Завершен
IN18087,2019-11-16,CL00079,Реутов,100053,P0048,1.5,412.5,Завершен
IN79414,2019-11-16,CL00130,Королёв,160910,P0026,2.0,550.0,Завершен
IN31499,2019-11-16,CL01031,Химки,127102,P0099,3.0,1125.0,Завершен
IN61689,2019-11-16,CL00082,Королёв,196463,P0027,5.0,1375.0,Завершен
IN47291,2019-11-17,CL01126,Королёв,134048,P0045,5.0,1375.0,Завершен
IN32658,2019-11-17,CL01033,Москва,142476,P0046,1.5,412.5,Отказ
IN67213,2019-11-17,CL01121,Королёв,123148,P0032,2.5,687.5,Завершен
IN12890,2019-11-17,CL00360,Мытищи,171313,P0031,1.0,275.0,Завершен
IN33072,2019-11-17,CL00719,Мытищи,137002,P0039,2.5,687.5,Завершен
IN82309,2019-11-17,CL01188,Красногорск,132859,P0046,5.0,1375.0,Завершен
IN96512,2019-11-17,CL00212,Москва,160981,P0066,0.5,187.5,Завершен
IN84930,2019-11-17,CL00364,Красногорск,146176,P0008,1.0,275.0,Завершен
IN18012,2019-11-17,CL00693,Красногорск,174498,P0110,1.5,562.5,Завершен
IN72711,2019-11-17,CL00680,Реутов,198717,P0115,3.0,1125.0,Отказ
IN21605,2019-11-17,CL00136,Королёв,164332,P0028,2.5,687.5,Завершен
IN95905,2019-11-17,CL00084,Мытищи,198453,P0085,1.0,375.0,Завершен
IN52587,2019-11-17,CL00558,Красногорск,160161,P0032,1.0,275.0,Завершен
IN21317,2019-11-17,CL00838,Химки,106626,P0071,1.5,562.5,Завершен
IN21398,2019-11-17,CL00800,Реутов,164349,P0046,2.5,687.5,Завершен
IN14504,2019-11-18,CL01022,Реутов,127886,P0106,5.0,1875.0,Завершен
IN88950,2019-11-18,CL00151,Мытищи,109710,P0086,1.0,375.0,Завершен
IN94505,2019-11-18,CL00639,Реутов,154477,P0042,0.5,137.5,Завершен
IN85811,2019-11-18,CL00962,Красногорск,113432,P0079,2.5,937.5,Завершен
IN49586,2019-11-18,CL00580,Красногорск,113399,P0064,2.0,750.0,Завершен
IN34675,2019-11-18,CL01074,Мытищи,161822,P0041,5.0,1375.0,Завершен
IN76345,2019-11-19,CL00356,Мытищи,165513,P0008,0.5,137.5,Завершен
IN48084,2019-11-19,CL00857,Реутов,196564,P0096,5.0,1875.0,Завершен
IN95592,2019-11-20,CL00410,Подольск,180534,P0040,1.5,412.5,Завершен
IN19862,2019-11-20,CL00490,Подольск,165866,P0101,2.0,750.0,Завершен
IN37389,2019-11-20,CL00171,Королёв,157963,P0110,5.0,1875.0,Завершен
IN35669,2019-11-20,CL00288,Люберцы,151807,P0030,0.5,137.5,Завершен
IN94212,2019-11-20,CL00063,Реутов,161694,P0103,3.0,1125.0,Завершен
IN22166,2019-11-20,CL00525,Реутов,149343,P0106,2.5,937.5,Завершен
IN98059,2019-11-20,CL00086,Москва,162277,P0033,3.0,825.0,Завершен
IN17191,2019-11-20,CL00325,Красногорск,185990,P0016,3.0,825.0,Завершен
IN74943,2019-11-21,CL00236,Мытищи,170457,P0014,5.0,1375.0,Отказ
IN45959,2019-11-21,CL00082,Королёв,196463,P0027,5.0,1375.0,Завершен
IN65162,2019-11-21,CL00325,Красногорск,185990,P0020,3.0,825.0,Отказ
IN38338,2019-11-21,CL00390,Королёв,173619,P0119,1.0,375.0,Завершен
IN14013,2019-11-21,CL00572,Мытищи,180460,P0097,1.5,562.5,Завершен
IN54255,2019-11-21,CL01102,Красногорск,113983,P0051,5.0,1875.0,Завершен
IN48424,2019-11-21,CL00065,Люберцы,129831,P0062,2.5,937.5,Завершен
IN81003,2019-11-21,CL01109,Москва,151605,P0029,1.5,412.5,Завершен
IN35257,2019-11-21,CL00791,Красногорск,113294,P0064,3.0,1125.0,Завершен
IN32426,2019-11-21,CL01147,Королёв,191438,P0020,2.5,687.5,Завершен
IN88614,2019-11-21,CL00608,Красногорск,156420,P0101,1.0,375.0,Завершен
IN43829,2019-11-22,CL00665,Королёв,189463,P0069,2.5,937.5,Отказ
IN43467,2019-11-22,CL00439,Подольск,166731,P0059,3.0,1125.0,Завершен
IN50789,2019-11-22,CL00293,Мытищи,197260,P0008,2.0,550.0,Завершен
IN45844,2019-11-22,CL01192,Мытищи,158901,P0066,2.0,750.0,Завершен
IN72863,2019-11-22,CL01152,Подольск,161498,P0114,2.5,937.5,Завершен
IN61497,2019-11-22,CL00317,Москва,145015,P0051,3.0,1125.0,Завершен
IN21578,2019-11-22,CL00962,Красногорск,113432,P0091,1.0,375.0,Завершен
IN39882,2019-11-22,CL00837,Подольск,126309,P0112,1.0,375.0,Отказ
IN55246,2019-11-22,CL00075,Красногорск,116334,P0025,0.5,137.5,Завершен
IN73017,2019-11-22,CL00770,Люберцы,104975,P0006,1.0,275.0,Завершен
IN44098,2019-11-22,CL00474,Подольск,104763,P0100,2.0,750.0,Отказ
IN32996,2019-11-23,CL00185,Мытищи,120181,P0045,1.5,412.5,Завершен
IN42348,2019-11-23,CL00994,Москва,115506,P0010,3.0,825.0,Завершен
IN43487,2019-11-23,CL00558,Красногорск,160161,P0116,2.0,750.0,Завершен
IN40339,2019-11-23,CL01098,Красногорск,175197,P0097,5.0,1875.0,Завершен
IN68329,2019-11-24,CL00589,Люберцы,194489,P0118,3.0,1125.0,Завершен
IN37218,2019-11-24,CL00390,Королёв,173619,P0054,3.0,1125.0,Завершен
IN40376,2019-11-24,CL00357,Химки,138177,P0102,2.0,750.0,Завершен
IN17255,2019-11-24,CL00786,Мытищи,187821,P0096,2.5,937.5,Завершен
IN99021,2019-11-24,CL00309,Подольск,161462,P0095,2.5,937.5,Завершен
IN79165,2019-11-25,CL01114,Люберцы,180358,P0056,1.0,375.0,Завершен
IN45652,2019-11-25,CL00345,Мытищи,129102,P0037,3.0,825.0,Завершен
IN72109,2019-11-25,CL00723,Химки,171638,P0054,1.0,375.0,Завершен
IN12044,2019-11-25,CL00269,Реутов,196835,P0030,5.0,1375.0,Завершен
IN73833,2019-11-25,CL00656,Химки,142217,P0086,3.0,1125.0,Завершен
IN96607,2019-11-25,CL00344,Королёв,119313,P0023,2.5,687.5,Завершен
IN86016,2019-11-26,CL00441,Королёв,119521,P0023,1.5,412.5,Завершен
IN51802,2019-11-26,CL00471,Химки,137649,P0115,3.0,1125.0,Завершен
IN51031,2019-11-26,CL00115,Москва,126130,P0020,2.5,687.5,Завершен
IN63647,2019-11-26,CL01047,Москва,195417,P0079,3.0,1125.0,Завершен
IN39878,2019-11-26,CL00571,Красногорск,157290,P0107,3.0,1125.0,Завершен
IN46503,2019-11-26,CL00395,Красногорск,193000,P0032,5.0,1375.0,Завершен
IN73755,2019-11-26,CL00093,Королёв,194276,P0006,3.0,825.0,Завершен
IN99589,2019-11-26,CL01103,Мытищи,186956,P0008,3.0,825.0,Отказ
IN21861,2019-11-26,CL00044,Красногорск,157433,P0034,5.0,1375.0,Отказ
IN82900,2019-11-26,CL00911,Мытищи,159839,P0072,2.0,750.0,Отказ
IN91652,2019-11-26,CL00216,Химки,147049,P0030,0.5,137.5,Завершен
IN54281,2019-11-26,CL00414,Москва,175598,P0031,1.5,412.5,Завершен
IN42141,2019-11-27,CL00335,Королёв,147749,P0015,5.0,1375.0,Завершен
IN29628,2019-11-27,CL00441,Королёв,119521,P0114,1.5,562.5,Завершен
IN81017,2019-11-27,CL00906,Люберцы,188705,P0057,5.0,1875.0,Завершен
IN73359,2019-11-27,CL00199,Королёв,118894,P0006,1.0,275.0,Завершен
IN71849,2019-11-27,CL00863,Химки,197545,P0034,1.0,275.0,Завершен
IN63134,2019-11-27,CL01033,Москва,142476,P0050,3.0,825.0,Завершен
IN82718,2019-11-27,CL00740,Мытищи,189922,P0105,3.0,1125.0,Завершен
IN23509,2019-11-28,CL00160,Люберцы,137762,P0110,3.0,1125.0,Завершен
IN41603,2019-11-28,CL00569,Реутов,170852,P0011,2.5,687.5,Завершен
IN69962,2019-11-28,CL00603,Реутов,178372,P0054,0.5,187.5,Завершен
IN32604,2019-11-28,CL00437,Мытищи,112672,P0004,1.5,412.5,Завершен
IN74156,2019-11-28,CL00626,Красногорск,159972,P0110,3.0,1125.0,Завершен
IN97885,2019-11-28,CL00224,Реутов,117322,P0110,1.0,375.0,Завершен
IN95397,2019-11-28,CL00206,Москва,107355,P0112,2.5,937.5,Завершен
IN34212,2019-11-28,CL01140,Мытищи,162021,P0102,5.0,1875.0,Завершен
IN97700,2019-11-28,CL00814,Люберцы,193625,P0083,1.0,375.0,Завершен
IN83343,2019-11-28,CL00245,Москва,131925,P0112,2.0,750.0,Завершен
IN74956,2019-11-28,CL00297,Подольск,181018,P0043,3.0,825.0,Завершен
IN12559,2019-11-29,CL00308,Красногорск,182210,P0080,2.0,750.0,Завершен
IN57262,2019-11-29,CL00636,Красногорск,181187,P0093,1.0,375.0,Завершен
IN81999,2019-11-29,CL00884,Реутов,117536,P0086,3.0,1125.0,Завершен
IN94749,2019-11-29,CL00145,Химки,139618,P0033,1.0,275.0,Завершен
IN86027,2019-11-30,CL00569,Реутов,170852,P0061,5.0,1875.0,Завершен
IN75366,2019-11-30,CL00006,Люберцы,131571,P0058,1.0,375.0,Завершен
IN14603,2019-11-30,CL00385,Красногорск,174349,P0034,5.0,1375.0,Завершен
IN77482,2019-11-30,CL00803,Химки,127125,P0029,2.5,687.5,Завершен
IN88391,2019-12-01,CL00341,Люберцы,162991,P0056,3.0,1125.0,Завершен
IN23495,2019-12-01,CL00454,Красногорск,162701,P0023,2.5,687.5,Завершен
IN45579,2019-12-01,CL00006,Люберцы,131571,P0051,2.0,750.0,Завершен
IN55878,2019-12-01,CL00754,Красногорск,124530,P0004,2.0,550.0,Завершен
IN15289,2019-12-01,CL00905,Королёв,122898,P0012,0.5,137.5,Завершен
IN27350,2019-12-01,CL01005,Химки,184663,P0077,1.0,375.0,Завершен
IN34366,2019-12-01,CL00402,Реутов,175353,P0004,5.0,1375.0,Завершен
IN26013,2019-12-02,CL00322,Красногорск,112387,P0108,3.0,1125.0,Завершен
IN83135,2019-12-02,CL00826,Подольск,118855,P0039,1.0,275.0,Завершен
IN92952,2019-12-02,CL00310,Люберцы,177518,P0120,1.0,375.0,Завершен
IN13240,2019-12-02,CL00300,Реутов,197754,P0119,2.5,937.5,Завершен
IN37249,2019-12-03,CL01112,Реутов,142655,P0008,1.5,412.5,Завершен
IN40071,2019-12-03,CL00003,Мытищи,139117,P0043,0.5,137.5,Отказ
IN16973,2019-12-03,CL00550,Мытищи,101198,P0062,3.0,1125.0,Завершен
IN86554,2019-12-03,CL01151,Люберцы,101383,P0114,0.5,187.5,Завершен
IN37212,2019-12-03,CL00032,Москва,107492,P0039,1.5,412.5,Завершен
IN14460,2019-12-03,CL01170,Люберцы,109356,P0099,1.5,562.5,Завершен
IN11460,2019-12-03,CL01118,Химки,194478,P0022,1.0,275.0,Завершен
IN65176,2019-12-04,CL00146,Подольск,107146,P0089,0.5,187.5,Завершен
IN80825,2019-12-04,CL00831,Химки,197481,P0025,2.5,687.5,Завершен
IN95530,2019-12-04,CL00043,Подольск,109016,P0073,0.5,187.5,Завершен
IN58434,2019-12-04,CL00537,Люберцы,169946,P0093,3.0,1125.0,Завершен
IN50260,2019-12-04,CL00292,Реутов,130161,P0090,5.0,1875.0,Завершен
IN28884,2019-12-04,CL00252,Москва,106868,P0088,1.5,562.5,Завершен
IN97253,2019-12-04,CL00124,Мытищи,144725,P0082,0.5,187.5,Завершен
IN79378,2019-12-05,CL01049,Королёв,153840,P0021,2.5,687.5,Завершен
IN44481,2019-12-05,CL00901,Мытищи,187690,P0118,1.5,562.5,Завершен
IN86238,2019-12-06,CL00075,Красногорск,116334,P0099,2.5,937.5,Завершен
IN55278,2019-12-06,CL00510,Подольск,129188,P0013,5.0,1375.0,Завершен
IN20577,2019-12-06,CL00044,Красногорск,157433,P0101,5.0,1875.0,Завершен
IN13912,2019-12-06,CL01021,Мытищи,166476,P0073,3.0,1125.0,Завершен
IN61920,2019-12-06,CL00292,Реутов,130161,P0062,1.0,375.0,Завершен
IN95111,2019-12-06,CL00020,Реутов,195561,P0098,2.0,750.0,Завершен
IN97961,2019-12-06,CL00869,Подольск,126253,P0027,2.5,687.5,Завершен
IN94702,2019-12-06,CL00634,Реутов,183296,P0066,5.0,1875.0,Отказ
IN49015,2019-12-06,CL00461,Люберцы,188686,P0077,2.0,750.0,Завершен
IN22271,2019-12-06,CL00162,Химки,171376,P0087,2.0,750.0,Завершен
IN84480,2019-12-06,CL00839,Химки,160846,P0109,5.0,1875.0,Завершен
IN56198,2019-12-07,CL00990,Королёв,104965,P0064,1.0,375.0,Завершен
IN41721,2019-12-07,CL00025,Мытищи,170855,P0044,2.5,687.5,Завершен
IN36987,2019-12-07,CL01181,Реутов,101170,P0108,3.0,1125.0,Завершен
IN34364,2019-12-08,CL00589,Люберцы,194489,P0109,5.0,1875.0,Завершен
IN36804,2019-12-08,CL00209,Подольск,150140,P0036,1.0,275.0,Завершен
IN69246,2019-12-08,CL00302,Мытищи,125415,P0024,1.5,412.5,Завершен
IN88432,2019-12-08,CL00027,Реутов,128016,P0086,1.5,562.5,Завершен
IN90787,2019-12-09,CL00343,Люберцы,121012,P0064,5.0,1875.0,Отказ
IN35929,2019-12-09,CL00689,Химки,166784,P0070,3.0,1125.0,Отказ
IN64373,2019-12-09,CL00725,Химки,183354,P0019,2.0,550.0,Отказ
IN96105,2019-12-09,CL00684,Химки,113168,P0080,1.5,562.5,Завершен
IN83299,2019-12-09,CL00228,Реутов,173048,P0120,3.0,1125.0,Завершен
IN55884,2019-12-09,CL00982,Москва,142065,P0082,0.5,187.5,Отказ
IN42364,2019-12-09,CL00689,Химки,166784,P0101,5.0,1875.0,Завершен
IN79293,2019-12-10,CL00973,Подольск,178234,P0057,2.0,750.0,Отказ
IN40984,2019-12-10,CL01046,Москва,123597,P0088,5.0,1875.0,Завершен
IN44606,2019-12-10,CL01015,Химки,183995,P0065,2.0,750.0,Завершен
IN62858,2019-12-10,CL00972,Красногорск,120290,P0102,1.5,562.5,Отказ
IN38091,2019-12-10,CL00410,Подольск,180534,P0078,2.5,937.5,Завершен
IN30675,2019-12-10,CL00509,Красногорск,170419,P0039,2.5,687.5,Отказ
IN29634,2019-12-10,CL00513,Красногорск,124704,P0005,3.0,825.0,Завершен
IN84796,2019-12-10,CL00546,Королёв,146160,P0104,1.0,375.0,Отказ
IN46202,2019-12-11,CL00683,Подольск,180750,P0077,2.0,750.0,Завершен
IN85307,2019-12-12,CL00949,Реутов,179822,P0115,5.0,1875.0,Завершен
IN51026,2019-12-12,CL00411,Подольск,176106,P0101,5.0,1875.0,Завершен
IN63578,2019-12-12,CL00824,Красногорск,134620,P0043,1.5,412.5,Завершен
IN19192,2019-12-12,CL00496,Королёв,147419,P0007,3.0,825.0,Завершен
IN93732,2019-12-12,CL00040,Королёв,198548,P0022,3.0,825.0,Завершен
IN49675,2019-12-12,CL00477,Красногорск,184058,P0075,0.5,187.5,Отказ
IN88928,2019-12-12,CL00009,Люберцы,179507,P0055,0.5,187.5,Завершен
IN60432,2019-12-13,CL00561,Москва,192123,P0099,1.5,562.5,Завершен
IN21877,2019-12-13,CL00049,Химки,134600,P0006,3.0,825.0,Завершен
IN84475,2019-12-13,CL00506,Москва,123590,P0045,2.5,687.5,Завершен
IN34863,2019-12-13,CL00391,Люберцы,192279,P0008,5.0,1375.0,Завершен
IN58978,2019-12-13,CL00001,Люберцы,159470,P0116,2.0,750.0,Завершен
IN54045,2019-12-13,CL00044,Красногорск,157433,P0085,0.5,187.5,Завершен
IN98059,2019-12-13,CL00420,Химки,118830,P0110,0.5,187.5,Завершен
IN87740,2019-12-13,CL00692,Мытищи,101581,P0053,5.0,1875.0,Завершен
IN31356,2019-12-14,CL00091,Москва,115906,P0086,5.0,1875.0,Завершен
IN83203,2019-12-14,CL00997,Люберцы,139498,P0034,5.0,1375.0,Завершен
IN57925,2019-12-14,CL00421,Красногорск,145268,P0059,3.0,1125.0,Завершен
IN23292,2019-12-14,CL00390,Королёв,173619,P0080,0.5,187.5,Завершен
IN30145,2019-12-14,CL00511,Москва,160686,P0028,2.5,687.5,Завершен
IN28415,2019-12-14,CL01075,Мытищи,129067,P0118,2.5,937.5,Завершен
IN33765,2019-12-15,CL00026,Мытищи,130982,P0023,0.5,137.5,Завершен
IN27210,2019-12-15,CL00209,Подольск,150140,P0116,2.0,750.0,Завершен
IN40087,2019-12-15,CL01180,Москва,136188,P0066,3.0,1125.0,Отказ
IN87582,2019-12-15,CL00144,Люберцы,125443,P0111,0.5,187.5,Завершен
IN19624,2019-12-15,CL00761,Красногорск,123568,P0051,5.0,1875.0,Завершен
IN98312,2019-12-15,CL00154,Химки,149856,P0046,2.0,550.0,Завершен
IN25450,2019-12-15,CL00762,Красногорск,103840,P0022,0.5,137.5,Завершен
IN94308,2019-12-15,CL00668,Королёв,156072,P0097,2.5,937.5,Завершен
IN81771,2019-12-16,CL00529,Химки,143288,P0081,2.5,937.5,Завершен
IN57095,2019-12-16,CL00614,Химки,145652,P0076,0.5,187.5,Завершен
IN21672,2019-12-16,CL01013,Подольск,147774,P0068,0.5,187.5,Завершен
IN16416,2019-12-16,CL00267,Красногорск,190023,P0007,0.5,137.5,Завершен
IN65337,2019-12-16,CL00824,Красногорск,134620,P0056,5.0,1875.0,Завершен
IN63077,2019-12-16,CL00941,Мытищи,151497,P0077,0.5,187.5,Завершен
IN53570,2019-12-17,CL00400,Подольск,111300,P0023,3.0,825.0,Завершен
IN75732,2019-12-17,CL00330,Красногорск,163736,P0065,5.0,1875.0,Завершен
IN27262,2019-12-17,CL00544,Реутов,132208,P0064,0.5,187.5,Завершен
IN44377,2019-12-17,CL00305,Подольск,199642,P0045,3.0,825.0,Завершен
IN87872,2019-12-17,CL00436,Реутов,172070,P0056,1.5,562.5,Завершен
IN91033,2019-12-17,CL00777,Мытищи,142284,P0044,2.5,687.5,Завершен
IN55663,2019-12-17,CL00991,Мытищи,133018,P0034,3.0,825.0,Завершен
IN73846,2019-12-17,CL00293,Мытищи,197260,P0085,2.5,937.5,Завершен
IN45937,2019-12-17,CL00515,Химки,113224,P0115,1.5,562.5,Завершен
IN97183,2019-12-17,CL00888,Мытищи,185267,P0117,0.5,187.5,Завершен
IN48057,2019-12-17,CL00107,Подольск,116728,P0014,2.5,687.5,Завершен
IN95267,2019-12-17,CL00970,Реутов,136583,P0064,2.5,937.5,Завершен
IN33480,2019-12-17,CL00173,Мытищи,153523,P0034,2.0,550.0,Завершен
IN80797,2019-12-18,CL00424,Королёв,112689,P0112,2.0,750.0,Завершен
IN34856,2019-12-18,CL00466,Люберцы,180698,P0069,2.0,750.0,Завершен
IN26708,2019-12-18,CL00230,Мытищи,188188,P0068,1.5,562.5,Завершен
IN62431,2019-12-18,CL00160,Люберцы,137762,P0066,1.5,562.5,Завершен
IN14436,2019-12-19,CL00281,Реутов,120631,P0109,5.0,1875.0,Завершен
IN78482,2019-12-19,CL00107,Подольск,116728,P0054,0.5,187.5,Завершен
IN88669,2019-12-19,CL01153,Королёв,162530,P0014,5.0,1375.0,Завершен
IN69325,2019-12-19,CL01060,Реутов,162539,P0014,2.0,550.0,Завершен
IN17414,2019-12-19,CL00588,Люберцы,110082,P0011,1.0,275.0,Завершен
IN11081,2019-12-19,CL00029,Люберцы,159638,P0012,1.5,412.5,Завершен
IN24287,2019-12-20,CL01085,Мытищи,195176,P0024,3.0,825.0,Завершен
IN93974,2019-12-20,CL00592,Красногорск,156441,P0118,5.0,1875.0,Завершен
IN14059,2019-12-20,CL00669,Подольск,139566,P0078,5.0,1875.0,Отказ
IN73632,2019-12-20,CL00635,Подольск,118388,P0094,5.0,1875.0,Завершен
IN84167,2019-12-21,CL00544,Реутов,132208,P0070,2.0,750.0,Завершен
IN77770,2019-12-21,CL00084,Мытищи,198453,P0101,5.0,1875.0,Завершен
IN95608,2019-12-21,CL00862,Подольск,143992,P0068,0.5,187.5,Завершен
IN99268,2019-12-21,CL00465,Королёв,170592,P0119,0.5,187.5,Завершен
IN50728,2019-12-21,CL00354,Мытищи,131147,P0053,2.5,937.5,Завершен
IN55063,2019-12-21,CL00027,Реутов,128016,P0080,1.0,375.0,Завершен
IN90812,2019-12-21,CL00359,Подольск,111221,P0096,2.0,750.0,Завершен
IN74748,2019-12-22,CL00172,Подольск,157132,P0120,1.0,375.0,Завершен
IN51230,2019-12-22,CL00485,Красногорск,100895,P0002,5.0,1375.0,Завершен
IN34337,2019-12-22,CL00499,Мытищи,193967,P0099,1.5,562.5,Завершен
IN36555,2019-12-22,CL00675,Химки,158335,P0079,1.0,375.0,Завершен
IN71071,2019-12-22,CL00590,Химки,117758,P0120,1.5,562.5,Завершен
IN67035,2019-12-23,CL00606,Мытищи,186193,P0082,2.0,750.0,Завершен
IN15801,2019-12-23,CL00307,Королёв,199598,P0107,2.0,750.0,Завершен
IN81562,2019-12-23,CL00959,Москва,198328,P0001,2.5,687.5,Завершен
IN75608,2019-12-23,CL00130,Королёв,160910,P0015,2.0,550.0,Завершен
IN97179,2019-12-23,CL00409,Мытищи,183238,P0080,2.0,750.0,Отказ
IN71949,2019-12-23,CL00704,Подольск,192785,P0014,1.0,275.0,Отказ
IN99655,2019-12-23,CL00798,Химки,153645,P0039,1.5,412.5,Завершен
IN61121,2019-12-23,CL00150,Москва,162616,P0038,5.0,1375.0,Завершен
IN34848,2019-12-23,CL00651,Москва,169767,P0016,2.5,687.5,Завершен
IN27860,2019-12-23,CL00619,Подольск,143383,P0052,0.5,187.5,Завершен
IN88315,2019-12-24,CL00364,Красногорск,146176,P0108,1.0,375.0,Завершен
IN56206,2019-12-24,CL01137,Королёв,124102,P0075,2.0,750.0,Завершен
IN45549,2019-12-24,CL00837,Подольск,126309,P0006,3.0,825.0,Завершен
IN88008,2019-12-24,CL00060,Подольск,103248,P0048,1.0,275.0,Завершен
IN72760,2019-12-24,CL00754,Красногорск,124530,P0113,5.0,1875.0,Завершен
IN99591,2019-12-24,CL00155,Королёв,177139,P0089,0.5,187.5,Завершен
IN39764,2019-12-24,CL01060,Реутов,162539,P0098,5.0,1875.0,Завершен
IN87432,2019-12-25,CL00443,Реутов,196904,P0102,0.5,187.5,Завершен
IN43440,2019-12-25,CL00432,Люберцы,114089,P0080,1.0,375.0,Завершен
IN38782,2019-12-25,CL00792,Химки,109661,P0002,1.0,275.0,Завершен
IN47809,2019-12-25,CL00759,Москва,193502,P0060,2.5,937.5,Завершен
IN37611,2019-12-25,CL01025,Подольск,166900,P0091,2.5,937.5,Завершен
IN31938,2019-12-25,CL00183,Подольск,101792,P0006,1.0,275.0,Завершен
IN38990,2019-12-26,CL00272,Москва,178696,P0035,0.5,137.5,Завершен
IN56301,2019-12-26,CL00193,Королёв,124727,P0011,2.0,550.0,Завершен
IN98107,2019-12-26,CL00769,Подольск,124672,P0056,2.0,750.0,Отказ
IN28251,2019-12-26,CL00579,Мытищи,140405,P0067,2.0,750.0,Завершен
IN82040,2019-12-26,CL00661,Мытищи,160089,P0021,1.0,275.0,Завершен
IN33722,2019-12-26,CL00901,Мытищи,187690,P0049,5.0,1375.0,Завершен
IN11454,2019-12-27,CL00863,Химки,197545,P0014,2.5,687.5,Завершен
IN57205,2019-12-27,CL00669,Подольск,139566,P0017,1.5,412.5,Завершен
IN66477,2019-12-27,CL00550,Мытищи,101198,P0094,3.0,1125.0,Завершен
IN78269,2019-12-28,CL00464,Красногорск,185979,P0004,0.5,137.5,Завершен
IN66753,2019-12-28,CL00315,Королёв,174928,P0092,3.0,1125.0,Завершен
IN44260,2019-12-28,CL00324,Красногорск,186980,P0013,1.5,412.5,Отказ
IN60960,2019-12-28,CL00833,Химки,153368,P0012,1.0,275.0,Завершен
IN83050,2019-12-28,CL00970,Реутов,136583,P0024,3.0,825.0,Завершен
IN12487,2019-12-28,CL00957,Люберцы,155363,P0096,3.0,1125.0,Отказ
IN39559,2019-12-28,CL00114,Красногорск,108993,P0103,1.5,562.5,Завершен
IN92040,2019-12-28,CL00493,Подольск,179395,P0117,5.0,1875.0,Завершен
IN33234,2019-12-29,CL00017,Химки,194811,P0005,1.5,412.5,Завершен
IN66055,2019-12-29,CL00463,Москва,193603,P0057,2.0,750.0,Завершен
IN73978,2019-12-29,CL00279,Реутов,197120,P0012,2.5,687.5,Завершен
IN57301,2019-12-29,CL00662,Мытищи,152129,P0060,1.5,562.5,Завершен
IN19424,2019-12-29,CL01159,Люберцы,169722,P0107,5.0,1875.0,Завершен
IN50448,2019-12-29,CL00590,Химки,117758,P0033,1.0,275.0,Завершен
IN88068,2019-12-29,CL00896,Люберцы,113928,P0083,0.5,187.5,Завершен
IN38843,2019-12-29,CL00700,Подольск,151213,P0100,0.5,187.5,Завершен
IN78903,2019-12-30,CL00569,Реутов,170852,P0003,0.5,137.5,Завершен
IN34042,2019-12-30,CL00852,Мытищи,136239,P0060,0.5,187.5,Завершен
IN42914,2019-12-30,CL00388,Красногорск,185139,P0009,3.0,825.0,Завершен
IN19776,2019-12-30,CL00478,Подольск,161344,P0041,2.0,550.0,Завершен
IN89129,2019-12-30,CL01001,Люберцы,118884,P0007,1.5,412.5,Завершен
IN78757,2019-12-30,CL01194,Реутов,102453,P0108,0.5,187.5,Отказ
IN60393,2019-12-30,CL00780,Химки,122983,P0043,2.0,550.0,Отказ
IN14793,2019-12-31,CL00517,Химки,152725,P0110,2.0,750.0,Завершен
IN25488,2019-12-31,CL00538,Люберцы,167215,P0096,2.5,937.5,Завершен
IN35384,2019-12-31,CL00688,Москва,186298,P0089,0.5,187.5,Завершен
IN50049,2019-12-31,CL00510,Подольск,129188,P0077,2.0,750.0,Завершен
IN17488,2019-12-31,CL00480,Королёв,194188,P0024,1.0,275.0,Завершен
IN60718,2019-12-31,CL00092,Подольск,187500,P0116,1.5,562.5,Завершен
IN64225,2020-01-01,CL00226,Люберцы,144396,P0015,5.0,1375.0,Завершен
IN86839,2020-01-01,CL00215,Химки,163335,P0079,0.5,187.5,Завершен
IN63254,2020-01-01,CL00286,Химки,114918,P0034,2.0,550.0,Завершен
IN80259,2020-01-01,CL01147,Королёв,191438,P0078,2.5,937.5,Завершен
IN82128,2020-01-01,CL00832,Красногорск,154627,P0010,5.0,1375.0,Завершен
IN14578,2020-01-01,CL00873,Москва,135851,P0054,2.0,750.0,Завершен
IN86463,2020-01-02,CL00088,Реутов,131979,P0115,2.5,937.5,Завершен
IN68014,2020-01-02,CL00300,Реутов,197754,P0041,3.0,825.0,Завершен
IN56344,2020-01-02,CL00281,Реутов,120631,P0030,3.0,825.0,Отказ
IN55796,2020-01-03,CL00589,Люберцы,194489,P0084,0.5,187.5,Завершен
IN14264,2020-01-03,CL01045,Подольск,105136,P0012,1.5,412.5,Завершен
IN78809,2020-01-03,CL00960,Люберцы,119192,P0107,5.0,1875.0,Завершен
IN79742,2020-01-03,CL01200,Москва,163618,P0118,0.5,187.5,Завершен
IN79950,2020-01-03,CL00336,Королёв,198617,P0107,1.0,375.0,Завершен
IN21450,2020-01-04,CL00106,Москва,187670,P0038,5.0,1375.0,Завершен
IN60636,2020-01-04,CL00584,Реутов,111101,P0101,1.5,562.5,Отказ
IN43759,2020-01-04,CL00784,Мытищи,118434,P0031,1.0,275.0,Завершен
IN23547,2020-01-04,CL01153,Королёв,162530,P0052,5.0,1875.0,Отказ
IN28501,2020-01-04,CL01110,Королёв,191520,P0116,0.5,187.5,Завершен
IN40206,2020-01-04,CL00635,Подольск,118388,P0016,2.0,550.0,Завершен
IN92790,2020-01-04,CL00969,Подольск,196348,P0113,5.0,1875.0,Завершен
IN36488,2020-01-04,CL00092,Подольск,187500,P0049,2.5,687.5,Завершен
IN71247,2020-01-04,CL01034,Люберцы,134513,P0003,1.5,412.5,Завершен
IN44927,2020-01-04,CL01061,Мытищи,171267,P0103,1.5,562.5,Завершен
IN61654,2020-01-04,CL00328,Мытищи,155496,P0050,3.0,825.0,Завершен
IN19150,2020-01-05,CL00231,Реутов,148689,P0081,1.5,562.5,Завершен
IN12771,2020-01-05,CL00921,Реутов,132581,P0027,0.5,137.5,Завершен
IN67175,2020-01-05,CL00415,Химки,154602,P0082,1.0,375.0,Завершен
IN79903,2020-01-05,CL00887,Химки,177292,P0017,0.5,137.5,Завершен
IN55080,2020-01-06,CL00802,Люберцы,181931,P0020,0.5,137.5,Завершен
IN94060,2020-01-06,CL00888,Мытищи,185267,P0006,3.0,825.0,Завершен
IN14155,2020-01-06,CL00382,Реутов,198290,P0006,3.0,825.0,Завершен
IN13800,2020-01-06,CL00681,Подольск,173831,P0110,1.0,375.0,Завершен
IN79187,2020-01-06,CL00615,Мытищи,191326,P0014,3.0,825.0,Завершен
IN71662,2020-01-06,CL00147,Подольск,198669,P0063,2.0,750.0,Завершен
IN93428,2020-01-06,CL00309,Подольск,161462,P0001,0.5,137.5,Завершен
IN81008,2020-01-06,CL00284,Мытищи,186761,P0003,5.0,1375.0,Завершен
IN30961,2020-01-06,CL00131,Красногорск,142600,P0015,3.0,825.0,Завершен
IN37145,2020-01-07,CL00202,Красногорск,199536,P0055,3.0,1125.0,Завершен
IN75607,2020-01-07,CL00739,Химки,160731,P0066,1.0,375.0,Завершен
IN76194,2020-01-07,CL00548,Москва,109742,P0003,2.0,550.0,Отказ
IN74130,2020-01-07,CL00745,Мытищи,118322,P0101,5.0,1875.0,Завершен
IN15881,2020-01-07,CL00260,Подольск,182978,P0004,2.5,687.5,Отказ
IN63013,2020-01-07,CL00602,Люберцы,193747,P0032,3.0,825.0,Завершен
IN53065,2020-01-08,CL01019,Люберцы,118350,P0064,2.0,750.0,Завершен
IN98918,2020-01-08,CL00324,Красногорск,186980,P0032,3.0,825.0,Завершен
IN44382,2020-01-08,CL00356,Мытищи,165513,P0015,0.5,137.5,Завершен
IN34209,2020-01-08,CL00182,Москва,179806,P0027,2.5,687.5,Завершен
IN11296,2020-01-08,CL00401,Люберцы,193969,P0040,2.5,687.5,Отказ
IN69203,2020-01-08,CL00657,Реутов,175684,P0110,1.0,375.0,Завершен
IN76328,2020-01-08,CL00771,Москва,128679,P0034,2.5,687.5,Завершен
IN61112,2020-01-08,CL00977,Реутов,152876,P0092,1.0,375.0,Завершен
IN42204,2020-01-08,CL01090,Люберцы,175352,P0048,5.0,1375.0,Завершен
IN66101,2020-01-08,CL00039,Химки,117154,P0045,3.0,825.0,Завершен
IN52679,2020-01-08,CL01186,Подольск,141515,P0117,2.0,750.0,Завершен
IN44993,2020-01-08,CL00208,Реутов,123600,P0086,3.0,1125.0,Завершен
IN15458,2020-01-08,CL00193,Королёв,124727,P0106,1.5,562.5,Завершен
IN31644,2020-01-09,CL00303,Красногорск,184599,P0021,2.5,687.5,Завершен
IN62369,2020-01-09,CL00618,Подольск,197057,P0033,1.0,275.0,Завершен
IN10421,2020-01-09,CL00494,Реутов,161712,P0098,1.5,562.5,Завершен
IN88281,2020-01-09,CL01149,Люберцы,163131,P0083,1.0,375.0,Отказ
IN56297,2020-01-09,CL00298,Красногорск,113875,P0090,3.0,1125.0,Завершен
IN17880,2020-01-09,CL00248,Подольск,178116,P0101,1.5,562.5,Завершен
IN77660,2020-01-10,CL00474,Подольск,104763,P0017,3.0,825.0,Завершен
IN73624,2020-01-10,CL00600,Люберцы,109064,P0019,1.5,412.5,Завершен
IN36813,2020-01-10,CL00943,Мытищи,106094,P0060,2.5,937.5,Завершен
IN29708,2020-01-10,CL00634,Реутов,183296,P0072,2.5,937.5,Завершен
IN53189,2020-01-10,CL00312,Королёв,148331,P0070,1.5,562.5,Завершен
IN41025,2020-01-10,CL00306,Подольск,182306,P0096,3.0,1125.0,Завершен
IN59118,2020-01-10,CL00463,Москва,193603,P0044,2.5,687.5,Завершен
IN54111,2020-01-11,CL00456,Красногорск,194493,P0078,3.0,1125.0,Завершен
IN41939,2020-01-11,CL01013,Подольск,147774,P0098,1.5,562.5,Завершен
IN26244,2020-01-11,CL00160,Люберцы,137762,P0023,0.5,137.5,Завершен
IN91340,2020-01-11,CL00588,Люберцы,110082,P0024,2.5,687.5,Завершен
IN44314,2020-01-11,CL00734,Реутов,196384,P0053,1.5,562.5,Завершен
IN27577,2020-01-12,CL00452,Реутов,180147,P0026,2.5,687.5,Завершен
IN67493,2020-01-12,CL01013,Подольск,147774,P0083,3.0,1125.0,Завершен
IN68592,2020-01-12,CL00952,Люберцы,171802,P0080,5.0,1875.0,Завершен
IN64533,2020-01-13,CL00038,Люберцы,193872,P0103,5.0,1875.0,Завершен
IN23831,2020-01-13,CL00138,Химки,176225,P0120,2.0,750.0,Завершен
IN35883,2020-01-13,CL00073,Люберцы,157154,P0066,2.0,750.0,Завершен
IN65282,2020-01-13,CL00080,Люберцы,176019,P0007,3.0,825.0,Завершен
IN25389,2020-01-13,CL00039,Химки,117154,P0016,3.0,825.0,Завершен
IN93488,2020-01-14,CL00500,Мытищи,158390,P0024,0.5,137.5,Завершен
IN54431,2020-01-14,CL00332,Люберцы,113256,P0089,5.0,1875.0,Отказ
IN54091,2020-01-14,CL00040,Королёв,198548,P0057,1.5,562.5,Завершен
IN47983,2020-01-14,CL00182,Москва,179806,P0078,2.5,937.5,Завершен
IN54067,2020-01-14,CL00807,Подольск,149996,P0037,1.5,412.5,Завершен
IN67034,2020-01-14,CL00632,Мытищи,190890,P0009,5.0,1375.0,Завершен
IN26125,2020-01-14,CL01187,Королёв,102798,P0074,5.0,1875.0,Завершен
IN96974,2020-01-14,CL01099,Подольск,189536,P0016,2.0,550.0,Завершен
IN96248,2020-01-14,CL01194,Реутов,102453,P0067,1.0,375.0,Завершен
IN64344,2020-01-14,CL00807,Подольск,149996,P0004,2.0,550.0,Завершен
IN83464,2020-01-14,CL00176,Москва,141224,P0030,2.0,550.0,Завершен
IN77849,2020-01-15,CL00178,Королёв,124586,P0028,2.5,687.5,Завершен
IN94702,2020-01-15,CL00458,Люберцы,139008,P0053,2.5,937.5,Завершен
IN21533,2020-01-15,CL00744,Москва,159270,P0058,3.0,1125.0,Отказ
IN82334,2020-01-15,CL01186,Подольск,141515,P0052,0.5,187.5,Завершен
IN22168,2020-01-15,CL01088,Люберцы,166353,P0106,1.0,375.0,Завершен
IN36818,2020-01-15,CL00003,Мытищи,139117,P0016,0.5,137.5,Завершен
IN63201,2020-01-15,CL01049,Королёв,153840,P0048,1.0,275.0,Отказ
IN90096,2020-01-15,CL00195,Красногорск,192435,P0073,1.5,562.5,Отказ
IN98849,2020-01-15,CL00670,Люберцы,147242,P0101,3.0,1125.0,Завершен
IN45778,2020-01-16,CL01116,Реутов,148799,P0026,1.0,275.0,Завершен
IN11035,2020-01-16,CL00511,Москва,160686,P0101,5.0,1875.0,Завершен
IN77174,2020-01-16,CL00098,Красногорск,170798,P0042,2.5,687.5,Завершен
IN48528,2020-01-16,CL00704,Подольск,192785,P0002,3.0,825.0,Отказ
IN63052,2020-01-16,CL00178,Королёв,124586,P0084,1.0,375.0,Завершен
IN46450,2020-01-16,CL00474,Подольск,104763,P0091,2.0,750.0,Завершен
IN64136,2020-01-16,CL01128,Москва,146018,P0018,1.0,275.0,Завершен
IN13930,2020-01-16,CL00134,Москва,125042,P0079,1.5,562.5,Завершен
IN83243,2020-01-16,CL00365,Подольск,189742,P0111,1.5,562.5,Завершен
IN31817,2020-01-16,CL00859,Королёв,188063,P0044,1.0,275.0,Завершен
IN66897,2020-01-16,CL00238,Подольск,185841,P0056,5.0,1875.0,Завершен
IN87841,2020-01-16,CL00839,Химки,160846,P0028,2.0,550.0,Завершен
IN77932,2020-01-16,CL00718,Химки,106019,P0053,5.0,1875.0,Завершен
IN82045,2020-01-16,CL01170,Люберцы,109356,P0057,0.5,187.5,Завершен
IN49629,2020-01-16,CL00158,Подольск,172350,P0038,2.0,550.0,Завершен
IN32120,2020-01-16,CL00184,Мытищи,114871,P0032,1.5,412.5,Завершен
IN68440,2020-01-16,CL00509,Красногорск,170419,P0119,1.5,562.5,Завершен
IN43717,2020-01-16,CL01071,Химки,191660,P0099,3.0,1125.0,Отказ
IN33863,2020-01-17,CL01158,Химки,180375,P0012,3.0,825.0,Завершен
IN29122,2020-01-17,CL00778,Подольск,157261,P0015,5.0,1375.0,Завершен
IN95187,2020-01-17,CL01176,Красногорск,195451,P0052,1.0,375.0,Завершен
IN94620,2020-01-17,CL01104,Москва,170972,P0107,3.0,1125.0,Завершен
IN83424,2020-01-17,CL00785,Мытищи,141879,P0058,1.0,375.0,Завершен
IN16875,2020-01-17,CL00277,Люберцы,135818,P0105,2.0,750.0,Завершен
IN99979,2020-01-18,CL00779,Красногорск,173659,P0067,1.5,562.5,Завершен
IN52670,2020-01-18,CL00488,Люберцы,190802,P0052,5.0,1875.0,Завершен
IN96847,2020-01-18,CL00275,Красногорск,148176,P0059,3.0,1125.0,Завершен
IN97305,2020-01-18,CL00910,Мытищи,144921,P0008,2.0,550.0,Завершен
IN70342,2020-01-18,CL00242,Красногорск,136160,P0057,5.0,1875.0,Завершен
IN98735,2020-01-18,CL00899,Москва,127222,P0060,2.5,937.5,Завершен
IN56210,2020-01-18,CL00470,Подольск,162350,P0068,0.5,187.5,Отказ
IN27270,2020-01-18,CL00583,Красногорск,101617,P0050,1.5,412.5,Отказ
IN72780,2020-01-18,CL00373,Реутов,150678,P0102,2.0,750.0,Завершен
IN23074,2020-01-19,CL01128,Москва,146018,P0064,1.5,562.5,Завершен
IN16646,2020-01-19,CL00638,Химки,173607,P0059,5.0,1875.0,Завершен
IN92781,2020-01-19,CL00071,Красногорск,141114,P0012,1.0,275.0,Завершен
IN79164,2020-01-19,CL00121,Химки,190520,P0112,2.5,937.5,Отказ
IN96166,2020-01-19,CL00760,Королёв,163527,P0090,1.5,562.5,Завершен
IN63588,2020-01-19,CL00001,Люберцы,159470,P0087,0.5,187.5,Завершен
IN37159,2020-01-20,CL00768,Красногорск,103697,P0048,5.0,1375.0,Завершен
IN10204,2020-01-20,CL01173,Реутов,158059,P0028,1.0,275.0,Завершен
IN76244,2020-01-20,CL00474,Подольск,104763,P0067,2.0,750.0,Отказ
IN74364,2020-01-20,CL00310,Люберцы,177518,P0110,2.5,937.5,Завершен
IN29805,2020-01-20,CL00440,Москва,117961,P0049,0.5,137.5,Отказ
IN79303,2020-01-20,CL00805,Люберцы,161727,P0019,1.0,275.0,Завершен
IN95762,2020-01-20,CL00729,Люберцы,130339,P0052,1.5,562.5,Завершен
IN48728,2020-01-20,CL00284,Мытищи,186761,P0111,5.0,1875.0,Завершен
IN63271,2020-01-20,CL00269,Реутов,196835,P0053,2.5,937.5,Завершен
IN54453,2020-01-21,CL00614,Химки,145652,P0061,2.5,937.5,Завершен
IN70280,2020-01-21,CL00218,Люберцы,189889,P0051,5.0,1875.0,Завершен
IN68590,2020-01-21,CL00580,Красногорск,113399,P0119,0.5,187.5,Завершен
IN30315,2020-01-21,CL00536,Реутов,172362,P0073,1.0,375.0,Завершен
IN20837,2020-01-21,CL00123,Москва,156148,P0061,0.5,187.5,Завершен
IN72006,2020-01-22,CL01111,Красногорск,101549,P0035,1.0,275.0,Завершен
IN69597,2020-01-22,CL00900,Красногорск,101671,P0073,3.0,1125.0,Отказ
IN11011,2020-01-22,CL00728,Реутов,107850,P0002,3.0,825.0,Завершен
IN56693,2020-01-22,CL00020,Реутов,195561,P0086,0.5,187.5,Завершен
IN99808,2020-01-22,CL00777,Мытищи,142284,P0007,3.0,825.0,Завершен
IN15461,2020-01-22,CL00601,Королёв,139692,P0054,2.0,750.0,Завершен
IN51839,2020-01-22,CL00135,Химки,164038,P0035,2.0,550.0,Завершен
IN19305,2020-01-22,CL00607,Подольск,105806,P0029,2.0,550.0,Завершен
IN78491,2020-01-22,CL00011,Люберцы,188039,P0120,1.0,375.0,Отказ
IN53821,2020-01-23,CL01187,Королёв,102798,P0115,2.0,750.0,Завершен
IN53374,2020-01-23,CL00460,Королёв,194589,P0092,3.0,1125.0,Завершен
IN13217,2020-01-23,CL00868,Реутов,154146,P0086,3.0,1125.0,Завершен
IN49922,2020-01-23,CL01114,Люберцы,180358,P0008,1.0,275.0,Завершен
IN95517,2020-01-23,CL00718,Химки,106019,P0093,0.5,187.5,Завершен
IN49948,2020-01-23,CL00078,Реутов,122810,P0085,0.5,187.5,Завершен
IN51426,2020-01-23,CL00563,Мытищи,105577,P0106,2.5,937.5,Завершен
IN39013,2020-01-23,CL00798,Химки,153645,P0095,0.5,187.5,Отказ
IN57844,2020-01-23,CL00332,Люберцы,113256,P0095,1.0,375.0,Завершен
IN64610,2020-01-23,CL00170,Люберцы,199125,P0028,3.0,825.0,Завершен
IN71695,2020-01-24,CL00248,Подольск,178116,P0009,3.0,825.0,Завершен
IN80657,2020-01-24,CL00133,Люберцы,191905,P0039,0.5,137.5,Завершен
IN24213,2020-01-24,CL00288,Люберцы,151807,P0032,1.5,412.5,Завершен
IN68254,2020-01-24,CL00735,Красногорск,130619,P0116,2.0,750.0,Завершен
IN89207,2020-01-24,CL00101,Королёв,127110,P0105,1.5,562.5,Отказ
IN41031,2020-01-24,CL00633,Реутов,118070,P0048,0.5,137.5,Завершен
IN41323,2020-01-24,CL00700,Подольск,151213,P0036,3.0,825.0,Завершен
IN11618,2020-01-25,CL00557,Красногорск,152022,P0018,1.5,412.5,Завершен
IN94938,2020-01-25,CL00898,Красногорск,138712,P0018,2.0,550.0,Завершен
IN95531,2020-01-25,CL00895,Подольск,113751,P0087,1.5,562.5,Завершен
IN24504,2020-01-25,CL00921,Реутов,132581,P0052,3.0,1125.0,Завершен
IN30986,2020-01-25,CL00434,Реутов,152505,P0015,2.5,687.5,Завершен
IN26865,2020-01-25,CL00375,Люберцы,195300,P0074,2.0,750.0,Отказ
IN60203,2020-01-25,CL00105,Королёв,157125,P0099,5.0,1875.0,Завершен
IN18500,2020-01-25,CL00965,Красногорск,107051,P0101,5.0,1875.0,Завершен
IN70940,2020-01-26,CL00704,Подольск,192785,P0029,3.0,825.0,Завершен
IN74980,2020-01-26,CL00440,Москва,117961,P0056,5.0,1875.0,Завершен
IN15883,2020-01-27,CL00469,Королёв,118018,P0006,2.5,687.5,Завершен
IN23872,2020-01-27,CL00837,Подольск,126309,P0070,0.5,187.5,Завершен
IN44823,2020-01-27,CL00397,Красногорск,115907,P0044,2.0,550.0,Завершен
IN64534,2020-01-27,CL00284,Мытищи,186761,P0076,5.0,1875.0,Завершен
IN57593,2020-01-27,CL00646,Люберцы,104224,P0059,3.0,1125.0,Завершен
IN27133,2020-01-27,CL00150,Москва,162616,P0120,2.5,937.5,Завершен
IN75095,2020-01-27,CL00234,Люберцы,115292,P0112,3.0,1125.0,Завершен
IN46982,2020-01-27,CL00236,Мытищи,170457,P0023,1.5,412.5,Завершен
IN41294,2020-01-27,CL00541,Реутов,129002,P0095,2.0,750.0,Завершен
IN74343,2020-01-28,CL00438,Красногорск,144444,P0064,0.5,187.5,Завершен
IN84527,2020-01-28,CL00878,Москва,199201,P0018,0.5,137.5,Завершен
IN85392,2020-01-28,CL00922,Красногорск,184070,P0117,2.0,750.0,Завершен
IN41322,2020-01-28,CL00483,Реутов,111368,P0051,1.0,375.0,Завершен
IN92197,2020-01-28,CL00574,Королёв,172487,P0022,3.0,825.0,Отказ
IN82759,2020-01-28,CL00592,Красногорск,156441,P0108,0.5,187.5,Завершен
IN11058,2020-01-29,CL01180,Москва,136188,P0081,1.5,562.5,Завершен
IN95330,2020-01-29,CL00995,Мытищи,176756,P0006,5.0,1375.0,Завершен
IN67590,2020-01-29,CL00511,Москва,160686,P0110,1.5,562.5,Завершен
IN94432,2020-01-29,CL00979,Красногорск,128632,P0092,1.5,562.5,Завершен
IN52684,2020-01-29,CL00029,Люберцы,159638,P0008,3.0,825.0,Отказ
IN74873,2020-01-29,CL00730,Красногорск,198028,P0115,2.0,750.0,Завершен
IN83733,2020-01-29,CL00475,Королёв,198173,P0103,3.0,1125.0,Завершен
IN36717,2020-01-29,CL00894,Люберцы,113235,P0062,0.5,187.5,Завершен
IN97728,2020-01-29,CL00868,Реутов,154146,P0103,0.5,187.5,Завершен
IN93982,2020-01-29,CL00021,Мытищи,195448,P0060,1.5,562.5,Завершен
IN80399,2020-01-30,CL01095,Красногорск,146281,P0065,0.5,187.5,Завершен
IN62394,2020-01-30,CL00425,Люберцы,180658,P0082,1.5,562.5,Завершен
IN39862,2020-01-30,CL00337,Химки,140562,P0099,2.5,937.5,Завершен
IN94307,2020-01-30,CL00059,Подольск,131029,P0044,5.0,1375.0,Завершен
IN23913,2020-01-30,CL01096,Люберцы,112190,P0119,1.5,562.5,Завершен
IN18841,2020-01-30,CL00383,Москва,179635,P0021,0.5,137.5,Завершен
IN73803,2020-01-30,CL00385,Красногорск,174349,P0046,0.5,137.5,Завершен
IN68759,2020-01-31,CL00954,Красногорск,117389,P0116,2.5,937.5,Завершен
IN50197,2020-01-31,CL00839,Химки,160846,P0087,1.5,562.5,Завершен
IN93120,2020-01-31,CL00427,Красногорск,120885,P0055,5.0,1875.0,Завершен
IN52591,2020-01-31,CL00461,Люберцы,188686,P0062,0.5,187.5,Завершен
IN34727,2020-01-31,CL01180,Москва,136188,P0109,3.0,1125.0,Завершен
IN61854,2020-01-31,CL00816,Подольск,121910,P0009,1.5,412.5,Завершен
IN64006,2020-01-31,CL00673,Реутов,192235,P0118,0.5,187.5,Завершен
IN31151,2020-01-31,CL00200,Подольск,134737,P0036,1.5,412.5,Завершен
IN60452,2020-02-01,CL00053,Подольск,172309,P0040,1.5,412.5,Завершен
IN91818,2020-02-01,CL00500,Мытищи,158390,P0113,2.0,750.0,Завершен
IN43972,2020-02-01,CL00872,Королёв,123176,P0060,1.5,562.5,Завершен
IN96768,2020-02-01,CL00212,Москва,160981,P0099,2.0,750.0,Завершен
IN42746,2020-02-01,CL00592,Красногорск,156441,P0068,0.5,187.5,Завершен
IN20091,2020-02-01,CL00509,Красногорск,170419,P0038,2.5,687.5,Завершен
IN56854,2020-02-01,CL00461,Люберцы,188686,P0019,0.5,137.5,Завершен
IN54210,2020-02-01,CL00695,Мытищи,108851,P0058,0.5,187.5,Завершен
IN61388,2020-02-02,CL00394,Подольск,158341,P0070,3.0,1125.0,Завершен
IN11616,2020-02-02,CL00782,Подольск,192013,P0029,1.5,412.5,Завершен
IN88286,2020-02-02,CL00030,Реутов,195748,P0115,1.0,375.0,Завершен
IN53088,2020-02-02,CL00482,Подольск,183719,P0029,5.0,1375.0,Завершен
IN51876,2020-02-02,CL00515,Химки,113224,P0053,2.0,750.0,Завершен
IN94776,2020-02-02,CL00595,Люберцы,182955,P0029,2.5,687.5,Завершен
IN86401,2020-02-03,CL00668,Королёв,156072,P0027,1.5,412.5,Завершен
IN24798,2020-02-03,CL01172,Москва,193674,P0079,2.5,937.5,Завершен
IN10896,2020-02-03,CL00462,Реутов,119198,P0117,1.5,562.5,Завершен
IN77270,2020-02-03,CL00965,Красногорск,107051,P0050,5.0,1375.0,Отказ
IN62005,2020-02-03,CL00074,Химки,109171,P0033,1.5,412.5,Завершен
IN86085,2020-02-03,CL00860,Люберцы,186194,P0064,2.5,937.5,Завершен
IN32073,2020-02-03,CL00945,Королёв,196497,P0117,0.5,187.5,Завершен
IN10749,2020-02-03,CL00640,Королёв,174107,P0106,2.0,750.0,Завершен
IN14001,2020-02-03,CL00439,Подольск,166731,P0088,0.5,187.5,Завершен
IN64570,2020-02-04,CL01194,Реутов,102453,P0023,2.5,687.5,Завершен
IN93789,2020-02-04,CL01030,Королёв,134649,P0064,1.5,562.5,Завершен
IN51072,2020-02-04,CL01176,Красногорск,195451,P0052,2.5,937.5,Завершен
IN24900,2020-02-04,CL00269,Реутов,196835,P0037,1.0,275.0,Завершен
IN22465,2020-02-04,CL00533,Королёв,143642,P0089,2.5,937.5,Завершен
IN77814,2020-02-04,CL00591,Москва,143544,P0002,0.5,137.5,Завершен
IN38538,2020-02-04,CL00083,Мытищи,187012,P0099,1.5,562.5,Завершен
IN79942,2020-02-04,CL00236,Мытищи,170457,P0055,0.5,187.5,Завершен
IN40909,2020-02-04,CL00333,Красногорск,181006,P0076,5.0,1875.0,Завершен
IN51043,2020-02-05,CL00138,Химки,176225,P0075,0.5,187.5,Завершен
IN43179,2020-02-05,CL00121,Химки,190520,P0034,1.0,275.0,Завершен
IN65562,2020-02-05,CL01093,Москва,133792,P0100,1.0,375.0,Завершен
IN68744,2020-02-05,CL00165,Королёв,190266,P0115,2.0,750.0,Завершен
IN50755,2020-02-05,CL00459,Химки,164094,P0029,2.0,550.0,Завершен
IN35939,2020-02-05,CL01069,Люберцы,175713,P0006,5.0,1375.0,Завершен
IN96653,2020-02-05,CL00577,Мытищи,120214,P0042,3.0,825.0,Завершен
IN80157,2020-02-05,CL01104,Москва,170972,P0111,3.0,1125.0,Завершен
IN66657,2020-02-06,CL00801,Москва,156047,P0057,1.5,562.5,Завершен
IN18484,2020-02-06,CL00027,Реутов,128016,P0071,1.5,562.5,Завершен
IN97349,2020-02-06,CL01043,Химки,184837,P0040,2.0,550.0,Завершен
IN37180,2020-02-06,CL00826,Подольск,118855,P0059,2.5,937.5,Завершен
IN66937,2020-02-06,CL00999,Реутов,104039,P0052,2.5,937.5,Завершен
IN40662,2020-02-06,CL00438,Красногорск,144444,P0056,5.0,1875.0,Завершен
IN34285,2020-02-06,CL01057,Реутов,148546,P0027,2.5,687.5,Завершен
IN97899,2020-02-07,CL00203,Москва,130771,P0078,3.0,1125.0,Завершен
IN70217,2020-02-07,CL01043,Химки,184837,P0112,3.0,1125.0,Завершен
IN77629,2020-02-07,CL00804,Люберцы,162071,P0056,2.5,937.5,Завершен
IN15207,2020-02-07,CL00371,Люберцы,106265,P0005,0.5,137.5,Завершен
IN40441,2020-02-07,CL00264,Реутов,129949,P0095,1.5,562.5,Завершен
IN69848,2020-02-07,CL00529,Химки,143288,P0092,1.5,562.5,Завершен
IN20364,2020-02-07,CL00108,Реутов,186900,P0086,5.0,1875.0,Завершен
IN58131,2020-02-07,CL00185,Мытищи,120181,P0059,2.5,937.5,Завершен
IN20570,2020-02-07,CL00743,Москва,134100,P0094,2.5,937.5,Завершен
IN85837,2020-02-07,CL00088,Реутов,131979,P0104,3.0,1125.0,Завершен
IN20600,2020-02-07,CL00985,Королёв,185397,P0047,2.5,687.5,Завершен
IN64342,2020-02-08,CL00599,Королёв,127479,P0013,2.0,550.0,Завершен
IN41153,2020-02-08,CL00451,Реутов,190505,P0030,1.0,275.0,Завершен
IN52644,2020-02-08,CL00719,Мытищи,137002,P0108,2.5,937.5,Завершен
IN90070,2020-02-08,CL00275,Красногорск,148176,P0028,2.5,687.5,Завершен
IN82410,2020-02-08,CL00110,Подольск,149689,P0082,5.0,1875.0,Завершен
IN46425,2020-02-08,CL00592,Красногорск,156441,P0117,1.5,562.5,Завершен
IN58599,2020-02-08,CL00037,Москва,154948,P0039,3.0,825.0,Завершен
IN23214,2020-02-08,CL01145,Москва,146771,P0057,2.5,937.5,Завершен
IN75258,2020-02-09,CL00165,Королёв,190266,P0108,0.5,187.5,Завершен
IN98149,2020-02-09,CL00899,Москва,127222,P0104,1.5,562.5,Завершен
IN66215,2020-02-09,CL00150,Москва,162616,P0094,1.0,375.0,Завершен
IN56593,2020-02-09,CL00071,Красногорск,141114,P0088,1.0,375.0,Завершен
IN53932,2020-02-09,CL01042,Мытищи,162759,P0061,3.0,1125.0,Завершен
IN18504,2020-02-09,CL01135,Красногорск,138188,P0077,3.0,1125.0,Отказ
IN28659,2020-02-09,CL01084,Химки,196590,P0021,2.0,550.0,Завершен
IN27604,2020-02-09,CL00817,Химки,155492,P0028,1.0,275.0,Завершен
IN28222,2020-02-10,CL00838,Химки,106626,P0038,5.0,1375.0,Завершен
IN31132,2020-02-10,CL00290,Люберцы,115726,P0035,5.0,1375.0,Завершен
IN86197,2020-02-10,CL00775,Мытищи,147826,P0002,2.0,550.0,Завершен
IN75279,2020-02-10,CL00705,Москва,145443,P0113,2.0,750.0,Завершен
IN12452,2020-02-11,CL00766,Химки,150911,P0097,0.5,187.5,Завершен
IN49038,2020-02-11,CL00710,Москва,174302,P0002,1.0,275.0,Завершен
IN22147,2020-02-11,CL00046,Мытищи,117601,P0057,2.5,937.5,Завершен
IN15836,2020-02-11,CL00404,Королёв,167811,P0043,3.0,825.0,Отказ
IN63917,2020-02-12,CL00086,Москва,162277,P0107,1.0,375.0,Завершен
IN15896,2020-02-12,CL00447,Москва,134803,P0105,1.5,562.5,Отказ
IN61786,2020-02-12,CL00211,Королёв,160236,P0021,5.0,1375.0,Отказ
IN92445,2020-02-12,CL00680,Реутов,198717,P0091,0.5,187.5,Отказ
IN25985,2020-02-12,CL00206,Москва,107355,P0022,1.5,412.5,Завершен
IN53772,2020-02-12,CL00403,Подольск,184192,P0064,1.0,375.0,Завершен
IN49775,2020-02-12,CL00992,Химки,153429,P0002,3.0,825.0,Завершен
IN71912,2020-02-12,CL00009,Люберцы,179507,P0096,1.0,375.0,Отказ
IN29233,2020-02-12,CL01121,Королёв,123148,P0014,5.0,1375.0,Завершен
IN98999,2020-02-12,CL00907,Реутов,112451,P0086,3.0,1125.0,Завершен
IN56837,2020-02-12,CL01070,Реутов,186413,P0074,1.0,375.0,Завершен
IN96020,2020-02-13,CL00070,Люберцы,178193,P0095,2.5,937.5,Завершен
IN37929,2020-02-13,CL00201,Реутов,143065,P0036,0.5,137.5,Завершен
IN79865,2020-02-13,CL01105,Королёв,141342,P0009,2.5,687.5,Завершен
IN69830,2020-02-13,CL00061,Красногорск,153964,P0027,2.5,687.5,Завершен
IN51811,2020-02-14,CL00294,Реутов,110205,P0002,1.5,412.5,Завершен
IN35258,2020-02-14,CL00045,Москва,172692,P0050,2.5,687.5,Завершен
IN80691,2020-02-14,CL00796,Королёв,156534,P0113,2.5,937.5,Завершен
IN35849,2020-02-15,CL01024,Подольск,129269,P0031,0.5,137.5,Завершен
IN46582,2020-02-15,CL00205,Мытищи,190964,P0119,2.0,750.0,Завершен
IN55398,2020-02-15,CL00976,Подольск,166209,P0074,1.0,375.0,Отказ
IN55644,2020-02-15,CL00222,Люберцы,104373,P0111,1.5,562.5,Завершен
IN38710,2020-02-15,CL00447,Москва,134803,P0016,3.0,825.0,Завершен
IN47016,2020-02-15,CL00053,Подольск,172309,P0003,3.0,825.0,Завершен
IN87046,2020-02-16,CL00293,Мытищи,197260,P0029,5.0,1375.0,Завершен
IN27750,2020-02-16,CL00811,Мытищи,170968,P0106,1.0,375.0,Завершен
IN14100,2020-02-16,CL00376,Мытищи,123652,P0117,5.0,1875.0,Завершен
IN28328,2020-02-16,CL00864,Реутов,143426,P0003,3.0,825.0,Отказ
IN46337,2020-02-16,CL00650,Подольск,127082,P0013,3.0,825.0,Завершен
IN91074,2020-02-16,CL00305,Подольск,199642,P0008,0.5,137.5,Завершен
IN18919,2020-02-16,CL00831,Химки,197481,P0067,1.5,562.5,Завершен
IN48672,2020-02-16,CL00870,Реутов,159974,P0053,0.5,187.5,Завершен
IN68142,2020-02-16,CL00783,Москва,141709,P0097,2.0,750.0,Завершен
IN25397,2020-02-17,CL00426,Химки,120932,P0066,0.5,187.5,Завершен
IN11806,2020-02-17,CL00962,Красногорск,113432,P0087,2.5,937.5,Завершен
IN52768,2020-02-17,CL01154,Москва,138393,P0086,1.0,375.0,Завершен
IN47390,2020-02-17,CL00294,Реутов,110205,P0080,2.0,750.0,Завершен
IN13820,2020-02-17,CL00974,Люберцы,175061,P0056,3.0,1125.0,Завершен
IN50364,2020-02-17,CL00216,Химки,147049,P0051,2.0,750.0,Завершен
IN65462,2020-02-17,CL00963,Реутов,191242,P0055,5.0,1875.0,Завершен
IN90421,2020-02-17,CL00269,Реутов,196835,P0013,5.0,1375.0,Завершен
IN43602,2020-02-17,CL00775,Мытищи,147826,P0096,5.0,1875.0,Завершен
IN99039,2020-02-17,CL00387,Королёв,175225,P0025,2.5,687.5,Завершен
IN22221,2020-02-18,CL00624,Химки,192243,P0028,3.0,825.0,Завершен
IN47802,2020-02-18,CL00494,Реутов,161712,P0053,2.5,937.5,Завершен
IN20975,2020-02-18,CL00830,Люберцы,191250,P0014,1.0,275.0,Завершен
IN56828,2020-02-18,CL00368,Химки,141365,P0061,5.0,1875.0,Завершен
IN58704,2020-02-18,CL00528,Реутов,117575,P0029,3.0,825.0,Завершен
IN26344,2020-02-18,CL00784,Мытищи,118434,P0050,0.5,137.5,Завершен
IN87945,2020-02-18,CL00129,Красногорск,111359,P0087,1.0,375.0,Завершен
IN72210,2020-02-18,CL00458,Люберцы,139008,P0107,0.5,187.5,Завершен
IN45550,2020-02-18,CL01162,Королёв,181625,P0071,0.5,187.5,Отказ
IN70331,2020-02-18,CL00900,Красногорск,101671,P0010,1.0,275.0,Завершен
IN30258,2020-02-18,CL00459,Химки,164094,P0116,1.5,562.5,Завершен
IN99473,2020-02-18,CL00466,Люберцы,180698,P0035,1.5,412.5,Завершен
IN86422,2020-02-19,CL00600,Люберцы,109064,P0083,3.0,1125.0,Завершен
IN14331,2020-02-19,CL00970,Реутов,136583,P0103,1.0,375.0,Отказ
IN33138,2020-02-19,CL00470,Подольск,162350,P0104,1.5,562.5,Завершен
IN50539,2020-02-19,CL00449,Подольск,131745,P0116,0.5,187.5,Завершен
IN94037,2020-02-20,CL01184,Красногорск,199557,P0048,2.5,687.5,Завершен
IN79973,2020-02-20,CL00893,Подольск,189881,P0067,2.5,937.5,Завершен
IN90221,2020-02-20,CL00746,Москва,129135,P0083,0.5,187.5,Завершен
IN96102,2020-02-20,CL00464,Красногорск,185979,P0054,2.5,937.5,Завершен
IN33982,2020-02-20,CL00183,Подольск,101792,P0092,1.5,562.5,Завершен
IN35539,2020-02-20,CL01197,Люберцы,184004,P0008,5.0,1375.0,Завершен
IN87746,2020-02-20,CL00701,Люберцы,195677,P0027,1.5,412.5,Завершен
IN16397,2020-02-21,CL00684,Химки,113168,P0048,1.5,412.5,Завершен
IN84488,2020-02-21,CL00082,Королёв,196463,P0050,2.0,550.0,Отказ
IN27788,2020-02-21,CL00842,Красногорск,133903,P0113,2.5,937.5,Завершен
IN66936,2020-02-21,CL01166,Химки,101930,P0001,2.0,550.0,Завершен
IN98027,2020-02-21,CL01022,Реутов,127886,P0109,1.0,375.0,Завершен
IN57842,2020-02-21,CL00632,Мытищи,190890,P0003,2.0,550.0,Завершен
IN70638,2020-02-21,CL00805,Люберцы,161727,P0015,5.0,1375.0,Завершен
IN83880,2020-02-22,CL00768,Красногорск,103697,P0026,2.0,550.0,Отказ
IN27835,2020-02-22,CL00437,Мытищи,112672,P0104,1.0,375.0,Завершен
IN23651,2020-02-22,CL00864,Реутов,143426,P0067,1.5,562.5,Завершен
IN36383,2020-02-22,CL00936,Красногорск,114945,P0023,3.0,825.0,Завершен
IN17441,2020-02-22,CL00281,Реутов,120631,P0034,0.5,137.5,Завершен
IN17696,2020-02-22,CL00989,Мытищи,120152,P0025,1.0,275.0,Завершен
IN99181,2020-02-22,CL00563,Мытищи,105577,P0107,3.0,1125.0,Завершен
IN48947,2020-02-22,CL00709,Мытищи,166949,P0022,3.0,825.0,Завершен
IN88313,2020-02-22,CL00584,Реутов,111101,P0014,1.0,275.0,Завершен
IN47735,2020-02-23,CL00502,Москва,188181,P0069,3.0,1125.0,Завершен
IN96343,2020-02-23,CL00902,Подольск,167070,P0056,3.0,1125.0,Завершен
IN23955,2020-02-23,CL00761,Красногорск,123568,P0120,5.0,1875.0,Завершен
IN29014,2020-02-23,CL00188,Подольск,178561,P0085,2.5,937.5,Завершен
IN13102,2020-02-23,CL00872,Королёв,123176,P0115,3.0,1125.0,Завершен
IN37350,2020-02-23,CL00173,Мытищи,153523,P0083,1.0,375.0,Завершен
IN20586,2020-02-24,CL00484,Мытищи,118430,P0049,3.0,825.0,Завершен
IN40330,2020-02-24,CL00826,Подольск,118855,P0055,1.0,375.0,Завершен
IN26091,2020-02-24,CL00427,Красногорск,120885,P0119,2.5,937.5,Отказ
IN38445,2020-02-25,CL00688,Москва,186298,P0075,1.5,562.5,Завершен
IN93722,2020-02-25,CL01154,Москва,138393,P0057,5.0,1875.0,Завершен
IN27457,2020-02-25,CL00602,Люберцы,193747,P0100,2.0,750.0,Завершен
IN38304,2020-02-25,CL00478,Подольск,161344,P0115,3.0,1125.0,Завершен
IN85820,2020-02-25,CL01142,Мытищи,120352,P0110,2.5,937.5,Завершен
IN78409,2020-02-26,CL00964,Москва,150797,P0007,1.5,412.5,Завершен
IN84612,2020-02-26,CL00838,Химки,106626,P0083,2.0,750.0,Завершен
IN54992,2020-02-26,CL00007,Мытищи,109071,P0116,3.0,1125.0,Завершен
IN18950,2020-02-26,CL00515,Химки,113224,P0015,1.0,275.0,Завершен
IN72443,2020-02-26,CL00315,Королёв,174928,P0098,1.5,562.5,Завершен
IN68889,2020-02-27,CL01010,Красногорск,187988,P0017,5.0,1375.0,Завершен
IN39849,2020-02-27,CL00342,Мытищи,167621,P0052,5.0,1875.0,Завершен
IN90255,2020-02-27,CL00858,Химки,193502,P0024,0.5,137.5,Завершен
IN46065,2020-02-27,CL00041,Москва,173792,P0032,2.0,550.0,Завершен
IN77789,2020-02-27,CL00626,Красногорск,159972,P0058,0.5,187.5,Завершен
IN30959,2020-02-27,CL00826,Подольск,118855,P0097,1.5,562.5,Отказ
IN97797,2020-02-27,CL00848,Люберцы,149345,P0116,3.0,1125.0,Завершен
IN84741,2020-02-28,CL00658,Реутов,109898,P0072,3.0,1125.0,Завершен
IN27223,2020-02-28,CL01046,Москва,123597,P0015,2.0,550.0,Завершен
IN52972,2020-02-28,CL00134,Москва,125042,P0061,1.0,375.0,Завершен
IN91767,2020-02-28,CL00052,Красногорск,183507,P0008,5.0,1375.0,Завершен
IN55977,2020-02-28,CL00331,Химки,120308,P0013,2.5,687.5,Завершен
IN68389,2020-02-28,CL00108,Реутов,186900,P0028,0.5,137.5,Завершен
IN35913,2020-02-28,CL00350,Подольск,137601,P0108,5.0,1875.0,Завершен
IN82194,2020-02-28,CL00900,Красногорск,101671,P0044,1.0,275.0,Завершен
IN66878,2020-02-28,CL01147,Королёв,191438,P0012,2.5,687.5,Завершен
IN89299,2020-02-28,CL01144,Королёв,117206,P0090,5.0,1875.0,Отказ
IN61226,2020-02-29,CL00386,Подольск,148623,P0048,1.0,275.0,Завершен
IN98756,2020-02-29,CL00342,Мытищи,167621,P0031,2.0,550.0,Завершен
IN33328,2020-02-29,CL00168,Красногорск,103390,P0020,2.0,550.0,Завершен
IN54448,2020-02-29,CL00072,Мытищи,175574,P0028,2.5,687.5,Завершен
IN26363,2020-02-29,CL00860,Люберцы,186194,P0096,0.5,187.5,Завершен
IN27607,2020-02-29,CL00232,Химки,181205,P0087,1.5,562.5,Завершен
IN39617,2020-02-29,CL00667,Мытищи,120707,P0040,0.5,137.5,Завершен
IN96786,2020-02-29,CL00585,Подольск,122216,P0119,3.0,1125.0,Завершен
IN99388,2020-02-29,CL00926,Красногорск,136458,P0042,1.5,412.5,Завершен
IN62607,2020-02-29,CL01016,Люберцы,117603,P0010,3.0,825.0,Завершен
